stationcode,name,address,latitude,longitude,brand
972,United Petroleum Umina,"307-313 Ocean Beach Road, UMINA BEACH NSW 2257",-33.511231,151.318092,United
2051,United Petroleum Wilberforce,"539 Wilberforce Rd, WILBERFORCE NSW 2756",-33.56288,150.83842,United
2117,Toowoon Bay Service Station,"142 Bay Rd, TOOWOON BAY NSW 2261",-33.360126,151.497039,Ampol
2118,Metro Petroleum Oakflats,"80-82 Central Ave, OAK FLATS NSW 2529",-34.562617,150.819412,Metro Fuel
2122,Ampol Foodary Brunswick Heads R/H,"5 Tweed St, BRUNSWICK HEADS NSW 2483",-28.538168,153.548694,Ampol Foodary
2125,Ampol Foodary Lambton,"422 Newcastle Road, NORTH LAMBTON NSW 2299",-32.9095591,151.7109683,Ampol Foodary
2128,Ampol Nyngan,"39 Pangee St, NYNGAN NSW 2825",-31.560944,147.191497,Ampol
2129,EG Ampol West Ryde,"924 Victoria Rd, WEST RYDE NSW 2114",-33.810887,151.093485,EG Ampol
2135,TASCO Leeton Vance Rd,"44-46 Vance Rd, LEETON NSW 2705",-34.54381,146.387014,Ampol
2136,Transwest Fuels,"286 Manilla St, MANILLA NSW 2346",-30.7397134,150.7162884,Transwest Fuels
2137,Transwest Fuels,"2 Chelmsford St, KOOTINGAL NSW 2352",-31.0560489,151.0475884,Transwest Fuels
2141,Powerfuel,"101 Blaxcell St, GRANVILLE NSW 2142",-33.842551,151.010602,Powerfuel
2145,BP Eastern Creek T/S,"1 Wallgrove Rd, Eastern Creek NSW 2766",-33.81127,150.84995,BP
2153,BP Matraville,"585 Bunnerong Rd, MATRAVILLE NSW 2036",-33.963312,151.231804,BP
2155,7-Eleven Thornton,"1 Weakleys Dr, THORNTON NSW 2322",-32.7929856,151.6374608,7-Eleven
2159,Mountain Motors Walcha,"18n Derby St, WALCHA NSW 2354",-30.984604,151.593797,BP
2184,South Petrol,"48 Illawarra St, PORT KEMBLA NSW 2505",-34.48657,150.901734,Mobil
2193,CALTEX MUSWELLBROOK,"42-50 Sydney St, MUSWELLBROOK NSW 2333",-32.268367,150.886748,Caltex
2198,BP Berowra,"111 Berowra Waters Rd, BEROWRA HEIGHTS NSW 2082",-33.615454,151.141677,BP
2204,Ampol Foodary Concord,"87-89 Parramatta Rd, CONCORD NSW 2137",-33.867895,151.099444,Ampol Foodary
2219,Bendy Kates,"2a Francis Hollis Dr, TATHRA NSW 2550",-36.724103,149.977408,Independent
2221,BP Guildford,"257 Guildford Rd, GUILDFORD NSW 2161",-33.85437,150.988836,BP
2222,Shell Wyong,"140 Pacific Hwy, WYONG NSW 2259",-33.2821101,151.4256232,Shell
2223,Riverside Co,"203 Charlotte Bay St, CHARLOTTE BAY NSW 2428",-32.343233,152.51482,Metro Fuel
2224,Greenwell Point Service Centre,"85 Greenwell Point Rd, GREENWELL POINT NSW 2540",-34.907742,150.731929,Enhance
2225,Ampol Bombala Depot,"1 High Street, BOMBALA NSW 2632",-36.903943,149.2408217,Ampol
2226,Ampol Goulburn Depot,"13 Sloane St, Goulburn NSW 2580",-34.77423,149.70893,Ampol
2227,Ampol Bega Depot,"36 Lagoon Street, BEGA NSW 2550",-36.6685147,149.828596,Ampol
2228,Pearl Energy Greta,"122 High St, GRETA NSW 2334",-32.675933,151.387434,Pearl Energy
2229,BP Tenterfield,"69 Rouse St, TENTERFIELD NSW 2372",-29.064999,152.016886,BP
2230,Manildra Newsagency & Roadhouse,"2 Kiewa St, MANILDRA NSW 2865",-33.185679,148.687391,Independent
2232,7-Eleven Albion Park Rail,"47-57 Princess Highway, ALBION PARK RAIL NSW 2527",-34.552962,150.788927,7-Eleven
2242,Metro Petroleum Chester Hill,"172 Hector St, CHESTER HILL NSW 2162",-33.8889,151.005411,Metro Fuel
2241,Ampol Foodary Chinderah,"Tweed Valley Way, CHINDERAH NSW 2487",-28.256781,153.527876,Ampol Foodary
2240,BP Haberfield,"95-97 Ramsay St, HABERFIELD NSW 2045",-33.881623,151.140229,BP
2237,Rural Supplies Coolamon,"82 Cowabbie St, COOLAMON NSW 2701",-34.817305,147.200239,Rural Fuel
2245,Willawarrin General Store and Post Office,"44 Main St, WILLAWARRIN NSW 2440",-30.929073,152.627128,Independent
2247,EG Ampol Goulburn South,"Corner Hume Street And Ducks Lane, GOULBURN NSW 2580",-34.772187499,149.68992537,EG Ampol
2252,BP Silverwater,"Cnr Silverwater Road & Derby Street, SILVERWATER NSW 2128",-33.837648,151.046763,BP
2256,BK Cafe and Fuel,"70 Court St, MANILLA NSW 2346",-30.748218,150.724537,Caltex
2257,Lowes Petroleum Service,"4 Martin St, WILCANNIA NSW 2836",-31.562264,143.376225,Lowes
2259,BP Rose Bay Central,"777 New South Head Rd, ROSE BAY NSW 2029",-33.870581,151.268579,BP
2260,Ampol Cooma Truck Stop Polo Flat,"2 Geebung St, POLO FLAT NSW 2630",-36.224727,149.147857,Ampol
2262,Ampol Foodary Armidale,"142 Marsh St, ARMIDALE NSW 2350",-30.517087,151.667591,Ampol Foodary
2263,Ampol Foodary Wyoming,"465 Pacific Hwy, WYOMING NSW 2250",-33.409462,151.349979,Ampol Foodary
2265,Oasis Tuncurry,"186 The Lakes Way, TUNCURRY NSW 2428",-32.165452,152.493274,Independent
2268,Summers Oxley Vale Takeaway & Superette,"171 Manilla Rd, OXLEY VALE NSW 2340",-31.057689,150.895119,Transwest Fuels
2274,BP Wardell,"32 Fitzroy St, WARDELL NSW 2477",-28.95026,153.465738,BP
2277,Lawrence General & Liquor Store,"1 Richmond St, LAWRENCE NSW 2460",-29.499669,153.100149,BP
2280,Emmdale Roadhouse,"15891 Barrier Highway, COBAR NSW 2835",-31.653308,144.268416,Independent
2282,Townsend General Store,"1 Scullin St, TOWNSEND NSW 2463",-29.463879,153.217733,Independent
2283,EG Ampol Bateau Bay,"9 Bay Village Rd, BATEAU BAY NSW 2261",-33.373145,151.473789,EG Ampol
2286,7-Eleven Gateshead,"13-15 Pacific Highway, GATESHEAD NSW 2290",-32.987353,151.69179,7-Eleven
2292,Ampol Mittagong,"115 Main St, MITTAGONG NSW 2575",-34.450278,150.445145,Ampol
2299,Casino Roadhouse,"86 Johnston St, CASINO NSW 2470",-28.859588,153.05626,Liberty
2300,Reel (Taralga) Pty Ltd,"58 Bunnaby St, TARALGA NSW 2580",-34.405792,149.819043,Caltex
2302,Ampol Banksmeadow Diesel Stop,"1-3 Penrhyn Rd, BANKSMEADOW NSW 2019",-33.963415,151.215444,Ampol
2303,Ampol Dubbo North Diesel Stop,"Lot 51 Bourke St (newell Hwy) Cnr River St, DUBBO NORTH NSW 2830",-32.233601,148.611759,Ampol
2304,Access Fuels Ebor,"1 Ebor St, EBOR NSW 2453",-30.397839,152.352838,Independent
2305,Ampol Foodary Strathfield South,"600 Liverpool Rd, STRATHFIELD SOUTH NSW 2136",-33.888188,151.074621,Ampol Foodary
2306,BP Narellan,"271 Camden Valley Way, NARELLAN NSW 2567",-34.041804,150.730913,BP
2309,Snowy Valley Service Centre,"5332 Kosciuszko Rd, EAST JINDABYNE NSW 2627",-36.394047,148.65213,Metro Fuel
2311,Ampol Port Macquarie,"12-14 Bolwarra Rd, PORT MACQUARIE NSW 2444",-31.450165,152.885319,Ampol
2312,Ampol Foodary Cambridge Park,"Lot 6 Star Court, CAMBRIDGE PARK NSW 2747",-33.740603,150.71723,Ampol Foodary
2315,Coombes Transport,"28 PERRY ST, MENINDEE NSW 2879",-32.38857726,142.4145289,Ampol
2319,Metro Fuel Ulladulla,"74 Princess Highway, ULLADULLA NSW 2539",-35.350742,150.475984,Metro Fuel
2322,Ampol Foodary Werrington,"Dunheved Road, WERRINGTON NSW 2747",-33.745821,150.741051,Ampol Foodary
2324,Shell Oberon,"1 Horace St, OBERON NSW 2787",-33.698365,149.859187,Shell
2326,Sussex Inlet Service Station,"1 Jacobs Dr, SUSSEX INLET NSW 2540",-35.158315,150.584045,Independent
2331,BP Penshurst,"494 Forest Rd, PENSHURST NSW 2222",-33.96333,151.090139,BP
2336,Ampol Foodary Dural,"917-923 Old Northern Rd, DURAL NSW 2158",-33.68313,151.028749,Ampol Foodary
2337,Ampol Foodary Cherrybrook,"67 Shepherds Dr, CHERRYBROOK NSW 2126",-33.720696,151.045165,Ampol Foodary
2338,Ampol Foodary Ermington,"560-562 Victoria Road, ERMINGTON NSW 2115",-33.81396,151.054799,Ampol Foodary
2341,Pearl Energy Clarendon,"244 Hawkesbury Valley Way, CLARENDON NSW 2756",-33.60837,150.789218,Pearl Energy
2342,Ampol Foodary Revesby,"181 The River Rd, REVESBY NSW 2212",-33.955843,151.017295,Ampol Foodary
2346,Fuel Plus Harrington,"85 Beach St, HARRINGTON NSW 2427",-31.871649,152.682515,Independent
2347,Ampol Foodary Port Macquarie,"29 Lord St, PORT MACQUARIE NSW 2444",-31.433245,152.917056,Ampol Foodary
2349,Ampol Foodary Kensington,"211-213 Anzac Parade, KENSINGTON NSW 2033",-33.91465,151.225163,Ampol Foodary
2350,BOOST FUEL BARGO,"116-118 Railside Ave, BARGO NSW 2574",-34.292913,150.579983,Boost Fuel
2356,Ampol Foodary Lakemba,"516 Punchbowl Rd, LAKEMBA NSW 2195",-33.911622,151.073203,Ampol Foodary
2359,MOBIL YENDA ROADHOUSE,"30-32 Mirrool Ave, YENDA NSW 2681",-34.249503,146.198155,Mobil
2360,United Bulahdelah,"9999 Pacific Hwy, BULAHDELAH NSW 2423",-32.386103,152.228612,United
2362,Ampol Foodary Carlingford,"131 Pennant Hills Rd, CARLINGFORD NSW 2118",-33.787648,151.027913,Ampol Foodary
2363,Metro Tuggerah,"150 Pacific Hwy, TUGGERAH NSW 2259",-33.300491,151.420879,Metro Fuel
2364,Ampol Foodary Kellyville,"3-5 Windsor Rd, KELLYVILLE NSW 2155",-33.714327,150.960633,Ampol Foodary
2366,Invergowrie General Store,"Invergowrie Store 171 Invergowrie Rd, INVERGOWRIE NSW 2350",-30.519704,151.528389,Independent
2368,Ampol Foodary Rutherford,"134-138 New England Highway, RUTHERFORD NSW 2320",-32.720367,151.538027,Ampol Foodary
2372,Metro Warners Bay,"1 Warners Bay Rd, WARNERS BAY NSW 2282",-32.981744,151.646174,Metro Fuel
2374,Ampol Foodary Granville,"144 Parramatta Rd, GRANVILLE NSW 2142",-33.830266,151.010762,Ampol Foodary
2376,Ampol Denman,"8 Ogilvie St, DENMAN NSW 2328",-32.389648,150.689138,Ampol
2382,Ampol Foodary Belmont North,"406 Pacific Hwy, BELMONT NORTH NSW 2280",-33.024759,151.662385,Ampol Foodary
2378,Ampol Foodary Muswellbrook,"84-86 Maitland St, MUSWELLBROOK NSW 2333",-32.277957,150.897954,Ampol Foodary
2380,Liberty Broadwater,"7-9 Pacific Hwy, BROADWATER NSW 2472",-29.019977,153.423829,Liberty
2381,Ampol Foodary Armidale Girraween,"6-8 Queen Elizabeth Dr, ARMIDALE NSW 2350",-30.503375,151.651003,Ampol Foodary
2383,Ampol Foodary Kingsgrove,"351-357 Stoney Creek, KINGSGROVE NSW 2208",-33.951446,151.092424,Ampol Foodary
2386,Ampol Foodary Charlestown,"81 Pacific Hwy, CHARLESTOWN NSW 2290",-32.967285,151.695368,Ampol Foodary
2391,Ampol Foodary Rosebery,"321 Gardeners Rd, ROSEBERY NSW 2018",-33.922956,151.205899,Ampol Foodary
2393,Pearl Energy Cessnock,"102 Wollombi Rd, CESSNOCK NSW 2325",-32.83837,151.343653,Pearl Energy
2394,Metro Glossodia,"450 Creek Ridge Road, GLOSSODIA NSW 2756",-33.545745,150.794615,Metro Fuel
2398,BP Wilton,"1109 Argyle St, WILTON NSW 2571",-34.24056,150.699023,BP
2399,BP Young Roadhouse,"Young Roadhouse 4623 Olympic Hwy, YOUNG NSW 2594",-34.337558,148.282473,BP
2401,BP Ingleburn,"Cnr Williamson & McDonald Road, INGLEBURN NSW 2565",-33.988541,150.859532,BP
2402,7-Eleven Revesby South,"102 Milperra Rd, REVESBY NSW 2212",-33.935593,151.009208,7-Eleven
2403,Ampol Foodary Manly,"86 Pittwater Rd, MANLY NSW 2095",-33.793069,151.285802,Ampol Foodary
2404,Ampol Foodary Brookvale,"740-742 Pittwater Rd, BROOKVALE NSW 2100",-33.761424,151.274598,Ampol Foodary
2405,U-Go Lake Munmorah (self-serve),"1135 Pacific Highway, LAKE MUNMORAH NSW 2259",-33.186409,151.552225,U-Go
2416,Hillston Hardware Mobil Service Station,"8 Grattan St, HILLSTON NSW 2675",-33.488033,145.533114,Mobil
2417,Metro Tamworth,"360 Armidale Rd, EAST TAMWORTH NSW 2340",-31.114077,150.961366,Metro Fuel
2421,Ampol Foodary Lightning Ridge,"Cnr Onyx St, LIGHTNING RIDGE NSW 2834",-29.429312,147.974698,Ampol Foodary
2422,Ampol Foodary Moree,"54 Alice St, MOREE NSW 2400",-29.471495,149.84344,Ampol Foodary
2425,White Cliffs Outback Store Pty Ltd,"Cnr Keraro Rd & Johnston St, WHITE CLIFFS NSW 2836",-31.0204002,143.0403618,Mobil
2426,Tibooburra Food & Fuel,"49 Briscoe St, TIBOOBURRA NSW 2880",-29.43,142.0111,Independent
2427,Pacific Fuel Solutions,"11 Hanlon Street, PARKES NSW 2870",-33.154183,148.159711,Mobil
2430,Costco Marsden Park (Members only),"10 Langford Drive, MARSDEN PARK NSW 2765",-33.722985,150.840858,Costco
2432,Guyra Fourways Service Centre,"87-89 Bradley St, GUYRA NSW 2365",-30.217283,151.672271,Liberty
2434,Packsaddle Roadhouse,"Packsaddle Roadhouse 17242 Silver City Hwy, PACKSADDLE NSW 2880",-30.610225,141.96671,Independent
2436,Ampol Foodary Waitara,"59-61 Pacific Highway, WAITARA NSW 2077",-33.710531,151.102447,Ampol Foodary
2439,United Terrey HILLS,"43 Booralie Rd, TERREY HILLS NSW 2084",-33.680181,151.225022,United
2440,Ampol Foodary Randwick,"2 Alison Rd, RANDWICK NSW 2031",-33.906604,151.232031,Ampol Foodary
2441,Mobil Five Ways Servo Tumut,"3 Blowering Rd, TUMUT NSW 2720",-35.311298,148.23069,Mobil
2442,Ampol Foodary Wentworthville,"313 Great Western Hwy, SOUTH WENTWORTHVILLE NSW 2145",-33.816223,150.971793,Ampol Foodary
2444,Metro Petroleum Goulburn,"62-68 Clinton Street, GOULBURN NSW 2580",-34.757136,149.714125,Metro Fuel
2447,Stewarts Garage,"60 Bombala Street, DELEGATE NSW 2633",-37.044002,148.939835,Caltex
2448,BP Nambucca T/C,"2 Corkwood Rd, VALLA NSW 2448",-30.627211,152.972277,BP
2452,Metro Yagoona,"585 Hume Hwy, YAGOONA NSW 2199",-33.906106,151.014058,Metro Fuel
2453,United Tenterfield,"94 Rouse St, TENTERFIELD NSW 2372",-29.06241,152.017206,United
2459,Ampol Foodary Forresters Beach,"The Entrance, FORRESTERS BEACH NSW 2260",-33.40061,151.468836,Ampol Foodary
2460,Metro Petroleum Belmore,"442 Punchbowl Rd, BELMORE NSW 2192",-33.907933,151.076962,Metro Fuel
2461,Metro Petroleum Cootamundra,"111 Sutton St, COOTAMUNDRA NSW 2590",-34.644482,148.024038,Metro Fuel
2462,Metro Petroleum Heatherbrae,"206 Adelaide Street, HEATHERBRAE NSW 2324",-32.780587,151.737605,Metro Fuel
2463,Ampol Foodary Penrith,"2 Lugard St, PENRITH NSW 2750",-33.734363,150.693335,Ampol Foodary
2464,BP Termeil,"1600 Princes Hwy, TERMEIL NSW 2539",-35.4857525,150.3381923,BP
2467,Ampol Tahmoor,"2900 REMEMBRANCE DVWY, BARGO NSW 2574",-34.24456118,150.57791151,Ampol
2465,U-Go Carlingford Court (Self- serve),"797 Pennant Hills Road, CARLINGFORD NSW 2118",-33.775823,151.051729,U-Go
2471,Ampol Rutherford Diesel Stop,"83 Mustang Dr, RUTHERFORD NSW 2320",-32.704828,151.498701,Ampol
2472,Ampol Foodary Tempe,"775 Princes Hwy, TEMPE NSW 2044",-33.925315,151.160059,Ampol Foodary
2473,Mobil Muswellbrook,"49-51 Maitland St, MUSWELLBROOK NSW 2333",-32.2721887,150.8900116,Mobil
2475,Metro Petroleum Bellbird,"380 Wollombi Rd, BELLBIRD NSW 2325",-32.854173,151.32464041349,Metro Fuel
2478,Ampol Foodary Beacon Hill,"176 Warringah Rd, BEACON HILL NSW 2100",-33.753807,151.2602299,Ampol Foodary
2480,Liberty Moruya,"5 Princes Hwy, MORUYA NSW 2537",-35.90459,150.081623,Liberty
2489,Shell Reddy  Express North Richmond,"75-78 Bells Line Of Road, NORTH RICHMOND NSW 2754",-33.577734,150.718917,Reddy Express
2481,Eungai Rail Petrol & Diesel,"8 Station St, EUNGAI RAIL NSW 2441",-30.850821,152.9016,Independent
2492,AP Punchbowl,"Cnr Dudley St & Punchbowl Rd, PUNCHBOWL NSW 2196",-33.923055,151.058896,Independent
2496,Speedway Mt Pritchard,"348 Elizabeth Dr, MOUNT PRITCHARD NSW 2170",-33.903154,150.896383,Speedway
2497,Shell Goonellabah,"753 Ballina Road, GOONELLABAH NSW 2480",-28.8133873,153.3391471,Shell
2498,Shell Wollongbar,"1185 Bruxner Hwy, WOLLONGBAR NSW 2477",-28.815548,153.403428,Shell
2499,SHELL WINGHAM SERVO,"24 Murray Road, WINGHAM NSW 2429",-31.8686868,152.3620177,Shell
2500,7-Eleven Kanwal,"207-209 Wallarah Rd, KANWAL NSW 2259",-33.2528645,151.4931737,7-Eleven
2502,Andys Garage Bray Park,"46-48 Kyogle Rd, BRAY PARK NSW 2484",-28.340999,153.374884,Independent
2503,BP Ulladulla,"153 Princess Highway, ULLADULLA NSW 2539",-35.362843,150.47273,BP
2603,Ampol Foodary Hamilton,"59-63 Tudor Street, HAMILTON NSW 2303",-32.924642,151.751357,Ampol Foodary
2605,U-Go Rozelle (Self - Serve),"121 Victoria Rd, ROZELLE NSW 2039",-33.862552,151.168475,U-Go
2606,Ampol Foodary Salt Ash,"2893 Nelson Bay Rd, SALT ASH NSW 2318",-32.786649,151.933639,Ampol Foodary
2608,Ampol Foodary Thornleigh,"200-202 Pennant Hills Road, THORNLEIGH NSW 2120",-33.7266,151.08363,Ampol Foodary
2610,Norris Park IGA - MOGAS,"545 Union Rd, NORTH ALBURY NSW 2640",-36.051254,146.921149,Independent
2611,Glen Artney Truck Repairs,"55-67 Armstrong St, WESTDALE NSW 2340",-31.075069,150.853261,Independent
2676,Ampol Foodary New Lambton,"148 Bridges Rd, NEW LAMBTON NSW 2305",-32.932783,151.713774,Ampol Foodary
2677,Black Stump Service Station,"119 Binnia St, COOLAH NSW 2843",-31.827424,149.715638,Shell
2679,Mobil Fuel North Haven,"Shop 1 531 Ocean Dr, NORTH HAVEN NSW 2443",-31.642115,152.810203,Mobil
2681,Ampol Cameron Park,"119 Stenhouse Dr, CAMERON PARK NSW 2285",-32.896448,151.597315,Ampol
2685,Ampol Foodary Berowra,"12-14 Berowra Waters Rd, BEROWRA NSW 2081",-33.623381,151.150554,Ampol Foodary
2687,Ampol Foodary North Richmond,"50 Bells Line of Road, NORTH RICHMOND NSW 2754",-33.579975,150.719994,Ampol Foodary
2690,Broke Village Store,"4 Wollombi St, BROKE NSW 2330",-32.750563,151.103588,Powerfuel
2693,Thora Store,"2656 Waterfall Way, THORA NSW 2454",-30.425036,152.778738,Independent
2694,Access Fuel,"10 Pacific St, CRESCENT HEAD NSW 2440",-31.189114,152.974344,Independent
2695,Mobil South Tamworth,"2 Kathleen St, SOUTH TAMWORTH NSW 2340",-31.103581,150.918599,Mobil
2696,BP Nowra,"Corner Princess Highway and Plunkett Street, NOWRA NSW 2541",-34.878761,150.604307,BP
2697,Ampol Foodary Swansea,"126 Pacific Hwy, SWANSEA NSW 2281",-33.088127,151.638255,Ampol Foodary
2707,Shell Reddy  Express Queanbeyan,"2 High Street, QUEANBEYAN EAST NSW 2620",-35.348513,149.243517,Reddy Express
2706,Ampol Foodary Narellan,"NARELLAN RD CNR MAXWELL PL, NARELLAN NSW 2567",-34.039712,150.743271,Ampol Foodary
2710,Metco Merimbula,"Cnr of Arthur Kaine Drive and Dunns Lane, MERIMBULA NSW 2548",-36.896457,149.910851,Independent
2711,BP Silverwater South,"51 Egerton St, SILVERWATER NSW 2128",-33.8363055,151.0478898,BP
2713,Ampol Foodary Punchbowl,"1285-1289 Canterbury Rd, PUNCHBOWL NSW 2196",-33.9314597,151.0596341,Ampol Foodary
2714,Speedway Cammeray,"330 Miller St, CAMMERAY NSW 2062",-33.8287134,151.2088097,Speedway
2715,Pearl Energy Wyong North,"6b 1-10 Amy Close, WYONG NSW 2259",-33.26793,151.43546,Pearl Energy
2716,Liberty Foodmart,"54 Ballina Rd, LISMORE NSW 2480",-28.8140206,153.2799107,Liberty
2875,7-Eleven Marsden Park,"861 Richmond Road, MARSDEN PARK NSW 2765",-33.718692,150.846004,7-Eleven
8282,Speedway South Granville,"171 Clyde St, SOUTH GRANVILLE NSW 2142",-33.8474647,151.0129202,Speedway
8398,Ampol Foodary Murwillumbah,"1-7 Buchanan St, SOUTH MURWILLUMBAH NSW 2484",-28.3268979,153.4093121,Ampol Foodary
9777,Boland Petroleum,"101 Gosport St, MOREE NSW 2400",-29.476258,149.8475,Ampol
9792,Boland Petroleum,"1-5 James St, NARRABRI NSW 2390",-30.3296288,149.7936588,Ampol
14081,Independent SCONE,"236 Kelly St, SCONE NSW 2337",-32.0550787,150.8693514,Independent
16874,BP Riverstone,"196 Riverstone Pde, RIVERSTONE NSW 2765",-33.6648441,150.8551245,BP
16879,Paterson Service Station,"26 King St, King Street, Paterson NSW 2421",-32.598801,151.617956,Independent
16882,Tabourie Tuckerbox,"70 Princess Highway, LAKE TABOURIE NSW 2539",-35.434948,150.403262,Independent
16884,Independent Berridale,"68 Jindabyne Rd, BERRIDALE NSW 2628",-36.3654151,148.8270027,Independent
16887,U-Go Taren Point,"114 Taren Point Rd, TAREN POINT NSW 2229",-34.0206558,151.1218918,U-Go
16888,Billabong Takeaway & LPO,"5 Forbes Street, YEOVAL NSW 2868",-32.7537301,148.6479241,Independent
16890,Ampol Foodary Gilgandra,"6425 Newell Hwy, GILGANDRA NSW 2827",-31.7254443,148.6527967,Ampol Foodary
16896,Lowes Petroleum Service,"13 Midkin St, GARAH NSW 2405",-29.0739201,149.6336136,Lowes
16898,Ampol Foodary Mudgee,"114-118 Church St, MUDGEE NSW 2850",-32.5942803,149.5876199,Ampol Foodary
16899,Transwest Fuels,"50e Fitzroy St, WALCHA NSW 2354",-30.9860216,151.5961045,Transwest Fuels
16900,TASCO Wentworth,"17 Sandwych St, WENTWORTH NSW 2648",-34.1067925,141.917973,Ampol
16904,Enhance Lithgow,"151 Mort St, LITHGOW NSW 2790",-33.4809941,150.1630228,Enhance
16905,Mobil Nowra,"215 Kinghorne St, NOWRA NSW 2541",-34.8907243,150.6012047,Mobil
16907,Ampol Foodary Coogee South,"169-173 Malabar Rd, SOUTH COOGEE NSW 2034",-33.9323319,151.2574379,Ampol Foodary
16908,Ampol Foodary Merrylands,"150 Woodville Rd, MERRYLANDS NSW 2160",-33.838025,150.99969,Ampol Foodary
16909,Ampol Foodary Alexandria,"133 Wyndham Street, ALEXANDRIA NSW 2015",-33.902032,151.200054,Ampol Foodary
16911,Ampol Foodary Kooringal,"265-267 Lake Albert Rd, KOORINGAL NSW 2650",-35.1407736,147.3755366,Ampol Foodary
16914,Ampol Foodary Wagga Wagga,"56 Docker St, WAGGA WAGGA NSW 2650",-35.1173827,147.3558074,Ampol Foodary
16913,Ampol Foodary Gumly Gumly,"Caltex 3723 Hwy, GUMLY GUMLY NSW 2652",-35.136094,147.442429,Ampol Foodary
16915,Ampol Foodary Lansvale,"141-151 Hume Highway Cnr Chadderton St, LANSVALE NSW 2166",-33.894328,150.957208,Ampol Foodary
16916,Ampol Foodary Cabramatta,"166 John St, CABRAMATTA NSW 2166",-33.8942945,150.9280257,Ampol Foodary
16917,7- Eleven Towradgi,"162-166 Pioneer Rd, TOWRADGI NSW 2518",-34.3841162,150.9064844,7-Eleven
16919,Ampol Foodary Moonbi,"16-18 Gill St, MOONBI NSW 2353",-31.0230276,151.0699263,Ampol Foodary
16921,Ampol Foodary Tamworth Orana,"21 White St Cnr Marius St, Tamworth NSW 2350",-31.092552,150.9342661,Ampol Foodary
16924,Budget Petrol Chippendale,"66-70 Regent Street, CHIPPENDALE NSW 2008",-33.8878,151.2017441,Budget
17087,Ampol Foodary Port Macquarie,"100 Hastings River Dr, PORT MACQUARIE NSW 2444",-31.4290224,152.8820097,Ampol Foodary
17105,Lowes Petroleum Service,"1 Mclennan Street, ARMIDALE NSW 2350",-30.511283,151.648329,Lowes
17106,7-Eleven Karabar,"2 Southqueen Pl, KARABAR NSW 2620",-35.371414,149.232741,7-Eleven
17109,BP Riverwood,"189-191 Belmore Rd, RIVERWOOD NSW 2210",-33.9556874,151.0511924,BP
17110,Baldwin Automotive,"631 McGowen St, BROKEN HILL NSW 2880",-31.9392219,141.4728025,Independent
17112,Astron Lidsdale,"1 Castlereagh Highway, LIDSDALE NSW 2790",-33.396585,150.083725,ASTRON
17115,Mobil Coolamon,"84 Cowabbie St, COOLAMON NSW 2701",-34.81678,147.200138,Mobil
17116,Mobil Narrandera,"74 Whitton St, NARRANDERA NSW 2700",-34.7413487,146.5557829,Mobil
17117,JONES PANELBEATING,"72 Bolaro St, DUNEDOO NSW 2844",-32.016523,149.3950546,Independent
17119,7-Eleven Camperdown,"198 Parramatta Rd, CAMPERDOWN NSW 2050",-33.886973,151.174134,7-Eleven
17120,7-Eleven McGraths Hill,"142 Windsor Rd, MCGRATHS HILL NSW 2756",-33.6168487,150.8341844,7-Eleven
17121,7-Eleven Paddington,"Cnr Oxford St & Greens Rd, PADDINGTON NSW 2021",-33.883242,151.220641,7-Eleven
17122,7-Eleven Woolooware,"192-198 The Kingsway, WOOLOOWARE NSW 2230",-34.046318,151.133545,7-Eleven
17123,7-Eleven Dapto,"125-127 Princes Hwy, DAPTO NSW 2530",-34.4987718,150.7914054,7-Eleven
17127,7-Eleven Sans Souci,"474-478 Rocky Point Rd, SANS SOUCI NSW 2219",-33.9908775,151.1333852,7-Eleven
17128,7-Eleven Prairewood,"485-487 Smithfield Road, PRAIRIEWOOD NSW 2176",-33.871082,150.902893,7-Eleven
17131,7-Eleven Lithgow,"1131 Great Western Hwy, LITHGOW NSW 2790",-33.479907,150.13677,7-Eleven
17129,7-Eleven Unanderra,"41-43 Princes Hwy, UNANDERRA NSW 2526",-34.4502906,150.8492676,7-Eleven
17130,7-Eleven Kelso,"64 Sydney Rd, KELSO NSW 2795",-33.4184184,149.6062343,7-Eleven
17132,7-Eleven Lurnea,"124 Hoxton Park Rd, LURNEA NSW 2170",-33.9271659,150.9026939,7-Eleven
17136,7-Eleven St Helens Park,"Corner Appin Road & Kellerman Drive St Helens Park, St Helens Park NSW 2560",-34.102063,150.802239,7-Eleven
17133,7-Eleven Edmondson Park,"1962 Camden Valley Way, EDMONDSON PARK NSW 2174",-33.95354,150.85638,7-Eleven
17134,7-Eleven Greenacre,"301 Hume Hwy, GREENACRE NSW 2190",-33.9052467,151.0418668,7-Eleven
17137,7-Eleven Newport,"307-311 Barrenjoey Rd, NEWPORT NSW 2106",-33.6563398,151.3182504,7-Eleven
17135,7-Eleven Charlestown,"271-273 Charlestown Rd, CHARLESTOWN NSW 2290",-32.9580218,151.689795,7-Eleven
17138,7-Eleven Edgeworth,"745 Main Rd, EDGEWORTH NSW 2285",-32.9235802,151.6212248,7-Eleven
17139,7-Eleven Baulkham Hills,"217-219 Seven Hills Rd, BAULKHAM HILLS NSW 2153",-33.7555124,150.963514,7-Eleven
17140,7-Eleven Moorebank,"98-102 Heathcote Rd, MOOREBANK NSW 2170",-33.9380819,150.9395525,7-Eleven
17142,7-Eleven Seven Hills,"151 Prospect Hwy, SEVEN HILLS NSW 2147",-33.7689361,150.9426804,7-Eleven
17141,7-Eleven Glendale,"397 Main Rd, CARDIFF NSW 2285",-32.9339267,151.6562059,7-Eleven
17143,7-Eleven Yagoona,"519 Hume Hwy, YAGOONA NSW 2199",-33.9076093,151.0207726,7-Eleven
17144,7-Eleven Tweed Heads Sth,"112 Minjungbal Dr, TWEED HEADS SOUTH NSW 2486",-28.2072162,153.5454298,7-Eleven
17145,7-Eleven Matraville,"515 Bunnerong Rd, MATRAVILLE NSW 2036",-33.9594352,151.231759,7-Eleven
17146,7-Eleven Five Dock,"231-235 Great North Road, Five Dock NSW 2046",-33.86491,151.130081,7-Eleven
17147,U-Go Baulkham Hills (Unmanned),"117 Seven Hills Rd, BAULKHAM HILLS NSW 2153",-33.7613952,150.9750732,U-Go
17148,7-Eleven Windsor,"12 Hawkesbury Valley Way, WINDSOR NSW 2756",-33.6118712,150.8122023,7-Eleven
17149,7-Eleven RIVERSTONE,"55 Garfield Rd E, RIVERSTONE NSW 2765",-33.67797,150.86344,7-Eleven
17151,Ampol Foodary Wetherill Park,"Cnr The Horsley Dr & Mcilwraith St, WETHERILL PARK NSW 2164",-33.852401,150.890413,Ampol Foodary
17154,Freedom Fuels Terranora,"2-14 Henry Lawson Dr, TERRANORA NSW 2486",-28.2398716,153.5016872,Independent
17162,Budget Petroleum Smithfield,"729 The Horsley Dr, SMITHFIELD NSW 2164",-33.8522655,150.9357342,Budget
17164,Ampol Foodary Unanderra,"86-98 Princes Hwy, UNANDERRA NSW 2526",-34.4541917,150.8451819,Ampol Foodary
17165,Ampol Foodary Rydalmere,"309 Victoria Rd, RYDALMERE NSW 2116",-33.8119597,151.0371167,Ampol Foodary
17230,Ampol Foodary Albion Park Rail,"31 Princess Highway, ALBION PARK RAIL NSW 2527",-34.551625,150.788036,Ampol Foodary
17231,Mobil,"62-64 Wamoon Ave, LEETON NSW 2705",-34.5510174,146.391217,Mobil
17232,Metro Willoughby,"599 Willoughby Rd, WILLOUGHBY NSW 2068",-33.803882,151.1997448,Metro Fuel
17235,Medco Kanahooka,"90-94 Lakeside Dr, KANAHOOKA NSW 2530",-34.501175,150.8145749,Independent
17236,Ampol Foodary Guildford,"636-644 Woodville Rd, OLD GUILDFORD NSW 2161",-33.8665036,150.9881451,Ampol Foodary
17239,Mobil Coonamble,"66 Aberford St, COONAMBLE NSW 2829",-30.9532115,148.3826157,Mobil
17240,Metro Fuel,"36-38 Lane Cove Rd, RYDE NSW 2112",-33.8075114,151.1086039,Metro Fuel
17241,Ampol Foodary Toronto,"147 St, TORONTO NSW 2283",-33.012861,151.592891,Ampol Foodary
17243,NRMA Fast Charger,"9 Murray Rose, SYDNEY OLYMPIC PARK NSW 2127",-33.8458976,151.0697681,NRMA
17244,Ampol Foodary Narrabri,"31 Dangar St, NARRABRI NSW 2390",-30.3298278,149.7756019,Ampol Foodary
17249,Ampol Foodary Erina,"155 The Entrance Rd, ERINA NSW 2250",-33.4382424,151.3793547,Ampol Foodary
17248,CULCAIRN TAKEAWAY & FUEL,"2883 Olympic Hwy, CULCAIRN NSW 2660",-35.6745404,147.0356198,Caltex
17253,Ampol Foodary Leumeah,"6 Rudd Rd, LEUMEAH NSW 2560",-34.0539873,150.829946,Ampol Foodary
17252,Ampol Foodary Moama,"73 Meninya St, MOAMA NSW 2731",-36.1081561,144.7528658,Ampol Foodary
17254,Ampol Foodary Coonabarabran,"85-87 John St, COONABARABRAN NSW 2357",-31.2723111,149.2771566,Ampol Foodary
17255,Ampol Foodary Heathcote Southbound,"1344 Princes Hwy, HEATHCOTE NSW 2233",-34.0884062,151.0072293,Ampol Foodary
17258,United Petroleum Junee,"126-130 Broadway St, JUNEE NSW 2663",-34.8681114,147.5834859,United
17259,Roger Moore Pty Ltd,"55 Hope St, WARIALDA NSW 2402",-29.5416033,150.5768741,Independent
17261,Hill & Co Metro Depot,"1 Braidwood Rd, GOULBURN NSW 2580",-34.7622896,149.7162897,Metro Fuel
17264,Delta Ag,"5 Harry Davies Dr, LOCKHART NSW 2656",-35.2280157,146.7266377,Independent
17266,Budget Petrol Sanctuary Point,"147 Larmer Ave, SANCTUARY POINT NSW 2540",-35.0993372,150.6329216,Budget
17269,Ampol Foodary Homebush,"334-336 Parramatta Rd, HOMEBUSH WEST NSW 2140",-33.8581667,151.0681389,Ampol Foodary
17268,Ampol Foodary Maryland,"41 Minmi Rd, WALLSEND NSW 2287",-32.889608,151.661916,Ampol Foodary
17270,Speedway Kent Road,"38 Kent Rd, NORTH RYDE NSW 2113",-33.7916867,151.1159807,Speedway
17273,Ampol Foodary Kingsford,"603-611 Anzac Pde, KINGSFORD NSW 2032",-33.934352,151.237114,Ampol Foodary
17274,Pearl Energy Williamtown,"1 Lavis Lane, WILLIAMTOWN NSW 2318",-32.8169385,151.8438871,Pearl Energy
17275,Liberty Tenterfield,"104 Rouse St, TENTERFIELD NSW 2372",-29.0615215,152.0173699,Liberty
17277,Ampol Foodary Charmhaven,"13-15 Pacific Hwy Cnr Costa Ave, CHARMHAVEN NSW 2263",-33.216355,151.509196,Ampol Foodary
17278,EG Ampol Silverwater,"154 Silverwater Rd, SILVERWATER NSW 2128",-33.8316714,151.0485448,EG Ampol
17279,EG Ampol Chipping Norton,"147 Newbridge Rd, CHIPPING NORTON NSW 2170",-33.9281332,150.9640102,EG Ampol
17282,Ampol Foodary Hazelbrook,"198-199 Great Western Hwy, HAZELBROOK NSW 2779",-33.7210678,150.452084,Ampol Foodary
17283,Nemingha PostOffice,"1049 Armidale Rd, NEMINGHA NSW 2340",-31.123864,150.990515,Transwest Fuels
17287,Ampol South Grafton,"60-64 Schwinghammer St, SOUTH GRAFTON NSW 2460",-29.7119008,152.9464277,Ampol
17288,Xpress fuels,"134 Brighton Ave, CAMPSIE NSW 2194",-33.9033733,151.1068754,Independent
17290,Ampol Foodary West Wyalong,"Mid West Highway, West Wyalong NSW 2671",-33.926481,147.244991,Ampol Foodary
17292,Metro Doyalson,"50 Pacific Hwy, DOYALSON NSW 2262",-33.1996747,151.5232505,Metro Fuel
17294,Ampol Foodary Woollahra,"116-118 Old South Head Rd, WOOLLAHRA NSW 2025",-33.8896117,151.2553819,Ampol Foodary
17297,U-Go Mount Colah,"603 Pacific Hwy, MOUNT COLAH NSW 2079",-33.6703805,151.1151924,U-Go
17300,EG Ampol Salamander Bay,"19 Bagnall Beach Road, SALAMANDER BAY NSW 2317",-32.734283,152.109418,EG Ampol
17301,Ampol Foodary Forster,"16-18 Lake St, FORSTER NSW 2428",-32.1830691,152.5162479,Ampol Foodary
17305,Ampol Foodary Barrack Heights,"332-336 Shellharbour Rd, BARRACK HEIGHTS NSW 2528",-34.5648919,150.8597784,Ampol Foodary
17306,Ampol South Albury,"609 Hovell St, SOUTH ALBURY NSW 2640",-36.0870453,146.9100188,Ampol
17310,Ampol Foodary St Ives North,"363 Mona Vale Road, ST IVES NORTH NSW 2075",-33.716381,151.173316,Ampol Foodary
17311,Oilplus Daroobalgie (Bulk Service Depot),"Lot 127 Lot 127 Back Yamma Rd, Daroobalgie NSW 2870",-33.32314,148.07285,Independent
17316,Woodham Petroleum Collarenebri,"36-40 Wilson St, COLLARENEBRI NSW 2833",-29.5439722,148.5763508,Woodham Petroleum
17313,Woodham Petroleum Hermidale,"Lot 1 Quanda St, HERMIDALE NSW 2831",-31.532819,146.730229,Woodham Petroleum
17314,Woodham Petroleum Byrock,"Mulga Creek Hotel Mitchell Hwy, BYROCK NSW 2831",-30.494869,146.320327,Woodham Petroleum
17315,Woodham Petroleum Coonamble,"5 Hooper Dr, COONAMBLE NSW 2829",-30.9438091,148.3749204,Woodham Petroleum
17317,7-Eleven Enmore,"22 Stanmore Street, Enmore NSW 2042",-33.898417,151.169933,7-Eleven
17320,Werrington South,"577 Great Western Hwy, WERRINGTON NSW 2747",-33.7673928,150.7568645,7-Eleven
17318,7-Eleven East Maitland,"35 Melbourne St, EAST MAITLAND NSW 2323",-32.7448089,151.5838575,7-Eleven
17319,7-Eleven Long Jetty,"475 The Entrance Rd, LONG JETTY NSW 2261",-33.3632592,151.4789107,7-Eleven
17321,Speedway Casula,"572-576 Hume Hwy, CASULA NSW 2170",-33.9508807,150.9045131,Speedway
17324,Jeff and rocks fuel and hardware,"38 Adam's Street, Wentworth NSW 2648",-34.107783,141.917818,BP
17322,U-Go Raymond Terrace (Unmanned),"136-138 Adelaide St, RAYMOND TERRACE NSW 2324",-32.7650378,151.7425266,U-Go
17323,Ampol Foodary Raymond Terrace North,"40 Richardson Rd, RAYMOND TERRACE NSW 2324",-32.7559909,151.7628529,Ampol Foodary
17327,7-Eleven Morisset,"133 Dora St, MORISSET NSW 2264",-33.1117963,151.4808387,7-Eleven
17329,Ampol Foodary Seven Hills,"38 Abbott Rd, SEVEN HILLS NSW 2147",-33.7669285,150.9548252,Ampol Foodary
17333,BP Kiama,"180 Manning St, KIAMA NSW 2533",-34.6824441,150.8483121,BP
17339,Ampol Foodary Woy Woy,"66 Memorial Ave, BLACKWALL NSW 2256",-33.5069925,151.331671,Ampol Foodary
17340,Ampol Foodary Kariong,"Lot 2 Langford Drive Cnr Mitchell Dr, KARIONG NSW 2250",-33.439373,151.293527,Ampol Foodary
17341,Randwick Petroleum,"88 Clovelly Rd, RANDWICK NSW 2031",-33.9091412,151.2486257,Independent
17344,Broulee Supermarket & Cellars,"23-25 Grant St, BROULEE NSW 2537",-35.8539562,150.1758532,Liberty
17345,BP Fairfield,"183 The Horsley Drive, FAIRFIELD EAST NSW 2165",-33.87784,150.966162,BP
17346,BP Leppington,"1389 Camden Valley Way, LEPPINGTON NSW 2179",-33.9703881,150.8124919,BP
17347,Ampol Village Grocer,"1413-1415 Elizabeth Dr, KEMPS CREEK NSW 2178",-33.8789556,150.7951152,Ampol
17348,Ampol Foodary Manly Vale,"236 Condamine Street, MANLY VALE NSW 2093",-33.784842,151.267268,Ampol Foodary
17349,Bp East Albury,"687 Drome St, EAST ALBURY NSW 2640",-36.0747972,146.947267,BP
17350,BP Hoxton Park Airfield,"505 Cowpasture Rd, LEN WATERS ESTATE NSW 2171",-33.918371,150.854054,BP
17351,Ultra Mogo,"33-35 Princes Highway, MOGO NSW 2536",-35.782159,150.142056,Ultra Petroleum
17352,IOR Nevertire (Self- Serve),"Gunningbar St &, Cremorne St, Nevertire NSW 2826",-31.8377876794001,147.722093030482,IOR Group
17356,Ampol Foodary Kyogle,"24-26 Summerland Way, KYOGLE NSW 2474",-28.6181058,153.0038475,Ampol Foodary
17357,MOBIL LAKE ALBERT,"53 Gregory Cres, LAKE ALBERT NSW 2650",-35.1667337,147.3821687,Mobil
17359,Ampol Foodary Cobar,"99 Barrier Hwy, COBAR NSW 2835",-31.496461,145.827497,Ampol Foodary
17360,Shell Southwest Rocks,"158-162 Gregory St, SOUTH WEST ROCKS NSW 2431",-30.8997236,153.0412954,Shell
17362,Ampol Foodary Croydon,"404-410 Liverpool Rd, CROYDON NSW 2132",-33.8884725,151.1157289,Ampol Foodary
17576,Ampol Foodary Edgeworth,"662 Main Rd, EDGEWORTH NSW 2285",-32.925586,151.627821,Ampol Foodary
17579,BP Thurgoona,"6 Diamond Drive, THURGOONA NSW 2640",-36.044179,146.9948,BP
17580,Pacific Fuel Solutions,"5 Canavan Dr, BERESFIELD NSW 2322",-32.8006392,151.6329248,Independent
17581,Ampol Foodary Five Dock,"Ramsay Rd & Fairlight Street, FIVE DOCK NSW 2046",-33.870023,151.130434,Ampol Foodary
17584,South West Fuel Cootamundra,"56 Yass Rd, COOTAMUNDRA NSW 2590",-34.6300444,148.0413526,South West
17586,Ampol Foodary Lismore Airport,"237 Union St, SOUTH LISMORE NSW 2480",-28.8205218,153.2648001,Ampol Foodary
17590,BP Coleambally,"12 Kingfisher Ave, COLEAMBALLY NSW 2707",-34.806483,145.8831002,BP
17593,Budget Carlton,"3 Railway Pde, KOGARAH NSW 2217",-33.9617137,151.1331812,Budget
17594,Shell Reddy Express Bomaderry,"271 Princes Hwy, BOMADERRY NSW 2541",-34.8400311,150.5939574,Reddy Express
17773,Shell Coila,"Coila Auto and Caravan Pk 3926 Princes Hwy, COILA NSW 2537",-36.0108206,150.1047665,Shell
17776,BP CLOVELLY,"33-37 Carrington Rd, RANDWICK NSW 2031",-33.9065066,151.2525812,BP
17777,Ampol Foodary Marsden Park,"875 Richmond Rd, MARSDEN PARK NSW 2765",-33.7161229,150.8457132,Ampol Foodary
17778,Shell Reddy Express Murwillumbah,"279-283 Tweed Valley Way, SOUTH MURWILLUMBAH NSW 2484",-28.3294089,153.402319,Reddy Express
17779,Bp woonona,"426 Princes Highway, WOONONA NSW 2517",-34.341625,150.905612,BP
17781,Ampol Foodary Dee Why,"793-797 Pittwater Rd, DEE WHY NSW 2099",-33.7456838,151.2920603,Ampol Foodary
17780,MOBIL MOSS VALE,"225 Argyle St, MOSS VALE NSW 2577",-34.5460848,150.3745822,Mobil
17782,Ampol Foodary Dubbo,"Cobra Street Cnr Brisbane Street, DUBBO NSW 2830",-32.253098,148.603148,Ampol Foodary
17792,BP Blackheath,"257-263 Great Western Hwy, BLACKHEATH NSW 2785",-33.6337911,150.2851752,BP
17793,Ampol Foodary Lismore,"136 Woodlark St, LISMORE NSW 2480",-28.8080812,153.2807559,Ampol Foodary
17799,United Petroleum Wyoming,"459 Pacific Hwy, WYOMING NSW 2250",-33.4103967,151.3477896,United
17802,Enhance,"44 Railway St, BOMADERRY NSW 2541",-34.8519365,150.6117038,Enhance
17806,Budget Petrol Lewisham,"204-208 New Canterbury Rd, LEWISHAM NSW 2049",-33.8970975,151.1490284,Budget
17807,Ultra Edgeworth,"780 Main Rd, EDGEWORTH NSW 2285",-32.9241812,151.6147633,Ultra Petroleum
17808,Metro Petroleum Narwee,"32 Bryant St, NARWEE NSW 2209",-33.9485538,151.0715124,Metro Fuel
17809,Reflections Holiday Parks,"State Recreation Area, 2373 Burrinjuck Road, BOOKHAM NSW 2582",-34.9751553,148.6248889,Independent
17810,CALTEX ALBURY,"2/ 997 Pemberton St, WEST ALBURY NSW 2640",-36.073577,146.891307,Caltex
17811,NORCO RURAL KYOGLE,"4 Willis St, KYOGLE NSW 2474",-28.62192,153.0003604,Lowes
17813,7-Eleven Emerald Hills,"7 Raby Rd, LEPPINGTON NSW 2179",-33.9953296,150.7897456,7-Eleven
17814,Reflections Holiday Parks,"Copeton Waters State Park, 3533 Copeton Dam Road, COPETON NSW 2360",-29.9199706,150.9386787,Independent
17816,Reflections Holiday Parks,"Glenbawn Road, GLENBAWN NSW 2337",-32.108281,150.990138,Independent
17821,Reflections Holiday Parks,"2453 GRABINE RD, BIGGA NSW 2583",-34.0166703,149.0842083,Independent
17817,Reflections Holiday Parks,"Reflections Holiday Parks Fashions Mount Road, MUMBIL NSW 2820",-32.687864,149.110951,Independent
17822,Reflections Holiday Parks,"2891 Reg Hailstone Way, Wyangala NSW 2808",-33.962982,148.95499,Independent
17823,Ultra St George's Basin,"1 St Georges Road, ST GEORGES BASIN NSW 2540",-35.0898483,150.5906667,Ultra Petroleum
17824,norco rural bowraville,"51 Carbin Street, Bowraville NSW 2449",-30.650938,152.857184,Independent
17827,Gresford Garage and Rural,"26 Durham Rd, EAST GRESFORD NSW 2311",-32.4276457,151.5508087,Independent
17828,Carey bay servo,"42 Ambrose Street, CAREY BAY NSW 2283",-33.022855,151.6051,Independent
17831,Ampol Foodary Lilli Pilli,"481 Port Hacking Road, LILLI PILLI NSW 2229",-34.052346,151.121541,Ampol Foodary
17834,U-Go East Maitland (Un-manned),"Newcastle St & William St, EAST MAITLAND NSW 2323",-32.748697,151.582952,U-Go
17836,Ampol Foodary Rutherford West,"387 New England Hwy, RUTHERFORD NSW 2320",-32.707904,151.507374,Ampol Foodary
17973,Ampol Foodary Wingham,"Cnr Isabella Street and Primrose Street, WINGHAM NSW 2429",-31.868026,152.371492,Ampol Foodary
17974,Caroona Store,"Post Office Residence 8 Boundary St, CAROONA NSW 2343",-31.4065199,150.4254653,Independent
17975,BP FOX HILLS,"152 Toongabbie Rd, GIRRAWEEN NSW 2145",-33.7956395,150.9390745,BP
17981,Ampol Foodary Moorebank,"216 Newbridge Rd, MOOREBANK NSW 2170",-33.9293153,150.9550957,Ampol Foodary
17984,Metro Kurmond and Newsagency,"583 Bells Line Of Road, Kurmond NSW 2757",-33.55094,150.682834,Metro Fuel
17985,Tasco Berrigan Chanter street,"155-165 Chanter St, BERRIGAN NSW 2712",-35.6557616,145.8015557,Ampol
17986,ACCESS FUELS TUNCURRY,"86 Manning St, TUNCURRY NSW 2428",-32.1743965,152.4985721,Independent
17987,Kulnura General Store,"Kulnura LPO 4 Greta Rd, KULNURA NSW 2250",-33.2249339,151.2226611,Metro Fuel
17991,Metro Wakeley,"72 Thorney Rd, FAIRFIELD WEST NSW 2165",-33.8736677,150.9241934,Metro Fuel
17993,Ampol Foodary Warners Bay,"55 King St, WARNERS BAY NSW 2282",-32.9742387,151.647608,Ampol Foodary
17992,BP Salt Ash,"Corner Richardson Road and Nelson Bay, SALT ASH NSW 2318",-32.788325,151.902234,BP
17994,Ampol Foodary Coffs Harbour,"399 Pacific Highway, Coffs Harbour NSW 2450",-30.320653,153.08738,Ampol Foodary
17995,Ampol Foodary Morisset,"5-11 Bvd, MORISSET NSW 2264",-33.116708,151.471173,Ampol Foodary
17997,Ampol Foodary Narrabeen,"1509-1511 Pittwater Road, NORTH NARRABEEN NSW 2101",-33.7046233,151.2969223,Ampol Foodary
17998,Enhance 24 Hour (Self-Service),"1 Old Port Road, PORT KEMBLA NSW 2505",-34.478216,150.902731,Enhance
17999,Ampol Berrigan,"160-162 Jerilderie Street, BERRIGAN NSW 2712",-35.6643908,145.8164423,Ampol
18000,BUDGET PETROL ASHFIELD,"22 Charlotte Street, ASHFIELD NSW 2131",-33.8864781,151.1253217,Budget
18001,Newmans Service Centre,"136-140 Adelaide Street, BLAYNEY NSW 2799",-33.5280818,149.2565522,Ampol
18003,Speedway Liverpool,"406 Macquarie Street, LIVERPOOL NSW 2170",-33.9281528,150.9190771,Speedway
18005,Ultra Manly,"209 Pittwater Road, Manly NSW 2095",-33.787346,151.284083,Ultra Petroleum
18007,U-Go Canley Heights (Un-manned),"280-282 Canley Vale Road, CANLEY HEIGHTS NSW 2166",-33.883924,150.924202,U-Go
18009,BOBBIN HEAD PETROL STATION,"313 Bobbin Head Road, NORTH TURRAMURRA NSW 2074",-33.7088474,151.1482707,Independent
18013,Ampol Foodary Albury North,"79 Union Road, NORTH ALBURY NSW 2640",-36.054966,146.9487601,Ampol Foodary
18018,Woodham Petroleum Barringun (Diesel stop),"BORDER GATE FARM 13698 MITCHELL HWY, BARRINGUN NSW 2810",-29.01015409,145.71284842,Woodham Petroleum
18060,shell cromer,"189 South Creek Road, CROMER NSW 2099",-33.7361527,151.2803635,Shell
18067,BP RANDWICK,"8-10 Perouse Road, RANDWICK NSW 2031",-33.91899,151.2421524,BP
18070,Metro Islington,"144 Maitland Road, ISLINGTON NSW 2296",-32.9151886,151.7480046,Metro Fuel
18073,NightOwl Shell Berkeley Vale,"1a Tumbi Creek Road, BERKELEY VALE NSW 2261",-33.361412,151.4440283,Shell
18076,Tinonee General Store,"53 Beecher Street, TINONEE NSW 2430",-31.9390053,152.4101653,Tinonee General Store
18079,Buronga IGA Express,"141 Sturt Hwy, BURONGA NSW 2739",-34.173813,142.192966,Shell
18083,Metro Sandgate,"61 Maitland Road, SANDGATE NSW 2304",-32.8731538,151.7120357,Metro Fuel
18084,DURI FUEL STATION,"68 Duri Road, TAMWORTH NSW 2340",-31.1083021,150.8997264,Independent
18086,BP Rockdale,"444 West Botany Street, ROCKDALE NSW 2216",-33.9599094,151.1457386,BP
18088,Fuel Canowindra,"43 Ferguson Street, CANOWINDRA NSW 2804",-33.562072,148.665825,Independent
18090,Ampol Foodary Brownsville,"342 Kanahooka Road, BROWNSVILLE NSW 2530",-34.4859351,150.8064561,Ampol Foodary
18092,BP St Marys (Forrester Road),"120-128 Forrester Road, ST MARYS NSW 2760",-33.755235,150.7752883,BP
18094,Lowes Petroleum Gunnedah OPT,"1 Law Close, GUNNEDAH NSW 2380",-30.9646489,150.2327987,Lowes
18097,Mobil Tamworth,"246 Goonoo Goonoo Road, SOUTH TAMWORTH NSW 2340",-31.1096184,150.9235708,Mobil
18098,Ampol Heatherbrae,"2283 Pacific Highway, 2283 Pacific Highway, HEATHERBRAE NSW 2324",-32.7879315,151.7270982,Ampol
18099,BP CONCORD,"20 Burwood Road, CONCORD NSW 2137",-33.8675406,151.1053024,BP
18101,Shell Tyndale (24/7 unmanned fuel),"4012 BIG RIVER WAY, TYNDALE NSW 2460",-29.5616228,153.1494197,Shell
18103,BP Balranald Roadhouse,94 Sturt Hwy BALRANALD NSW 2715,-34.66705,143.56526,BP
18108,Metro Punchbowl,"998 Punchbowl Road, PUNCHBOWL NSW 2196",-33.9322003,151.045319,Metro Fuel
18110,Ampol Foodary Yass,"228 Comur Street, YASS NSW 2582",-34.8442803,148.9139713,Ampol Foodary
18111,Metro Petroleum Fairy Meadow,"16 Princes Highway, FAIRY MEADOW NSW 2519",-34.3875256,150.8946836,Metro Fuel
18122,North Coast Petroleum Coffs Harbour,"15-17 O'Keefe Drive, COFFS HARBOUR NSW 2450",-30.317456,153.09889,Independent
18125,METRO PETROLEUM PERTHVILLE,"11-13 Vale Rd, PERTHVILLE NSW 2795",-33.48647,149.547025,Metro Fuel
18124,METRO SOUTH BATHURST,"45 Bant Street, SOUTH BATHURST NSW 2795",-33.4310006,149.5782802,Metro Fuel
18128,Tasco Deniliquin Ochtertyre St,"488 Ochtertyre St, DENILIQUIN NSW 2710",-35.530529,144.944922,Shell
18130,METRO HEDDON GRETA,"81-83 Main Road, HEDDON GRETA NSW 2321",-32.8053284,151.5070839,Metro Fuel
18131,Ampol Foodary Banora Point West,"Darlington Drive Corner Leisure Drive, BANORA POINT WEST NSW 2486",-28.21394,153.541772,Ampol Foodary
18132,Ampol Kelso,"19 Sydney Road, KELSO NSW 2795",-33.4190908,149.6024032,Ampol
18133,Mobil Singleton,"1 Bridgman Road, DUNOLLY NSW 2330",-32.5559481,151.1668972,Mobil
18135,BP ROADHOUSE WALLABADAH,"3055 New England Highway, WALLABADAH NSW 2343",-31.5506501,150.8268025,BP
18136,Thredbo Service Station,"51 Friday Drive, THREDBO NSW 2625",-36.5014751,148.3095967,BP
18140,Ampol Foodary Holbrook,"51 Albury St, HOLBROOK NSW 2644",-35.730609,147.308259,Ampol Foodary
18141,Gas to connect,"54c Fairfield Road, GUILDFORD WEST NSW 2161",-33.8472109,150.9623342,Independent
18143,Ampol Foodary Broken Hill,"73-87 Oxide Street, BROKEN HILL NSW 2880",-31.9553279,141.465852,Ampol Foodary
18145,MOBIL 1 CROOKWELL,"204 Goulburn Street, CROOKWELL NSW 2583",-34.4607687,149.474074,Mobil
18146,Supreme Petroleum Guildford,"210 Guildford Road, GUILDFORD NSW 2161",-33.8551791,150.9909269,Supreme Fuel
18148,Barooga General Store,"37 Vermont Street, BAROOGA NSW 3644",-35.9123873,145.6904804,BP
18149,Coopernook Service Station,"104 George Gibson Drive, COOPERNOOK NSW 2426",-31.8255143,152.6127061,Independent
18152,Ungarie Pines Motel and Service Station,"76 Wollongough Street, UNGARIE NSW 2669",-33.6386957,146.9713404,Independent
18153,BP Gumly Gumly,"1 Tasman Road, GUMLY GUMLY NSW 2652",-35.1263413,147.4220045,BP
18154,Enhance Marulan,"117-119 George Street, MARULAN NSW 2579",-34.708272,150.0100751,Enhance
18156,BP Manilla,"301-302 Tamworth Rd, Manilla NSW 2346",-30.7570521125818,150.729766889045,BP
18158,Ampol Foodary Goulburn,"68 Goldsmith Street, GOULBURN NSW 2580",-34.7505216,149.719228,Ampol Foodary
18159,BP North Orange,"5 Hanrahan Place, ORANGE NSW 2800",-33.2595953,149.1143421,BP
18160,Ampol Foodary Toormina,"2 Minorca Place, TOORMINA NSW 2452",-30.3522902,153.0906524,Ampol Foodary
18163,Independent Peakhurst,"114 Boundary Road, PEAKHURST NSW 2210",-33.9633195,151.0680491,Independent
18164,Prime Earlwood,"33 Wardell Road, EARLWOOD NSW 2206",-33.9159977,151.1335999,Prime
18165,Metro Figtree,"103 BELLEVUE RD, FIGTREE NSW 2525",-34.42787884,150.85390728,Metro Fuel
18168,Ampol Foodary Batemans Bay,"2 Princes Hwy Cnr Kings Hwy, BATEMANS BAY NSW 2536",-35.699916,150.182162,Ampol Foodary
18169,Metro Old Bar,"124 Old Bar Road, OLD BAR NSW 2430",-31.9668168,152.5746115,Metro Fuel
18170,Ampol Breeze Moruya,"80-84 Campbell Street, MORUYA NSW 2537",-35.912016,150.0823744,Ampol Breeze
18171,North Ryde Petroleum,"118 Coxs Rd, North Ryde NSW 2113",-33.80141,151.13036,Independent
18172,Metro Guildford,"2 Rawson Road, GUILDFORD NSW 2161",-33.8636594,151.0088717,Metro Fuel
18173,Transwest Fuels - CBD,"166 Marius Street, TAMWORTH NSW 2340",-31.0898478,150.932744,Transwest Fuels
18176,Powerfuel,"60 Hill Road, LURNEA NSW 2170",-33.9315519,150.8966421,Powerfuel
18179,Macquarie Valley Fuels,"4 Industry Avenue, NARROMINE NSW 2821",-32.2389062,148.2572727,Independent
18181,Ampol Foodary Woolooware,"100 Woolooware Road, WOOLOOWARE NSW 2230",-34.052747,151.1408431,Ampol Foodary
18182,Ampol Foodary Edmondson Park,"2072 Camden Valley Way, EDMONDSON PARK NSW 2174",-33.9566723,150.86491,Ampol Foodary
18183,Ampol Foodary Lake Haven,"1 Bannister Drive, LAKE HAVEN NSW 2263",-33.2433852,151.5065393,Ampol Foodary
18184,BP Quirindi,"4 Duke Street, QUIRINDI NSW 2343",-31.5244003,150.6782616,BP
18187,Nundle Fuel and cafe,"92 Jenkins Street, NUNDLE NSW 2340",-31.4595128,151.1287642,Independent
18188,7-Eleven Rutherford,"319 New England Highway, 319 New England Highway, RUTHERFORD NSW 2320",-32.7132095,151.5184387,7-Eleven
18189,BP Jerrys Plains,"23 Pagan Street, JERRYS PLAINS NSW 2330",-32.495982,150.908361,BP
18195,Shell Narooma,"16 Princes Highway, NAROOMA NSW 2546",-36.2133728,150.1233081,Shell
18198,Gilgai General Store,"9 Marsh Street, GILGAI NSW 2360",-29.853559,151.1167631,Liberty
18197,BILPIN PETROLEUM,"2742 Bells Line of Road, BILPIN NSW 2758",-33.5069237,150.4990128,Metro Fuel
18201,7-Eleven Greystanes,"601-605 Great Western Highway, GREYSTANES NSW 2145",-33.808609,150.9359412,7-Eleven
18202,Metro Milperra,"144 Beaconsfield Street, MILPERRA NSW 2214",-33.9422197,150.9981621,Metro Fuel
18204,Pearl Energy,"86-88 MacIntosh Street, FORSTER NSW 2428",-32.1907933,152.5154818,Pearl Energy
18207,Sunset Petroleum,"Shop 1 140-146 Windang Road, WINDANG NSW 2528",-34.5170031,150.8722039,Independent
18208,BP Grafton South,"1 Spring Street, SOUTH GRAFTON NSW 2460",-29.7062781,152.9421803,BP
18211,Ampol Ulladulla,"62 Deering Street, ULLADULLA NSW 2539",-35.3627524,150.4735855,Ampol
18212,AVOCA FUEL,"210 Avoca Drive, AVOCA BEACH NSW 2251",-33.4640502,151.430637,Independent
18213,Woodham Petroleum Carinda,"18 Colin Street, CARINDA NSW 2831",-30.462916,147.6905352,Woodham Petroleum
18216,Metro Bexley,"630 Forest Road, BEXLEY NSW 2207",-33.9594103,151.1177521,Metro Fuel
18218,EG Ampol Cranebrook,"&amp Laycock Drive, CRANEBROOK NSW 2749",-33.731281,150.706489,EG Ampol
18217,EG Ampol Lisarow,"900 Pacific Highway, LISAROW NSW 2250",-33.3839775,151.3632246,EG Ampol
18222,MOBIL BOOROWA,"63-65 Marsden Street, BOOROWA NSW 2586",-34.4414078,148.7162589,Mobil
18223,U-Go Moorebank Bridges Rd (Self- Serve),"2 Bridges Road, MOOREBANK NSW 2170",-33.9283719,150.9326836,U-Go
18226,Ampol Foodary Miller,"86 Cartwright Avenue, MILLER NSW 2168",-33.9187785,150.8827572,Ampol Foodary
18227,Ampol Foodary Queanbeyan,"84 MacQuoid Street, QUEANBEYAN EAST NSW 2620",-35.3490266,149.2443895,Ampol Foodary
18228,Ampol Foodary Queanbeyan,"1 Suraci Place, QUEANBEYAN WEST NSW 2620",-35.3637288,149.2068077,Ampol Foodary
18229,Ampol Foodary Dubbo Talmac,"119 Bourke Street, DUBBO NSW 2830",-32.243389,148.6091571,Ampol Foodary
18230,Yass Valley Servo,"44 Comur Street, YASS NSW 2582",-34.8404501,148.9102909,Independent
18231,METRO PETROLEUM CRESTWOOD,"64 Uriarra Road, CRESTWOOD NSW 2620",-35.3464699,149.2246277,Metro Fuel
18232,SPEEDWAY SACKVILLE STREET FAIRFIELD,"115 Sackville Street, FAIRFIELD NSW 2165",-33.8727231,150.9452203,Speedway
18234,GATESHEAD INDEPENDENT FUEL,"66-68 Oxford Street, GATESHEAD NSW 2290",-32.9783365,151.6835265,Independent
18236,Ampol Foodary Nabiac,"3964 Wallanbah Road, NABIAC NSW 2312",-32.0986553,152.3754461,Ampol Foodary
18238,Bewong Roadhouse,"2399 Princes Highway, BEWONG NSW 2540",-35.0856873,150.5332276,BP
18239,MOBIL SALAMANDER BAY,"15 Bagnall Beach Road, SALAMANDER BAY NSW 2317",-32.735267,152.1090326,Mobil
18240,Ampol Foodary Forbes,"22-36 Parkes Road, FORBES NSW 2871",-33.3702492,148.0183359,Ampol Foodary
18241,Metro Petroleum Liverpool CBD,"86 Castlereagh Street, LIVERPOOL NSW 2170",-33.9246585,150.9199832,Metro Fuel
18243,Ampol Foodary Dawson River,"1 Manning River Drive, CUNDLETOWN NSW 2430",-31.8930468,152.5060143,Ampol Foodary
18244,Pearl Energy Bathurst,"146 William Street, BATHURST NSW 2795",-33.420495,149.5776413,Pearl Energy
18245,Ultra Randwick,"345 Avoca Street, RANDWICK NSW 2031",-33.925341,151.2398191,Ultra Petroleum
18246,Ampol Foodary Dubbo Dulhunty,"60 Windsor Parade, DUBBO NSW 2830",-32.2545712,148.6318165,Ampol Foodary
18249,Ampol Foodary Crows Nest,"111-121 Falcon Street, CROWS NEST NSW 2065",-33.8286801,151.2060304,Ampol Foodary
18250,BP Ballina Travel Centre,"41 Bruxner Highway, WEST BALLINA NSW 2478",-28.8610674,153.5168821,BP
18251,7-Eleven Jerrabomberra,"2 Ferdinand Lane, JERRABOMBERRA NSW 2619",-35.3804741,149.1961773,7-Eleven
18253,Ampol Foodary St Ives,"164 Mona Vale Road, ST IVES NSW 2075",-33.7307318,151.157048,Ampol Foodary
18254,Ampol Foodary Mt Victoria,"36 Great Western Highway, MOUNT VICTORIA NSW 2786",-33.5842412,150.2462537,Ampol Foodary
18256,Bungwahl Fuel and Liquour,"2600 THE LAKES WAY, BUNGWAHL NSW 2423",-32.3872286,152.4446017,Independent
18257,Ampol Foodary Wamberal,"656-658 THE ENTRANCE ROAD, WAMBERAL NSW 2260",-33.4232503,151.4382155,Ampol Foodary
18258,7-Eleven Orange North,"68-74 MOLONG RD, ORANGE NSW 2800",-33.2696272,149.0822852,7-Eleven
18261,Shell Xroads Cranebrook,"1-21 CRANEBROOK RD, CRANEBROOK NSW 2749",-33.6892535,150.7267128,Shell
18264,Ampol Foodary Lane Cove West,"UNIT 1 237-245 BURNS BAY RD, LANE COVE WEST NSW 2066",-33.816452,151.1513941,Ampol Foodary
18268,Gloucester Tyres & Auto Centre,"89-91 CHURCH ST, GLOUCESTER NSW 2422",-32.00847472,151.95765445,Independent
18269,Enhance Willow Tree,"119 NEW ENGLAND HWY, WILLOW TREE NSW 2339",-31.6543159,150.7346426,Enhance
18271,Quaama General Store,"COBARGO ST, QUAAMA NSW 2550",-36.4620318,149.8690159,Independent
18272,Ampol Foodary Kirrawee,"487 Princess Hwy, Kirrawee NSW 2232",-34.029162,151.080854,Ampol Foodary
18275,Enhance Freshwater,"46 ALBERT ST, FRESHWATER NSW 2096",-33.77739497,151.28695239,Enhance
18277,Ampol Foodary Grafton,"179 PRINCE ST, GRAFTON NSW 2460",-29.6860015,152.9371089,Ampol Foodary
18278,The Woodville Store,"229 CLARENCE TOWN RD, WOODVILLE NSW 2321",-32.67611636,151.60968731,Independent
18280,Metro Fairfield 82,"82 HAMILTON RD, FAIRFIELD NSW 2165",-33.8729032,150.9499226,Metro Fuel
18283,Ampol Foodary Eden,"159 IMLAY ST, EDEN NSW 2551",-37.0632409,149.9044021,Ampol Foodary
18284,Ampol Foodary Merimbula,"19-25 MERIMBULA DR, MERIMBULA NSW 2548",-36.8875785,149.9089176,Ampol Foodary
18285,Ampol Foodary Coogee,"146-148 COOGEE BAY RD, COOGEE NSW 2034",-33.9198931,151.2517479,Ampol Foodary
18286,Metro Petroleum Epping,"30 BRIDGE ST, EPPING NSW 2121",-33.7748061,151.0797363,Metro Fuel
18287,Metro Petroleum Keiraville,"270 GIPPS RD, KEIRAVILLE NSW 2500",-34.414752,150.87512599,Metro Fuel
18288,Ampol Moama Diesel Stop,"21 NEIL ST, MOAMA NSW 2731",-36.0787252,144.7489637,Ampol
18289,Metro Petroleum Faulconbridge,"690A GREAT WESTERN HWY, FAULCONBRIDGE NSW 2776",-33.7065977,150.5266254,Metro Fuel
18290,SPEEDWAY AUSTRAL,"394 FIFTEENTH AV, AUSTRAL NSW 2179",-33.9194838,150.8142143,Speedway
18292,Ampol Foodary Kemps Creek,"1163-1167 MAMRE RD, KEMPS CREEK NSW 2178",-33.8705247,150.7952344,Ampol Foodary
18293,Ampol Denham Court,"194 CAMPBELLTOWN RD, DENHAM COURT NSW 2565",-33.9994594,150.8418505,Ampol
18294,Ampol Foodary Bondi North,"321 OLD SOUTH HEAD RD, NORTH BONDI NSW 2026",-33.8847266,151.2684754,Ampol Foodary
18295,Ampol Iluka,"42 SPENSER ST, ILUKA NSW 2466",-29.405139,153.3497887,Ampol
18296,BP South Hurstville,"63 CONNELLS POINT RD, SOUTH HURSTVILLE NSW 2221",-33.9779803,151.103984,BP
18297,Metro Petroleum Appin,"34 APPIN RD, APPIN NSW 2560",-34.2037991,150.78666117,Metro Fuel
18298,Ampol Breeze Bombala,"159-161 MAYBE ST, BOMBALA NSW 2632",-36.91240258,149.23745769,Ampol Breeze
18299,Cooranbong Petroleum,"435 FREEMANS DR, COORANBONG NSW 2265",-33.0882903,151.4501163,Independent
18302,Shell Reddy  Express St Marys,"61-63 CHRISTIE ST, ST MARYS NSW 2760",-33.7474573,150.7673159,Reddy Express
18303,Ampol Foodary Gunnedah,"21 ABBOTT ST, GUNNEDAH NSW 2380",-30.9802088,150.2561853,Ampol Foodary
18304,Metro Petroleum Kurri Kurri Northcote,"47-49 NORTHCOTE ST, KURRI KURRI NSW 2327",-32.8111804,151.4793138,Metro Fuel
18307,7-Eleven Singleton,"1 MAITLAND RD, SINGLETON NSW 2330",-32.5693882,151.1799666,7-Eleven
18306,Shell Reddy Express Beresfield,"93 WEAKLEYS DR, BERESFIELD NSW 2322",-32.80102,151.63511,Reddy Express
18308,DENI PETROLEUM,"90 DAVIDSON ST, DENILIQUIN NSW 2710",-35.5266679,144.975378,Independent
18310,Mobil Appin,"136 APPIN RD, APPIN NSW 2560",-34.1951669,150.7899791,Mobil
18311,U-Go Yamba (Self- serve),"22 TREELANDS DR, YAMBA NSW 2464",-29.42700427,153.32792213,U-Go
18312,South Kempsey Local Servo,"22 CARRI ST, SOUTH KEMPSEY NSW 2440",-31.0914628,152.8369875,Liberty
18313,Pearl Energy Mittagong Bowral Rd,"65 BOWRAL RD, MITTAGONG NSW 2575",-34.4524291,150.4380813,Pearl Energy
18314,BP Oberon Truckstop,"24 ALBION ST, OBERON NSW 2787",-33.6987458,149.8599695,BP
18317,Ampol Foodary Pheasants Nest South Bound ,"Lot 12, South Western Freeway, Pheasants Nest NSW 2574",-34.282907,150.639027,Ampol Foodary
18318,Ampol Foodary Pheasants Nest Northbound,"Lot no 13 South Western Freeway, Pheasants Nest NSW 2574",-34.283188,150.636449,Ampol Foodary
18320,BP CAMDEN,"12 ARGYLE ST, CAMDEN NSW 2570",-34.0535348,150.699612,BP
18321,BP Warners Bay,"9 KING ST, WARNERS BAY NSW 2282",-32.9684297,151.6513485,BP
18322,Ultra Harden,"379 ALBURY ST, HARDEN NSW 2587",-34.5477035,148.3459391,Ultra Petroleum
18323,Ampol Foodary Gosford West,"283 MANNS RD, WEST GOSFORD NSW 2250",-33.4166261,151.3242562,Ampol Foodary
18324,EG Ampol Gregory Hills,"33 VILLAGE CCT, GREGORY HILLS NSW 2557",-34.0252515,150.7766419,EG Ampol
18325,Metro Petroleum,"96 HOXTON PARK RD, LURNEA NSW 2170",-33.92764,150.90604,Metro Fuel
18326,Ampol Foodary Camden,"21 BARSDEN ST, CAMDEN NSW 2570",-34.0580662,150.6914307,Ampol Foodary
18327,Yourfuel Batlow,"18 PIONEER ST, BATLOW NSW 2730",-35.5196004,148.1458936,Independent
18328,Prime Blakehurst,"338 Princes Hwy, BLAKEHURST NSW 2221",-33.986619,151.112644,Prime
18329,Metro Bow Bowing,"100 CAMPBELLTOWN RD, MINTO NSW 2566",-34.0238052,150.8352155,Metro Fuel
18330,Ampol Holbrook,"130 ALBURY ST, HOLBROOK NSW 2644",-35.7210165,147.3164069,Ampol
18332,7-Eleven Ambarvale,"67 WOODHOUSE DR, AMBARVALE NSW 2560",-34.0873516,150.7997124,7-Eleven
18336,BP Albion Park,"UNIT 1 83 PRINCES HWY, ALBION PARK RAIL NSW 2527",-34.5535861,150.7919775,BP
18337,Ampol Foodary Casino Centre St,"96 CENTRE ST, CASINO NSW 2470",-28.8653956,153.0450654,Ampol Foodary
18339,Woodham Petroleum Nyngan,"16 LAWLOR ST, NYNGAN NSW 2825",-31.55483043,147.19153293,Woodham Petroleum
18341,Locals Servo,"148 MAYNE ST, MURRURUNDI NSW 2338",-31.7613059,150.8313866,Independent
18342,SHELL Parramatta CVRO (Self-serve),"1 DURHAM ST, ROSEHILL NSW 2142",-33.82410264,151.03733463,Shell
18344,SHELL NEVERTIRE TRUCKSTOP,"Mitchell Highway, Nevertire NSW 2826",-31.8388539,147.7187231,Shell
18345,SHELL WAGGA WAGGA TRUCKSTOP,"Lot 4, Bomen Road, Wagga Wagga NSW 2650",-35.073137,147.411304,Shell
18343,SHELL TAMWORTH TRUCKSTOP (unmanned),"9-13 Gunnedah Road, Tamworth NSW 2340",-31.095575,150.908482,Shell
18347,Shell Port Kembla Truckstop (Unmanned),"87-89, Flinders Street, Port Kembla NSW 2505",-34.469597,150.894989,Shell
18348,Metro Petroleum Rosebery,"395 GARDENERS RD, ROSEBERY NSW 2018",-33.9224674,151.20245839,Metro Fuel
18350,Ampol Foodary Tamworth,"109 GUNNEDAH RD, TAMINDA NSW 2340",-31.097319,150.895551,Ampol Foodary
18352,Tasco Bunnaloo,"RMB 520, Bunnaloo NSW 2731",-35.806156,144.639746,Ampol
18353,Mobil Muswellbrook North,"147 BRIDGE ST, MUSWELLBROOK NSW 2333",-32.2591233,150.8902759,Mobil
18355,BP Leppington Town Centre,"221 BRINGELLY RD, LEPPINGTON NSW 2179",-33.9526591,150.8144485,BP
18357,Speedway Cabramatta,"267 John St, CABRAMATTA WEST NSW 2166",-33.89235,150.91774,Speedway
18421,Ampol Foodary Macksville,"22 COOPER ST, MACKSVILLE NSW 2447",-30.7097466,152.9198214,Ampol Foodary
18422,Speedway Roseville,"20-22 BABBAGE RD, ROSEVILLE NSW 2069",-33.7780213,151.1945551,Speedway
18424,Ampol Foodary Belrose,"153 Forest Way, Belrose NSW 2085",-33.734678,151.221102,Ampol Foodary
18425,Metro Petroleum Saratoga,"13-15 VILLAGE RD, SARATOGA NSW 2251",-33.4753558,151.3532147,Metro Fuel
18426,Hanlon Enterprises Fuel,"77 PRINCE ST, JUNEE NSW 2663",-34.8557555,147.5755659,Independent
18428,BP Bennetts Green,"20 PACIFIC HWY, BENNETTS GREEN NSW 2290",-32.9971536,151.6849801,BP
18431,Metro Petroleum Earlwood,"281 HOMER ST, EARLWOOD NSW 2206",-33.92638397,151.12768841,Metro Fuel
18433,Metro Petroleum Toongabbie,"59 THE CRESCENT, TOONGABBIE NSW 2146",-33.7959541,150.9297948,Metro Fuel
18435,Ampol Foodary Northend Wagga Wagga,"170 FITZMAURICE ST, WAGGA WAGGA NSW 2650",-35.1028977,147.3678977,Ampol Foodary
18438,APCO Wagga Wagga,101-107 Hammond Ave East Wagga Wagga NSW 2650,-35.121469529214,147.38903761,APCO
18439,Ampol Foodary Eastern Creek Eastbound,"M4 Motorway Eastbound	, Eastern Creek NSW 2766",-33.801629,150.885988,Ampol Foodary
18440,MEDCO INVERELL,"155 BYRON ST, INVERELL NSW 2360",-29.7713506,151.1153492,Independent
18442,Ampol Foodary Eastern Creek Westbound,"M4 Motorway westbound, EASTERN CREEK NSW 2766",-33.80232,150.8829,Ampol Foodary
18447,Ampol Foodary Greenacre,"87-91 ROBERTS RD, GREENACRE NSW 2190",-33.9046146,151.0648619,Ampol Foodary
18449,Mobil Port Macquarie,"59 GORDON ST, PORT MACQUARIE NSW 2444",-31.43281,152.91273,Mobil
18451,Endeavour Petroleum Pty Ltd,"3 Neil ST, Moama NSW 2731",-36.08363,144.74801,Independent
18450,Grenfell Local Store,"83 CAMP ST, GRENFELL NSW 2810",-33.8958351,148.16513669,Independent
18452,Ampol Foodary Kempsey South,"52 LACHLAN ST, SOUTH KEMPSEY NSW 2440",-31.0936184,152.837045,Ampol Foodary
18453,Mobil Huskisson,"2 TOMERONG ST, HUSKISSON NSW 2540",-35.0358369,150.6667363,Mobil
18454,TEMCO Petroleum,"190 WATERLOO RD, GREENACRE NSW 2190",-33.90639479,151.05699356,TEMCO Petroleum
18455,Mobil Coolongolook,"21 BENGAL ST, COOLONGOLOOK NSW 2423",-32.2182496,152.3215717,Mobil
18457,Wakool Agri Services Pty Ltd,"6066 WAKOOL RD, WAKOOL NSW 2710",-35.4723185,144.404675,Independent
18459,Bargo Petroleum,"UNIT 2 3030 REMEMBRANCE DVWY, BARGO NSW 2574",-34.2545843,150.57265647,Bargo Petroleum
18463,Metro Petroleum Kelso,"16 INGERSOLE DR, KELSO NSW 2795",-33.42116006,149.62447652,Metro Fuel
18467,Mobil Ocean Drive,"15 OCEAN DR, PORT MACQUARIE NSW 2444",-31.4355452,152.8999388,Mobil
18468,Speedway Court Road,"32 COURT RD, FAIRFIELD NSW 2165",-33.8701219,150.9581328,Speedway
18469,Mobil Taree South,"132 MANNING RIVER DR, TAREE SOUTH NSW 2430",-31.93369719,152.46774332,Mobil
18470,Johns River Tavern,"28 JOHNS RIVER RD, JOHNS RIVER NSW 2443",-31.7325959,152.693675,Independent
18471,Enhance East Corrimal,"2-4 RAILWAY ST, EAST CORRIMAL NSW 2518",-34.3743966,150.90882,Enhance
18472,Ampol Smeaton Grange,"1 DUNN RD, SMEATON GRANGE NSW 2567",-34.0323128,150.7561607,Ampol
18473,SHELL CHIPPING NORTON,"7 NEWBRIDGE RD, CHIPPING NORTON NSW 2170",-33.9283919,150.9772006,Shell
18474,Bulga Servo,"2046 PUTTY RD, BULGA NSW 2330",-32.6529228,151.0201886,Independent
18475,Metro Wollongong,"394 CROWN ST, WOLLONGONG NSW 2500",-34.4257988,150.8776085,Metro Fuel
18476,Logan & Hitchens,"53 LAKE ST, GANMAIN NSW 2702",-34.7924137,147.0384362,Independent
18477,Wagga Fuel (Leeton),"98 KURRAJONG AV, LEETON NSW 2705",-34.55486,146.408893,Shell
18481,7-Eleven Metford,"456, Metford Road, Metford NEW SOUTH WALES 2323",-32.761177,151.600376,7-Eleven
18482,Transwest Mungindi,"30 ST GEORGE ST, MUNGINDI NSW 2406",-28.9781544,148.9980125,Transwest Fuels
18485,Bombala Servo,"77 MAYBE ST, BOMBALA NSW 2632",-36.909299,149.2414277,Independent
18484,Ampol Dunedoo,"20 BOLARO ST, DUNEDOO NSW 2844",-32.0165641,149.398714,Ampol
18483,Powerfuel,"114 BATHURST ST, CONDOBOLIN NSW 2877",-33.08871527,147.1468947,Powerfuel
18489,BP Tornik,"2-8 DUNCANS RD, CLARENZA NSW 2460",-29.7038941,152.95755022,BP
18490,Cringila fuel,"95 FIVE ISLANDS RD, CRINGILA NSW 2502",-34.46599357,150.87223486,Independent
18492,METRO ROZELLE,"127 VICTORIA RD, ROZELLE NSW 2039",-33.8620438,151.1676701,Metro Fuel
18494,Mobil Junee,"33 SEIGNIOR ST, JUNEE NSW 2663",-34.8703048,147.582397,Mobil
18497,Pearl Energy Mona Vale,"79 BARRENJOEY RD, MONA VALE NSW 2103",-33.6741746,151.3102354,Pearl Energy
18500,Ampol Finley Diesel Stop,"Cnr Newell Hwy & Rice Mill Rd, Finley NSW 2713",-35.62821,145.58296,Ampol
18504,Liberty Coonabarbran,"51 CHARLES ST, COONABARABRAN NSW 2357",-31.27159723,149.27963702,Liberty
18506,Ampol Griffith,"2-4 MACKAY AV, GRIFFITH NSW 2680",-34.2908767,146.0630818,Ampol
18511,METRO ROADHOUSE COOMA,"556 SNOWY MOUNTAINS HWY, DAIRYMANS PLAINS NSW 2630",-36.2403671,149.0655724,Metro Fuel
18514,Shell Lane Cove,"254 BURNS BAY RD, LANE COVE NSW 2066",-33.8171912,151.1518756,Shell
18515,McNabb Mobil Griffith,"2-8 OXLEY ST, GRIFFITH NSW 2680",-34.2949689,146.0643533,Mobil
18517,Shell Blaxland,"126 GREAT WESTERN HWY, BLAXLAND NSW 2774",-33.7451032,150.6109079,Shell
18518,Astron YASS,"279 COMUR ST, YASS NSW 2582",-34.8483942,148.9163097,ASTRON
18521,Ampol Alstonville,"73 MAIN ST, ALSTONVILLE NSW 2477",-28.8411584,153.4388702,Ampol
18522,BP Wagga Wagga,"180 EDWARD ST, WAGGA WAGGA NSW 2650",-35.118505,147.3639651,BP
18526,Lowes BP Goolgowi,"18-20 ZARA ST, GOOLGOWI NSW 2652",-33.98043211,145.71145871,Lowes
18527,7-Eleven Woy Woy,"83 RAWSON RD, WOY WOY NSW 2256",-33.4937927,151.3201614,7-Eleven
18529,BP Tighes Hill,"110 ELIZABETH ST, TIGHES HILL NSW 2297",-32.9060219,151.7587207,BP
18530,United Mayfield South,"86-88 MAITLAND RD, MAYFIELD NSW 2304",-32.90309546,151.74378193,United
18533,Metro Canley Heights,"190 CANLEY VALE RD, CANLEY HEIGHTS NSW 2166",-33.8845269,150.928557,Metro Fuel
18536,Metro Kurri Kurri,"1 VICTORIA ST, KURRI KURRI NSW 2327",-32.82385,151.486565,Metro Fuel
18537,Nanaglen General store,"16-18 NANA ST, NANA GLEN NSW 2450",-30.13803629,153.00717948,Arko Energy
18539,BP South Tamworth,"399 Goonoo Goonoo Rd, Hillvue NSW 2340",-31.12619,150.92348,BP
18542,Astron Beresfield,"261 ANDERSON DR, BERESFIELD NSW 2322",-32.7991122,151.645069,ASTRON
18545,Liberty Bourke,"96-104 ANSON ST, BOURKE NSW 2840",-30.0954979,145.94374603,Liberty
18547,BP Somerton,"1, Oxley Hwy, Somerton NSW 2340",-30.9373,150.63497,BP
18548,Shell Kenthurst,"86 KENTHURST RD, KENTHURST NSW 2156",-33.6823514,151.0107027,Shell
18549,Shell Maroota,"1563 WISEMANS FERRY RD, MAROOTA NSW 2756",-33.47230749,150.97497716,Shell
18551,MOBIL WEST WYALONG,"298 NEELD ST, WEST WYALONG NSW 2671",-33.92394303,147.21675075,Mobil
18552,METRO PETROLEUM GRENFELL,"75 CAMP ST, GRENFELL NSW 2810",-33.8954685,148.1630407,Metro Fuel
18553,Costco Lake Macquarie (Members only),"1 CRESSY RD, BOOLAROO NSW 2284",-32.9461109,151.6280542,Costco
18554,Ampol Unanderra,"15 GLASTONBURY AV, UNANDERRA NSW 2526",-34.4587464,150.8566699,Ampol
18555,Liberty Albert,"9, Melrose Road, Albert NSW 2873",-32.35786,147.507,Liberty
18556,Access Fuels,"140-142 JUBILEE ST, TOWNSEND NSW 2463",-29.4668591,153.2256947,Independent
18557,Metro Lucknow,"4613 MITCHELL HWY, LUCKNOW NSW 2800",-33.346783,149.1621576,Metro Fuel
18559,Liberty Bangalow,"54 BYRON ST, BANGALOW NSW 2479",-28.6861987,153.5257726,Liberty
18561,LOWES NORTH STAR OPT,"3 EDWARD ST, NORTH STAR NSW 2408",-28.9321755,150.3916809,Lowes
18562,BP Erskine Park Truckstop (unmanned),"LENORE DRIVE (CNR TEMPLAR ROAD), Erskine Park NSW 2759",-33.81647,150.79715,BP
18565,BLOK INDUSTRIAL,"119 JUBILEE ST, TOWNSEND NSW 2463",-29.4653517,153.2272775,Independent
18566,Mobil Forster,"131 THE LAKES WAY, FORSTER NSW 2428",-32.2042598,152.5202326,Mobil
18567,BP Tahmoor,"2710 REMEMBRANCE DVWY, TAHMOOR NSW 2573",-34.2294569,150.5879918,BP
18568,The Wooli store,"381 NORTH ST, WOOLI NSW 2462",-29.8509324,153.2568443,Independent
18569,EG Ampol Mittagong,"96-98 BOWRAL RD, MITTAGONG NSW 2575",-34.4531503,150.4377494,EG Ampol
18572,Monaghan's Fuel Supplies,"27 HASTINGS ST, WAUCHOPE NSW 2446",-31.4544413,152.7323007,Independent
18570,Metro Petroleum West Wallsend,"7 WITHERS ST, WEST WALLSEND NSW 2286",-32.9036108,151.5814704,Metro Fuel
18571,Ampol Inverell Road House,"143-149 WARIALDA RD, INVERELL NSW 2360",-29.7740701,151.0915098,Ampol
18573,Shell Little Topar,"11908 BARRIER HWY, LITTLE TOPAR NSW 2880",-31.77906898,142.22776873,Shell
18574,Pearl Energy Belmont,"494 PACIFIC HWY, BELMONT NSW 2280",-33.0326022,151.6605244,Pearl Energy
18575,Ampol Fairy Meadow,"30-34 PRINCES HWY, FAIRY MEADOW NSW 2519",-34.3892496,150.8941056,Ampol
18576,Ulmarra Liberty Post Office,"2449 BIG RIVER WAY, ULMARRA NSW 2462",-29.6310643,153.0294786,Liberty
18577,Brunswick Village Greens,"151 TWEED ST, BRUNSWICK HEADS NSW 2483",-28.5535803,153.5457565,Independent
18580,United Petroleum Windang,"217-221 Windang Rd, Windang NSW 2528",-34.53123,150.86916,United
18582,MOBIL WARIALDA,"46 GEDDES ST, WARIALDA NSW 2402",-29.5427956,150.5749095,Mobil
18581,BILAMBIL POST OFFICE,"381 BILAMBIL RD, BILAMBIL NSW 2486",-28.2244936,153.4666449,Liberty
18584,Shell Croydon,"418-424 LIVERPOOL RD, CROYDON NSW 2132",-33.888152,151.1150622,Shell
18585,Tucabia village store,"12 CORDINI ST, TUCABIA NSW 2462",-29.6679245,153.1082492,Liberty
18586,Woodham Petroleum Gilgandra (Unmanned),"2 ENTERPRISE DR, GILGANDRA NSW 2827",-31.717745,148.65323031,Woodham Petroleum
18587,shell long jetty,"290-294 THE ENTRANCE ROAD, LONG JETTY NSW 2261",-33.356869,151.4862292,Shell
18588,Enhance Kiama,"35 COLLINS ST, KIAMA NSW 2533",-34.668042,150.8532894,Enhance
18589,Trundle Fuel,"77 FORBES ST, TRUNDLE NSW 2875",-32.92192812,147.71025158,Independent
18590,Bangalow General Store,"16 GRANUAILLE RD, BANGALOW NSW 2479",-28.68521444,153.52165294,Bangalow General Store
18593,Ampol Barraba,"21 QUEEN ST, BARRABA NSW 2347",-30.3829053,150.6096852,Ampol
18594,7-Eleven Bungarribee,"5/100 Eastern Rd, Bungarribee NSW 2767",-33.77097,150.85895,7-Eleven
18597,Taylors Corner,"89 EWING ST, MURWILLUMBAH NSW 2484",-28.3240043,153.3952823,Independent
18599,United Petroleum Murrurundi,"226 MAYNE ST, MURRURUNDI NSW 2338",-31.7568366,150.8231891,United
18600,Mobil Forster North,"32 HEAD ST, FORSTER NSW 2428",-32.1804788,152.5153738,Mobil
18601,Metro St Marys,"516-526 GREAT WESTERN HWY, ST MARYS NSW 2760",-33.7703353,150.7659511,Metro Fuel
18602,Ampol Wallerawang,"26 MAIN ST, WALLERAWANG NSW 2845",-33.40968157,150.06552061,Ampol
18603,Access Fuels,"1-3 HI-TECH DR, TOORMINA NSW 2452",-30.3419763,153.0925656,Independent
18604,Endeavour Petroleum Pty Ltd,"12 REIFF ST, LAVINGTON NSW 2641",-36.03803891,146.96657699,Independent
18606,Shell Junee,"1 Illabo Rd,, Junee NSW 2663",-34.85706,147.58594,Shell
18605,Metro Petroleum West Hoxton,"198 FIFTEENTH AV, WEST HOXTON NSW 2171",-33.9216299,150.8314757,Metro Fuel
18608,Whiporie General Store,"5351 SUMMERLAND WAY, WHIPORIE NSW 2469",-29.2822515,152.9892076,Lowes
18609,Jack & Co Lane Cove,"203 BURNS BAY RD, LANE COVE NSW 2066",-33.814598,151.1543531,Independent
18612,METCO PETROLEUM,"40 MAITLAND RD, SINGLETON NSW 2330",-32.573288,151.1829947,Independent
18611,Metro Petroleum Queanbeyan,"65 THARWA RD, QUEANBEYAN WEST NSW 2620",-35.358299,149.2208023,Metro Fuel
18610,AMPOL HOWLONG,"150 HAWKINS ST, HOWLONG NSW 2643",-35.9816778,146.6391107,Ampol
18614,BP West Wyalong,"68 MAIN ST, WEST WYALONG NSW 2671",-33.9236849,147.2092311,BP
18615,Metro Eden,"26 MITCHELL ST, EDEN NSW 2551",-37.0637747,149.9031027,Metro Fuel
18616,Metro Fuel Croydon Park,"274 GEORGES RIVER RD, CROYDON PARK NSW 2133",-33.89692651,151.103217,Metro Fuel
18618,Endeavour Corowa,"223 SANGER ST, COROWA NSW 2646",-35.99524357,146.39156242,Independent
18620,Enhance Russell Vale,"115 BELLAMBI LANE, BELLAMBI NSW 2518",-34.3612804,150.8994852,Enhance
18622,Metro Petroleum Hillside,"75 GYPSUM ST, BROKEN HILL NSW 2880",-31.9678035,141.4452954,Metro Fuel
18624,Ultra Kandos,"60 DAVIES RD, KANDOS NSW 2848",-32.8573774,149.9706615,Ultra Petroleum
18626,Metro Petroleum (Kurri Kurri Lang St),"307 LANG ST, KURRI KURRI NSW 2327",-32.82039,151.47686,Metro Fuel
18627,Legume Store,"9297 MOUNT LINDESAY RD, LEGUME NSW 2476",-28.4053537,152.3067044,Independent
18628,Enhance Eastwood,"2 LOVELL RD, EASTWOOD NSW 2122",-33.7916291,151.0895436,Enhance
18629,BP Uralla,"111 Bridge Street, Uralla NSW 2358",-30.64696,151.49219,BP
18630,Shell Luddenham,"Lot 25/ 2140 The Northern Rd, Luddehham NSW 2745",-33.8833419,150.69426,Shell
18631,Transwest Fed Park,"45 JEWRY ST, TAMINDA NSW 2340",-31.0841321,150.9105595,Transwest Fuels
18632,Metro Petroleum St Andrews,"95 BALLANTRAE DR, ST ANDREWS NSW 2566",-34.0207224,150.833198,Metro Fuel
18634,BP GOULBURN (Merino Fuels),"70 CLIFFORD ST, GOULBURN NSW 2580",-34.7521016,149.7178366,BP
18635,BP Roadhouse,"53 BOMBALA ST, NIMMITABEL NSW 2631",-36.51481601,149.28334721,BP
18637,Pearl Energy Medowie,"UNIT 4 26 FERODALE RD, MEDOWIE NSW 2318",-32.7401769,151.8544364,Pearl Energy
18639,Pearl Energy Mayfield,"132 MAITLAND RD, MAYFIELD NSW 2304",-32.9017846,151.7419818,Pearl Energy
18640,Mobil Dubbo,"2 HAWTHORN ST, DUBBO NSW 2830",-32.2569346,148.6254902,Mobil
18641,Ampol Cowra,"2 GRENFELL RD, COWRA NSW 2794",-33.8351555,148.6790614,Ampol
18642,ATTUNGA GENERAL STORE,"5 MANILLA RD, ATTUNGA NSW 2345",-30.928946,150.8454976,Independent
18644,BP Howlong,"61 HAWKINS ST, HOWLONG NSW 2643",-35.9794913,146.6281492,BP
18645,Ampol Foodary Austral,"68 KELLY ST, AUSTRAL NSW 2179",-33.9477883,150.7932766,Ampol Foodary
18647,BP Narromine,"1 DANDALOO ST, NARROMINE NSW 2821",-32.22745601,148.24097277,BP
18649,Mobil Wagga Wagga,"34 DOBNEY AV, WAGGA WAGGA NSW 2650",-35.1212607,147.345103,Mobil
18648,Candelo Service Station,"40 WILLIAM ST, CANDELO NSW 2550",-36.7665018,149.696037,Independent
18650,Metro petroleum Padstow,"69 DAVIES RD, PADSTOW NSW 2211",-33.9510689,151.0387597,Metro Fuel
18651,METRO PETROLEUM BELMONT,"SHOP 2 507 PACIFIC HWY, BELMONT NSW 2280",-33.0326219,151.6611701,Metro Fuel
18652,Enhance Camellia,"17 GRAND AV, CAMELLIA NSW 2142",-33.820505,151.0356357,Enhance
18653,Metro Petroleum South Hurstville,"928-930 KING GEORGES RD, BLAKEHURST NSW 2221",-33.9810848,151.1084759,Metro Fuel
18656,7-Eleven Ingleburn,"4 LANCASTER ST, INGLEBURN NSW 2565",-33.9896203,150.8667278,7-Eleven
18657,Metro Petroleum Cooma,"42 SHARP ST, COOMA NSW 2630",-36.2329232,149.1311035,Metro Fuel
18658,Budget Petrol Telopea,"57 ADDERTON RD, TELOPEA NSW 2117",-33.7934764,151.0412676,Budget
18659,EG Ampol Oran Park Town Centre,"6 Fordham Way, Oran Park NSW 2570",-33.9997358,150.73839,EG Ampol
18660,7-Eleven Muswellbrook,"31-33 MAITLAND ST, MUSWELLBROOK NSW 2333",-32.2705147,150.8882563,7-Eleven
18663,Ampol Barmedman Truck Stop,"92 Queen Street, Barmedman NSW 2668",-34.14243,147.3857,Ampol
18664,MOBIL COFFS HARBOUR,"178 PACIFIC HWY, COFFS HARBOUR NSW 2450",-30.2890435,153.1214843,Mobil
18666,Enhance Waratah,"51 LAMBTON RD, WARATAH NSW 2298",-32.90686006,151.71951195,Enhance
18667,Your Fuel,"77 SANDGATE RD, BIRMINGHAM GARDENS NSW 2287",-32.8957578,151.6817711,Independent
18668,Liberty Evans Head,"70 WOODBURN ST, EVANS HEAD NSW 2473",-29.1140871,153.4283472,Liberty
18669,Ampol Foodary Coffs Harbour Halls Rd,Corner Pacific Hwy and Halls Road Coffs Harbour NSW 2450,-30.30597,153.101212,Ampol
18670,Metro Petroleum Leichhardt,"127-129 MARION ST, LEICHHARDT NSW 2040",-33.8839399,151.1507793,Metro Fuel
18672,AMPOL TALBINGO,"321 MILES FRANKLIN DR, TALBINGO NSW 2720",-35.581244,148.2972276,Ampol
18673,BP Cundletown,"45 MAIN ST, CUNDLETOWN NSW 2430",-31.8981907,152.5177908,BP
18674,GLOUCESTER SERVICE CENTRE,"1 PARK ST, GLOUCESTER NSW 2422",-32.0051754,151.9576331,Independent
18675,7-Eleven Medowie,"787 MEDOWIE RD, MEDOWIE NSW 2318",-32.7398864,151.867393,7-Eleven
18679,Ampol Wilcannia Roadhouse,"79-81 WOORE ST, WILCANNIA NSW 2836",-31.5586895,143.3774621,Ampol
18680,Metro Tura beach,"487 SAPPHIRE COAST DR, BOURNDA NSW 2548",-36.8500015,149.9215717,Metro Fuel
18681,BP Bankstown,"126 CHAPEL RD, BANKSTOWN NSW 2200",-33.9278698,151.0298158,BP
18682,Metro Petroleum Hunter Valley,"36 WINE COUNTRY DR, CESSNOCK NSW 2325",-32.8187582,151.3521822,Metro Fuel
18683,"Liberty Armidale, North Hill","2 MARSH ST, ARMIDALE NSW 2350",-30.5030779,151.6729076,Liberty
18687,Astron Petroleum,"6-8 MINJUNGBAL DR, TWEED HEADS SOUTH NSW 2486",-28.1961063,153.5437699,ASTRON
18688,MOBIL HASTINGS RIVER,"128 HASTINGS RIVER DR, PORT MACQUARIE NSW 2444",-31.4278191,152.8802645,Mobil
18689,ARKO ENERGY GLOUCESTER,"141 CHURCH ST, GLOUCESTER NSW 2422",-32.01223369,151.95794144,Arko Energy
18692,Medco Petroleum Carlingford,"286-288 Pennant Hills Road, Cnr Adderton Road, Carlingford NSW 2118",-33.78495,151.0435,Independent
18694,BP WELLINGTON,"35A MAXWELL ST, WELLINGTON NSW 2820",-32.5583479,148.9446954,BP
18696,Speedway Carss Park,"294 PRINCES HWY, CARSS PARK NSW 2221",-33.9820022,151.11782,Speedway
18697,Rodney's Transport Service,"82 BOMEN RD, CARTWRIGHTS HILL NSW 2650",-35.0725884,147.401818,Independent
18700,The Major General Store,"47-51 Girilambone Street, COOLABAH NSW 2831",-31.0597585,146.75251,The Major
18698,Woolomin General Store,"65-67 NUNDLE RD, WOOLOMIN NSW 2340",-31.3043359,151.1497205,Independent
18701,BP BULAHDELAH,"73-75 BULAHDELAH WAY, BULAHDELAH NSW 2423",-32.4097101,152.2105785,BP
18703,METRO FUEL KILLARNEY HEIGHTS,"702-704 WARRINGAH RD, FORESTVILLE NSW 2087",-33.7617609,151.207051,Metro Fuel
18704,Metro petroleum Griffith West,"33 GRIFFIN AV, GRIFFITH NSW 2680",-34.2853488,146.0278681,Metro Fuel
18705,Metro Petroleum Bellambi,"209-211 ROTHERY ST, BELLAMBI NSW 2518",-34.3683389,150.910013,Metro Fuel
18706,Metro Greenacre,"1 DAVID ST, GREENACRE NSW 2190",-33.8964035,151.0592723,Metro Fuel
18707,LakeMac Petroleum,"283 MAIN RD, FENNELL BAY NSW 2283",-32.9918025,151.5998424,Independent
18709,Riordan Fuels Express Diesel,"503 COOLAC RD, COOLAC NSW 2727",-34.9223018,148.1655257,Independent
18708,S24 Broken Hill Blende Street,"1 BLENDE ST, BROKEN HILL NSW 2880",-31.96460287,141.45349069,Shell
18710,METRO PETROLEUM BLACKTOWN FLUSHCOMBE,"140 FLUSHCOMBE RD, BLACKTOWN NSW 2148",-33.7775284,150.9078124,Metro Fuel
18711,BP Nicholls,"6 GOLD CREEK RD, NICHOLLS ACT 2913",-35.1935302,149.0869347,BP
18713,METRO PETROLEUM MITCHELL,"2 CALLAN ST, MITCHELL ACT 2911",-35.2145112,149.1433166,Metro Fuel
18834,Elders Baradine,"34 WELLINGTON ST, BARADINE NSW 2396",-30.9501154,149.06746898,Independent
19015,EG Ampol Cameron Park,"180 PORTLAND DR, CAMERON PARK NSW 2285",-32.9171789,151.5974528,EG Ampol
19016,BP Erina,"90 THE ENTRANCE ROAD, ERINA NSW 2250",-33.4384287,151.372213,BP
19017,BP Whittingham,"3550 NEW ENGLAND HWY, WHITTINGHAM NSW 2330",-32.6405892,151.2312511,BP
19018,Metro Villawood,"276 MILLER RD, VILLAWOOD NSW 2163",-33.8876145,150.9920889,Metro Fuel
19019,Enhance West Wollongong,"438 CROWN ST, WEST WOLLONGONG NSW 2500",-34.4250438,150.872928,Enhance
19021,The Channon General Store,"7 STANDING ST, THE CHANNON NSW 2480",-28.67331315,153.27828185,Liberty
19022,Mobil Uralla,"133 BRIDGE ST, URALLA NSW 2358",-30.6503722,151.4909578,Mobil
19072,BP Anna Bay,"133 GAN GAN RD, ANNA BAY NSW 2316",-32.7775517,152.0840681,BP
19075,Ampol Ashford,"27 DUFF ST, ASHFORD NSW 2361",-29.3234058,151.0951888,Ampol
19074,BP BRINGELLY,"657 THE NORTHERN ROAD, BRINGELLY NSW 2556",-33.9863383,150.7288013,BP
19077,BP Coffs Harbour South,"380 PACIFIC HWY, NORTH BOAMBEE VALLEY NSW 2450",-30.3183433,153.089242,BP
19633,BP Cardiff,"328 MAIN RD, CARDIFF NSW 2285",-32.9379273,151.6569241,BP
19634,Westside Narrabri,"35 COOMA RD, NARRABRI NSW 2390",-30.3378492,149.7669674,Shell
19635,Dunedoo Shell,"21 CAIGAN ST, DUNEDOO NSW 2844",-32.0165405,149.3882117,Shell
19637,Metro Petroleum Georges Hall,"250 HENRY LAWSON DR, GEORGES HALL NSW 2198",-33.9153425,150.9749867,Metro Fuel
19638,Liberty Wingham,"1325 GLOUCESTER RD, WINGHAM NSW 2429",-31.8722637,152.3646823,Liberty
19639,Urbenville general store,"43 URBEN ST, URBENVILLE NSW 2475",-28.4724071,152.5485749,Ampol
19640,AMPOL SOUTH KEMPSEY,"10 Industrial Drive corner of Zylpha Drive, South Kempsey NSW 2440",-31.12744,152.8285,Ampol
19641,Ampol Marulan,"10 GEORGE ST, MARULAN NSW 2579",-34.71544,149.99957,Ampol
19642,Metro Petroleum Thornleigh,"169-171 PENNANT HILLS RD, THORNLEIGH NSW 2120",-33.7249247,151.0882611,Metro Fuel
19643,BP NEMINGHA,"464-468 ARMIDALE RD, NEMINGHA NSW 2340",-31.1236704,150.9835118,BP
19644,Tito's Fuel Station Restaurant and Coffee House,"87 MITCHELL ST, BOURKE NSW 2840",-30.0894017,145.9445632,Ampol
19648,Metro Macquarie Fields,"68 HAROLD ST, MACQUARIE FIELDS NSW 2564",-33.9855726,150.8933683,Metro Fuel
19651,Grafton Holiday Park,"166 SKI LODGE RD, SEELANDS NSW 2460",-29.6103599,152.9258531,Liberty
19654,Metro Petroleum Corrimal,"61-63 MURRAY RD, EAST CORRIMAL NSW 2518",-34.3762829,150.9084003,Metro Fuel
19655,Pearl energy Annabay,"4136 NELSON BAY RD, ANNA BAY NSW 2316",-32.7696033,152.0508923,Pearl Energy
19656,Ampol Beresfield North,"Corner Weakleys & Balook Dr, Beresfield North NSW 2322",-32.80691,151.6343,Ampol
19657,Pearl Energy Beresfield,"6, Yagan Drive, Beresfield NSW 2322",-32.8098,151.63257,Pearl Energy
19658,Pearl Energy Wagga Wagga,"17-19 FORSYTH ST, WAGGA WAGGA NSW 2650",-35.11403387,147.37406916,Pearl Energy
19695,Shanty service station,"3012 STURT HWY, ALFREDTOWN NSW 2650",-35.1610539,147.5122387,Independent
19698,Goodooga Community store,"41-43 ADAMS ST, GOODOOGA NSW 2838",-29.1127888,147.4527948,Independent
19700,Shell Tyagarah,"5 YARUN RD, TYAGARAH NSW 2481",-28.5866791,153.5454659,Shell
19703,Caltex Glen Innes,"64 CHURCH ST, GLEN INNES NSW 2370",-29.7475626,151.7359877,Caltex
19701,PEARL ENERGY THORNTON,"5 GLENWOOD DR, THORNTON NSW 2322",-32.7900164,151.6350001,Pearl Energy
19702,PEARL ENERGY MAYFIELD WEST,"15 MURRAY DWYER CCT, MAYFIELD WEST NSW 2304",-32.8850594,151.7268397,Pearl Energy
19705,PEARL ENERGY NULKABA,"247 WINE COUNTRY DR, NULKABA NSW 2325",-32.79794021,151.34500458,Pearl Energy
19704,PEARL ENERGY MORISSET,"50 ALLIANCE AV, MORISSET NSW 2264",-33.1163629,151.4775989,Pearl Energy
19755,METRO MORISSET PARK,"5 MACQUARIE RD, MORISSET PARK NSW 2264",-33.1197964,151.5347545,Metro Fuel
19757,METRO OURIMBAH SOUTH,"12 PACIFIC HWY, OURIMBAH NSW 2258",-33.36296987,151.3713527,Metro Fuel
19781,Pearl Energy Molong,"2 GIDLEY ST, MOLONG NSW 2866",-33.0902638,148.8695806,Pearl Energy
19782,NightOwl Puma Casino,"37 JOHNSTON ST, CASINO NSW 2470",-28.85909896,153.04895173,Caltex
19783,Metro Condell Park,"149 ELDRIDGE RD, CONDELL PARK NSW 2200",-33.9304725,151.0119877,Metro Fuel
19847,BP Kelso Eastbound,"214 SYDNEY RD, KELSO NSW 2795",-33.4190598,149.6221737,BP
19078,Abercrombie House,"311 Ophir Rd, Stewarts Mount NSW 2795",-33.3927632,149.5188753,Tesla
19079,Akuna Motor Inn & Apartments,"109 Whylandra St, Dubbo NSW 2830",-32.2522027,148.5898971,Tesla
19080,Alabaster Motor Inn,"23 Oxley St, Taree NSW 2430",-31.9028943,152.4776342,Tesla
19081,Albury Waste Management Centre,"565 Mudge St, Hamilton Valley NSW 2641",-36.0294725,146.8970729,Chargefox
19082,Allianz Centre - Secure Parking,"186 Sussex St, Sydney NSW 2000",-33.8705978,151.203956,Everty
19083,Alpha Hotel Eastern Creek,"1 Peter Brock Dr, Eastern Creek NSW 2766",-33.8019653,150.8709764,Tesla
19084,Amarna Luxury Beach Resort,"16 Christmas Bush Ave, Nelson Bay NSW 2315",-32.7199671,152.1356612,Tesla
19085,Ampol Seven Hills,"38 Abbott Rd, Seven Hills NSW 2147",-33.7670734,150.9549733,Evie Networks
19086,Ana Mandara Luxury Bed & Breakfast,"152 Settlement Point Rd, Port Macquarie NSW 2444",-31.4073033,152.9008719,Tesla
19087,Anchors Aweigh Narooma,"5 Tilba St, Narooma NSW 2546",-36.2198467,150.133492,Tesla
19088,Anderson Street Parking/Charging,"370 Anderson St, Chatswood NSW 2067",-33.7964104,151.1836091,Chargefox
19089,Angullong Wine Tasting Room,"37 Victoria St, Millthorpe NSW 2798",-33.4458862,149.1852109,Independent EV
19090,Armidale Motel,"66 Glen Innes Rd, Armidale NSW 2350",-30.4952258,151.6694665,Tesla
19091,Armidale Visitors Centre,"82 Marsh St, Armidale NSW 2350",-30.511849,151.6693816,NRMA
19092,Aston Hill Motor Lodge,"15 Mort St, Port Macquarie NSW 2444",-31.4312459,152.8968271,Tesla
19093,ATI Australia,"5/27 Mars Rd, Lane Cove West NSW 2066",-33.8093977,151.1507426,Independent EV
19094,Atura Blacktown,"32 Cricketers Arms Rd, Prospect NSW 2148",-33.806416,150.9031472,Tesla
19095,Atura Hotel Albury,"Country Comfort Hotel, 648 Dean St, Albury NSW 2640",-36.0798273,146.9123515,Tesla
19096,Audi Centre Sydney,"895 S Dowling St, Zetland NSW 2017",-33.9066374,151.2132494,Chargefox
19097,Australasian Sports Centre Parramatta,"20 Wentworth St, Clyde NSW 2142",-33.8327117,151.0215668,Tesla
19098,Australia Post - Penrose CPA,"901 Penrose Rd, Penrose NSW 2579",-34.6726828,150.2122963,Independent EV
19099,Ballina Central Shopping Centre,"56 Bangalow Rd, Ballina NSW 2478",-28.8575428,153.5610963,Chargefox
19100,Bangalay Luxury Villas,"30 Staples St, Shoalhaven Heads NSW 2535",-34.8503176,150.7478922,Tesla
19101,Banjo Paterson Park,"81 Meehan St, Yass NSW 2582",-34.8411176,148.9121914,NRMA
19102,Banksia Park cottages,"114 Radiata Rd, Kangaroo Valley NSW 2577",-34.7414729,150.45349,Tesla
19103,Bankstown Sports Club,"8 Greenfield Parade, Bankstown NSW 2200",-33.9199788,151.0333375,Tesla
19104,Bannisters,"Salamander Shores Hotel, 147 Soldiers Point Rd, Soldiers Point NSW 2317",-32.7111973,152.0722165,Tesla
19105,Bannisters by the Sea,"191 Mitchell Parade, Mollymook Beach NSW 2539",-35.3222306,150.4849315,Tesla
19106,Bannisters Pavilion,"87 Tallwood Ave, Mollymook Beach NSW 2539",-35.3250315,150.4763976,Tesla
19107,Barron's Tyre & Mechanical,"76 Dalgarno St, Coonabarabran NSW 2357",-31.2731036,149.2792177,Independent EV
19108,Batemans Bay Soldiers Club,"6 Beach Rd, Batemans Bay NSW 2536",-35.7094784,150.1790805,Tesla
19110,Baths Motel,"339 Warialda St, Moree NSW 2400",-29.4753381,149.8456657,Everty
19112,Bathurst Rail Museum,"126 Havannah St, Bathurst NSW 2795",-33.4259189,149.5817468,Tesla
19113,Bathurst Rail Museum,"126 Havannah St, Bathurst NSW 2795",-33.4259189,149.5818468,Independent EV
19114,Bathurst Supercharger,"1 Kendall Ave, Bathurst NSW 2795",-33.4186983,149.5868887,Tesla
19115,Bathurst Visitor Information Centre,"1 Kendall Ave, Bathurst NSW 2795",-33.4186983,149.5867887,NRMA
19117,Baulkham Hills Sports Club,"11 Renown Rd, Baulkham Hills NSW 2153",-33.7632734,151.0043477,Independent EV
19118,Beach House on She-Oak,"18 She-Oak Ln, Casuarina NSW 2487",-28.2899513,153.5747799,Tesla
19119,Beach Suites Byron Bay,"20 Bay St, Byron Bay NSW 2481",-28.6418194,153.6146694,Tesla
19120,Bella Vista Hotel,"13-15 Lexington Dr, Bella Vista NSW 2153",-33.7365294,150.9485142,Independent EV
19121,Bellingen Valley Lodge,"1381 Waterfall Way, Bellingen NSW 2454",-30.4449023,152.8845091,Independent EV
19122,Bells at Killcare Boutique Hotel,"107 The Scenic Rd, Killcare Heights NSW 2257",-33.5205618,151.3746149,Tesla
19123,Bendooley Estate,"Bendooley, 3020 Old Hume Hwy, Berrima NSW 2577",-34.4659347,150.3616268,Tesla
19124,Berrara Beach Holiday Chalets,"22 Berrara Rd, Berrara NSW 2540",-35.2087147,150.5488103,Tesla
19125,Berry Bowling Club,"140 Queen St, Berry NSW 2535",-34.7760967,150.70099,NRMA
19126,Berry Supercharger,"640 Princes Hwy, Jaspers Brush NSW 2535",-34.8081727,150.6362791,Tesla
19127,Best Western Bluegum Motel,"109 Cobra St, Dubbo NSW 2830",-32.2550201,148.6102601,Tesla
19128,Best Western PLUS Apollo International,"290 Pacific Hwy, Charlestown NSW 2290",-32.9568871,151.7013414,Tesla
19129,Best Western Plus Goulburn,"77 Lagoon St, Goulburn NSW 2580",-34.7471604,149.7294597,Tesla
19130,Bethany Manor,"8-12 Eastview Ave, Leura NSW 2780",-33.708221,150.3270623,Tesla
19131,Birkenhead Point Outlet Centre,"19 Roseby St, Drummoyne NSW 2047",-33.8555224,151.1621054,Tesla
19132,Birkenhead Point Outlet Centre,"19 Roseby St, Drummoyne NSW 2047",-33.8555224,151.1622054,Independent EV
19133,Birkenhead Point Outlet Centre,"19 Roseby St, Drummoyne NSW 2047",-33.8555224,151.1623054,Chargefox
19136,Blackwall Mountain Airbnb,"2 Koonora Ave, Blackwall NSW 2256",-33.5050479,151.3372659,Independent EV
19137,Blue Emu Car Park,"Ross Smith Ave, Mascot NSW 2020",-33.9380083,151.1924793,Independent EV
19138,Blue Wren Wines,"433 Ulan Rd, Eurunderee NSW 2850",-32.5634047,149.6199933,Tesla
19139,Bodalla Dairy Shed and Cheese Factory,"52 Princes Hwy, Bodalla NSW 2545",-36.0867598,150.0495483,Tesla
19140,Bondi Beach Park,"2 Queen Elizabeth Dr, Bondi Beach NSW 2026",-33.8900918,151.2770796,Chargefox
19141,Bourke Riverside Motel,"Mitchell St, Bourke NSW 2840",-30.0894031,145.9424975,Tesla
19142,BP Karuah,"403 Tarean Rd, Karuah NSW 2324",-32.6540422,151.9629131,Chargefox
19143,Bressington Park Carpark,"Underwood Road opp DFO Homebush, Homebush NSW 2140",-33.855129,151.078781,Independent EV
19144,Brigidine College Wilson Car Park,"49 St Pauls St, Randwick NSW 2031",-33.92008,151.2437997,Independent EV
19145,Broadway Shopping Centre,"31 Bay St, Glebe NSW 2037",-33.8827784,151.1948135,Tesla
19146,Broadway Shopping Centre,"31 Bay St, Glebe NSW 2037",-33.8827784,151.1949135,Independent EV
19147,Broadway Shopping Centre,"31 Bay St, Glebe NSW 2037",-33.8827784,151.1950135,Chargefox
19148,Brokenwood Wines,"Brokenwood Wines, 401-427 McDonalds Rd, Pokolbin NSW 2320",-32.7760644,151.2996067,Tesla
19149,Brunswick River Inn,"2 The Terrace, Brunswick Heads NSW 2483",-28.5398912,153.5521886,Tesla
19150,Byron at Byron Resort and Spa,"77 Broken Head Rd, Suffolk Park NSW 2481",-28.67874,153.610284,Tesla
19151,Byron Bay Library,"28 Lawson St, Byron Bay NSW 2481",-28.6433595,153.6156974,EVUp
19152,Byron Cove Beach House,"10 Kendall St, Byron Bay NSW 2481",-28.6389004,153.6037346,Tesla
19153,Byron Shire Carpark,"70-90 Station St, Mullumbimby NSW 2482",-28.5548759,153.5024149,EVUp
19154,Byron Stay,"67 Shirley St, Byron Bay NSW 2481",-28.6395098,153.6043671,Independent EV
19155,Cabins in the Clouds,"424 Moonabung Rd, Vacy NSW 2421",-32.5423289,151.5011005,Tesla
19156,Cabramatta Hotel,"224 Railway Pde, Cabramatta NSW 2166",-33.8966772,150.9379107,Tesla
19157,Caddens Corner,"82a O'Connell St, Kingswood NSW 2747",-33.7695689,150.7339002,Evie Networks
19158,Cafe Loftus,"71 National Ave, Loftus NSW 2232",-34.0424537,151.0489528,Independent EV
19159,Caltex Macksville,"Pacific Hwy, Macksville NSW 2447",-30.7098041,152.9198314,Evie Networks
19160,Caltex Tarcutta,"32 Sydney St, Tarcutta NSW 2652",-35.2774924,147.7358735,Evie Networks
19161,Cameron Park Plaza,"100 George Booth Dr, Cameron Park NSW 2285",-32.9164148,151.597277,Chargefox
19162,Canterbury Bankstown Council,"21 Shakespeare St, Campsie NSW 2194",-33.9076689,151.1039558,Independent EV
19163,Captain's Quarters Townhouses Bermagui,"The Captains Quarters, 6 George St, Bermagui NSW 2546",-36.419857,150.063318,Tesla
19164,Casino RSM,"162 Canterbury St, Casino NSW 2470",-28.8624736,153.0493516,Tesla
19165,Casino RSM,"162 Canterbury St, Casino NSW 2470",-28.8624736,153.0494516,EVUp
19166,Castle Towers Shopping Centre,"6/14 Castle St, Castle Hill NSW 2154",-33.7296502,151.0068965,Tesla
19167,Caves Coastal Bar and Bungalows,"3/3 Mawson Cl, Caves Beach NSW 2281",-33.1047393,151.647899,Independent EV
19168,Central Coast Supercharger,"Wyong Rd & Bryant Dr, Tuggerah NSW 2259",-33.3129437,151.4218481,Tesla
19169,Central Jetty Motel,"509-517 The Entrance Rd, Long Jetty NSW 2261",-33.3677873,151.4753987,Tesla
19170,Charles Dalglish,"43 Baaners Ln, Little Hartley NSW 2790",-33.5683775,150.2001079,Independent EV
19171,Charles St Parking/Charging,"10B Charles St, Canterbury NSW 2193",-33.9117284,151.1174279,Independent EV
19172,Cherrybrook Village,"Shop 42/47 Shepherds Dr, Cherrybrook NSW 2126",-33.7209507,151.043454,Tesla
19173,Cherrybrook Village,"Shop 42/47 Shepherds Dr, Cherrybrook NSW 2126",-33.7209507,151.043554,Independent EV
19174,Cherrybrook Village,"Shop 42/47 Shepherds Dr, Cherrybrook NSW 2126",-33.7209507,151.043654,Chargefox
19175,Church St Car Park,"81 Gipps St, Bega NSW 2550",-36.6733612,149.8432026,NRMA
19178,Coffs Harbour,"coffs sevice centre, North Boambee Valley NSW 2450",-30.3178012,153.0899415,Chargefox
19179,Coffs Harbour Supercharger,"253 Pacific Hwy, Coffs Harbour NSW 2450",-30.2826558,153.1314176,Tesla
19180,Coles Huntlee,"22 Empire St, Branxton NSW 2335",-32.6701592,151.35064,Chargefox
19181,Coogee Eastward Senior Citizens Hall,"97R Brook St, Coogee NSW 2034",-33.919164,151.2548881,Chargefox
19182,Cooma Supercharger,"97 Commissioner St, Cooma NSW 2630",-36.236015,149.1261314,Tesla
19183,Coomealla Motel,"1 Matong St, Dareton NSW 2717",-34.0946142,142.0388599,Independent EV
19184,Coonabarabran Visitors Centre,"Coonabarabran Coach, Coonabarabran NSW 2357",-31.278816,149.279312,NRMA
19185,Country Mile Motor Inn,"Country Mile Motor Inn, 14 Cross St, Forbes NSW 2871",-33.3836595,148.0098383,Tesla
19186,Cowra Art Gallery Car Park,"77 Darling St, Cowra NSW 2794",-33.8344591,148.6940855,NRMA
19187,Crowne Plaza Coogee,"242 Arden St, Coogee NSW 2034",-33.9224589,151.2558206,Tesla
19188,Crowne Plaza Darling Harbour,"58 Bathurst St, Sydney NSW 2000",-33.8739184,151.2040542,Tesla
19190,Crowne Plaza Hunter Valley,"430 Wine Country Dr, Lovedale NSW 2325",-32.7811478,151.3487977,Independent EV
19191,Crowne Plaza Terrigal,"Pine Tree Ln, Terrigal NSW 2260",-33.448629,151.4452447,Independent EV
19192,CSIRO Energy Centre,"10 Murray Dwyer Cct, Mayfield West NSW 2304",-32.8846225,151.7283475,Independent EV
19193,"Cypress Lakes Resort, Golf and Country Club","Vintage Ave, Pokolbin NSW 2320",-32.7857778,151.2851456,Tesla
19194,Dan Murphy's Batemans Bay,"51 Orient St, Batemans Bay NSW 2536",-35.7099345,150.1777589,Chargefox
19195,Darling Park - Wilson Parking,"201 Sussex St, Sydney NSW 2000",-33.8712161,151.203816,Chargefox
19196,Des Renford Leisure Centre,"Jersey Rd & Robey Street, Maroubra NSW 2035",-33.950653,151.2388365,Chargefox
19197,Discovery Parks Pambula Beach,"1 Pambula Beach Rd, Pambula Beach NSW 2549",-36.9418372,149.9066231,Tesla
19198,Donegal Farmstay,"103 Sandy Flat Rd, Sandy Flat NSW 2372",-29.235626,152.0129861,Tesla
19199,Dragonfly Cottages,"92 Heifer Station Ln, Borenore NSW 2800",-33.272863,149.0163655,Tesla
19200,Driver Reviver Car Park,"2 Lachlan Valley Way, Cowra NSW 2794",-33.8356839,148.6803744,Tesla
19201,Dubbo Supercharger,"76 Wingewarra St, Dubbo NSW 2830",-32.249559,148.6101591,Tesla
19202,East Village Shopping Centre,"4 Defries Ave, Zetland NSW 2017",-33.9052704,151.2130888,Chargefox
19203,East Village Shopping Centre,"4 Defries Ave, Zetland NSW 2017",-33.9052704,151.2131888,Tesla
19204,Eastern Creek Quarter,"159 Rooty Hill Rd S, Eastern Creek NSW 2766",-33.7839196,150.8525994,Chargefox
19205,Econo Lodge Moree Spa Motor Inn,"21 Alice St, Moree NSW 2400",-29.4707544,149.8468883,Tesla
19206,Ed Square Town Centre,"52 Soldiers Parade, Edmondson Park NSW 2174",-33.9697113,150.8580757,Chargefox
19207,Eden Gardens,"307 Lane Cove Rd, Macquarie Park NSW 2113",-33.780526,151.1340844,Tesla
19208,Elements of Byron Bay Car Park,"144 Bayshore Dr, Byron Bay NSW 2481",-28.6258093,153.5869648,Chargefox
19209,Elm Cottage Tumut,"722 Little River Rd, Little River NSW 2720",-35.3326444,148.3176869,Tesla
19211,Emerald Hills Shopping Village,"5 Emerald Hills Blvd, Leppington NSW 2179",-33.9964797,150.7924412,Independent EV
19212,Emirates One & Only Wolgan Valley,"2600 Wolgan Rd, Wolgan Valley NSW 2790",-33.2278234,150.2080922,Tesla
19213,Emirates One & Only Wolgan Valley,"2600 Wolgan Rd, Wolgan Valley NSW 2790",-33.2278234,150.2081922,Independent EV
19214,Epiq Market Shopping Center,"5 Snapper Dr, Lennox Head NSW 2478",-28.8073752,153.5823758,Chargefox
19215,Erina Fair,"74 Karalta Rd, Erina NSW 2250",-33.4393717,151.3911387,Independent EV
19216,Euston Bowling & Recreation Club,"2/28 Nixon St, Euston NSW 2737",-34.5801684,142.7433766,Independent EV
19217,evse.com.au,"14/13 Brumby St, Seven Hills NSW 2147",-33.7692352,150.9469445,Independent EV
19218,EVUp at Train St Central,"53 Train St, Broulee NSW 2537",-35.8439249,150.1713257,EVUp
19219,Fairmont Resort Blue Mountains,"1 Sublime Point Rd, Leura NSW 2780",-33.7208785,150.3514193,ChargePoint
19220,Figtree Grove Shopping Centre,"19 Princes Hwy, Figtree NSW 2525",-34.4366153,150.8632982,Chargefox
19221,Fitzroy Motel Inn,"27 Fitzroy St, Grafton NSW 2460",-29.694289,152.9382181,Tesla
19222,Flash Jacks of Gundagai,"14 Homer St, Gundagai NSW 2722",-35.0644143,148.1072521,Independent EV
19223,Glen Innes Town Hall,"265 Grey St, Glen Innes NSW 2370",-29.7385773,151.7358401,NRMA
19224,Glen Innes Visitor Information Centre,"152 Church St, Glen Innes NSW 2370",-29.7381427,151.7376761,Tesla
19225,Glen Innes Visitor Information Centre,"152 Church St, Glen Innes NSW 2370",-29.7381427,151.7377761,EVUp
19226,Glenferrie Lodge Kirribilli,"12A Carabella St, Kirribilli NSW 2061",-33.8501441,151.2182433,Tesla
19227,Glenguin Estate & Vineyard,"997 Milbrodale Rd, Broke NSW 2330",-32.7461755,151.0732014,Tesla
19228,Glenrock Gardens,"84 Robinsons Ln, Tenterfield NSW 2372",-29.000386,152.023975,Tesla
19229,Gosford Inn Motel,"733 Pacific Hwy, Narara NSW 2250",-33.3926197,151.3535782,Tesla
19230,Goulburn Gateway Service Station,"53 Sydney Rd, Goulburn NSW 2580",-34.7479625,149.7496447,Chargefox
19231,Goulburn Supercharger,"201 Sloane St, Goulburn NSW 2580",-34.7559863,149.720817,Tesla
19232,Goulburn Visitor Information Centre,"201 Sloane St, Goulburn NSW 2580",-34.7559863,149.720717,Independent EV
19233,Grafton Library Car Park,"126-144 Pound St, Grafton NSW 2460",-29.6882866,152.9334258,NRMA
19235,Great Northern Trading Post,"Old Northern Trading Post, 3718 Great N Rd, Laguna NSW 2325",-32.9903224,151.1305038,Independent EV
19236,Greenwood Plaza,"36 Blue St, North Sydney NSW 2060",-33.8406884,151.2075778,Tesla
19237,Greenwood Plaza,"36 Blue St, North Sydney NSW 2060",-33.8406884,151.2076778,Chargefox
19238,Griffith Visitor Information Centre,"1 Jondaryan Ave, Griffith NSW 2680",-34.2891433,146.050738,Tesla
19239,Grosvenor Place (7 Essex St),"225 George St, Sydney NSW 2000",-33.8629649,151.207252,Independent EV
19240,GT Tooling,"34 Railway Rd S, Mulgrave NSW 2756",-33.628374,150.832673,Independent EV
19241,Gundagai Supercharger,"Snake Gully, 34 Annie Pyers Dr, Gundagai NSW 2722",-35.001912,148.111399,Tesla
19242,Gymea Eco Retreat & Spa,"128 Bonnydoon Rd, Smiths Creek NSW 2484",-28.4033923,153.3489445,Tesla
19243,Habitat Byron Bay,"1 Porter St, Byron Bay NSW 2481",-28.6315079,153.5822565,Chargefox
19244,Hands of Fame Park,"2 Kable Ave, Tamworth NSW 2340",-31.0904667,150.9273942,Tesla
19245,Hands of Fame Park,"2 Kable Ave, Tamworth NSW 2340",-31.0904667,150.9274942,NRMA
19246,Harbord Diggers,"88 Evans St, Freshwater NSW 2096",-33.7792946,151.292454,Tesla
19247,Harbourside Wilson Parking,"59 Murray St, Sydney NSW 2000",-33.870915,151.1974125,Independent EV
19248,Hartley Green Power,"22 Coxs River Rd, Little Hartley NSW 2790",-33.5688932,150.2041974,Independent EV
19249,Heatherbrae Supercharger,"2285 Pacific Hwy, Heatherbrae NSW 2324",-32.7877473,151.7278323,Tesla
19250,Heifer Station Wines,"1034 The Escort Way, Borenore NSW 2800",-33.2592048,149.0038317,Tesla
19251,Highfields Chalet,Avonside NSW 2628,-36.4105901,148.7199593,Independent EV
19252,Highland Heritage Estate,"Highland Heritage Estate, 4968 Mitchell Hwy, Orange NSW 2800",-33.3111454,149.1433758,Tesla
19253,Hills Flower Market,"287 Mona Vale Rd, Terrey Hills NSW 2084",-33.6886646,151.2236545,Tesla
19254,Hillview Farmstay,"3241 Hume Hwy, Mount Adrah NSW 2729",-35.1964853,147.8178208,Tesla
19255,Hilton Sydney,"259 Pitt St, Sydney NSW 2000",-33.8720109,151.207892,Tesla
19256,Holiday Inn Sydney Airport,"154 O'Riordan St, Mascot NSW 2020",-33.9269751,151.1895731,ChargePoint
19257,Hollydene Supercharger,"3483 Golden Hwy, Jerrys Plains NSW 2330",-32.4483139,150.8314993,Tesla
19258,Holtermann St Carpark,"29 Holtermann St, Crows Nest NSW 2065",-33.8251258,151.2021849,Independent EV
19259,Howlong Golf Resort,"186 Golf Club Dr, Howlong NSW 2643",-35.9841874,146.6432731,Tesla
19260,Hume St Carpark,"44 Hume St, Crows Nest NSW 2065",-33.8244407,151.1998883,Independent EV
19261,Hunter Valley Cooperage B,"41 Oakey Creek Rd, Cessnock NSW 2325",-32.8251403,151.3264179,Tesla
19262,Hunter Valley Gardens Carpark,"2090 Broke Rd, Pokolbin NSW 2320",-32.7740327,151.2955771,NRMA
19263,Hunter Valley Resort,"Hermitage Rd & Mistletoe Ln, Pokolbin NSW 2320",-32.7290635,151.2591116,Tesla
19264,Hunter Wetlands Centre,"412 Sandgate Rd, Shortland NSW 2307",-32.8780102,151.6968309,Independent EV
19265,Hyundai Brookvale Dealership,"493 Pittwater Rd, Brookvale NSW 2100",-33.7640894,151.2707929,Independent EV
19266,IBIS Styles The Entrance,"315 Central Coast Hwy, Long Jetty NSW 2261",-33.3524924,151.4889255,Independent EV
19267,ICC Sydney Exhibition Centre Car Park (Car Park 1),"14 Darling Dr, Sydney NSW 2000",-33.8751814,151.1998628,ChargePoint
19268,Innovation Campus - SBRC (Building 237),"Innovation Way, North Wollongong NSW 2500",-34.4007439,150.8982098,ChargePoint
19269,Intercontinental Hotel,"117 Macquarie St, Sydney NSW 2000",-33.8628857,151.2123616,Tesla
19270,Intercontinental Hotel,"117 Macquarie St, Sydney NSW 2000",-33.8628857,151.2124616,Chargefox
19271,Intercontinental Sydney Double Bay,"20/26 Cross St, Double Bay NSW 2028",-33.8764552,151.2430418,Independent EV
19272,Jenolan Caves House,"4654 Jenolan Caves Rd, Jenolan NSW 2790",-33.8207078,150.0214396,Tesla
19273,Joadja Distillery,"1714 Joadja Rd, Joadja NSW 2575",-34.4235692,150.2150038,Independent EV
19274,Joadja Historic Site & Distillery,"1760 Joadja Rd, Joadja NSW 2575",-34.4235692,150.2149038,Tesla
19276,Jugiong Playground and Swimming Pool,"319 Riverside Dr, Jugiong NSW 2726",-34.8237247,148.3247877,NRMA
19277,Kandos Museum,"22 Buchanan St, Kandos NSW 2848",-32.8602711,149.9734874,Tesla
19278,Keith Tulloch Winery,"989 Hermitage Rd, Pokolbin NSW 2320",-32.734869,151.261453,Independent EV
19279,Kelly St Car Park,"167 Kelly St, Scone NSW 2337",-32.0499784,150.8672054,NRMA
19280,Kew Motel,"Kew Court Motel, 144 Nancy Bird Walton Dr, Kew NSW 2439",-31.6345965,152.7237084,Tesla
19281,KFC Frenchs Forest,"20 Frenchs Forest Rd E, Frenchs Forest NSW 2086",-33.7515351,151.2441705,Independent EV
19282,Kiaora Place Shopping Centre,"1 Kiaora Rd, Double Bay NSW 2028",-33.8783925,151.2439428,Chargefox
19283,Kim's Beachside Retreat,"16 Charlton St, Toowoon Bay NSW 2261",-33.3608295,151.4989637,Tesla
19284,Kingscliff Shopping Centre,"32 Pearl St, Kingscliff NSW 2487",-28.2555425,153.5749473,Chargefox
19285,Kirkton Park Hunter Valley,"336 Oakey Creek Rd, Pokolbin NSW 2320",-32.8086229,151.3054373,Tesla
19286,Kloster Nissan,"Tudor St, Hamilton DC NSW 2303",-32.9239076,151.7462861,Independent EV
19287,Knockrow Supercharger,"419 Hinterland Way, Knockrow NSW 2479",-28.7498479,153.5331633,Tesla
19288,Koala Tree Motel,"Koala Tree Motel, 179 Gordon St, Port Macquarie NSW 2444",-31.4347033,152.8981371,Tesla
19290,Lake Crackenback Resort,"1454 Alpine Way, Crackenback NSW 2627",-36.452248,148.4673822,Tesla
19291,Lake George Winery,"Federal Hwy, Lake George NSW 2581",-34.984996,149.383795,Independent EV
19292,Lake Macquarie Council,"126-138 Main Rd, Speers Point NSW 2284",-32.9600691,151.6236683,Chargefox
19293,Laman St Parking/Charging,"25 Laman St, Cooks Hill NSW 2300",-32.929377,151.7719625,Chargefox
19294,Lane Cove Market Square Car Park,"28 Burns Bay Rd, Lane Cove NSW 2066",-33.8151643,151.1691303,Independent EV
19295,Latitude One,"Latitude Dr, Anna Bay NSW 2316",-32.7617363,152.0828909,Independent EV
19296,Lismore Bounty Motel,"Bounty Motel, 241 Keen St, Lismore NSW 2480",-28.8129865,153.275264,Tesla
19297,Lithgow Workies Club,"3-7 Tank St, Lithgow NSW 2790",-33.4777272,150.1609403,NRMA
19298,Little Barber St Parking Lot,"73 Little Barber St, Gunnedah NSW 2380",-30.9781149,150.2509491,NRMA
19299,Little Street Car Park,"2 Little St, Lane Cove North NSW 2066",-33.8135344,151.1715451,Independent EV
19300,Lovell St Car Park,"88 Lovell St, Young NSW 2594",-34.3117962,148.2949118,NRMA
19301,Luke Park,"33 Powell St, Jerilderie NSW 2716",-35.3558361,145.7278158,NRMA
19302,Luxury Blue Mountains Accommodation,"6 The Avenue, Wentworth Falls NSW 2782",-33.7219754,150.3716578,Tesla
19303,M-Arts Precinct Murwillumbah,"105 Wollumbin St, Murwillumbah NSW 2484",-28.3271389,153.3948305,Tesla
19304,Macarthur Centre for Sustainable Living,"1 Mount Annan Dr, Mount Annan NSW 2567",-34.0556271,150.771849,Chargefox
19305,Macarthur Square Shopping Centre,"200 Gilchrist Dr, Campbelltown NSW 2560",-34.0748763,150.7976685,Tesla
19306,Mackellar Motel,"342 Conadilly St, Gunnedah NSW 2380",-30.9797594,150.2577127,Tesla
19307,Maclean Supercharger,"56 Morpeth St, Harwood NSW 2465",-29.422442,153.2399732,Tesla
19308,Macquarie Centre - Chargepoint,"63 Talavera Rd, Macquarie Park NSW 2113",-33.7760506,151.1222793,ChargePoint
19309,Macquarie Park Supercharger,"55-61 Talavera Rd, Macquarie Park NSW 2113",-33.7772778,151.1236512,Tesla
19310,Macquarie University,"Balaclava Rd, Macquarie Park NSW 2109",-33.7738237,151.1126498,Independent EV
19311,Mandarin Motel,"24 Princess St, Macksville NSW 2447",-30.708589,152.9187168,Tesla
19312,Marina Square Shopping Centre Wentworth Point,"5 Footbridge Bvd, Sydney Olympic Park NSW 2127",-33.8245423,151.0789793,Tesla
19313,Marina Square Shopping Centre Wentworth Point,"5 Footbridge Bvd, Sydney Olympic Park NSW 2127",-33.8245423,151.0790793,Independent EV
19314,Max Webber Library,"62 Flushcombe Rd, Blacktown NSW 2148",-33.7716336,150.9086078,Independent EV
19315,McDonald's,"133 Samantha Riley Dr, Kellyville NSW 2155",-33.6996291,150.9576895,Chargefox
19316,McDonald's Dural,"823 Old Northern Rd, Dural NSW 2158",-33.6958229,151.0315945,Chargefox
19317,McTavish Surf,"91 Centennial Cct, Byron Bay NSW 2481",-28.6365833,153.580196,Tesla
19318,Meninya Palms Moama,"54-56 Meninya St, Moama NSW 2731",-36.1111595,144.7539036,Tesla
19319,Mercato Shopping Centre,"106 Jonson St, Byron Bay NSW 2481",-28.6470279,153.6124725,Chargefox
19320,Mercure Hotel,"Shop 1/820 George St, Sydney NSW 2000",-33.8842625,151.203022,ChargePoint
19321,Micro Energy Systems Australia,"147 Princes Hwy, Bodalla NSW 2545",-36.0959078,150.0511597,ChargePoint
19322,Mill Hill Centre,"31 Spring St, Bondi Junction NSW 2022",-33.8924759,151.2461293,Chargefox
19323,Milton Park Country House,"200 Horderns Rd, Bowral NSW 2576",-34.4989528,150.4815589,Tesla
19324,Milton Park Country House,"200 Horderns Rd, Bowral NSW 2576",-34.4989528,150.4816589,Independent EV
19325,Mino + Co Wines Cellar Door,"113 Hanwood Ave, Hanwood NSW 2680",-34.3398882,146.0589659,Tesla
19326,Mirvac South Eveleigh,"2 Central Ave, Eveleigh NSW 2015",-33.8961195,151.1951555,Tesla
19327,Mirvac South Eveleigh,"2 Central Ave, Eveleigh NSW 2015",-33.8961195,151.1952555,Chargefox
19328,Mittagong RSL Car Park,"9 Bessemer St, Mittagong NSW 2575",-34.450216,150.4430868,NRMA
19329,Mittagong Visitor Information Centre,"70 Main St, Mittagong NSW 2575",-34.4499343,150.4519611,EVUp
19330,Mollymook Seascape Motel,"22 Princes Hwy, Mollymook NSW 2539",-35.3461969,150.4705258,Tesla
19331,Mollymook Surfbeach Motel,"2 Shepherd St, Mollymook NSW 2539",-35.339796,150.4728481,Tesla
19332,Moruya Golf Club,"28A Evans St, Moruya NSW 2537",-35.9139953,150.0753668,Tesla
19333,Mosman Council,"6 Myahgah Rd, Mosman NSW 2088",-33.8255979,151.2413993,Evie Networks
19334,Mount Druitt Hub,"9 Ayres Grove, Mount Druitt NSW 2770",-33.7673709,150.8217792,Chargefox
19335,Mountain Ridge Wines,"11 Coolangatta Rd, Coolangatta NSW 2535",-34.8402325,150.7320802,Tesla
19336,Mountain Ridge Wines,"11 Coolangatta Rd, Coolangatta NSW 2535",-34.8402325,150.7321802,EVUp
19337,Mudgee Information Centre,"84 Market St, Mudgee NSW 2850",-32.5903292,149.5853481,Tesla
19338,Muir St Parking/Charging,"6 Muir St, Medowie NSW 2318",-32.7389826,151.8672424,Chargefox
19339,Nabiac Park,"35 Nabiac St, Nabiac NSW 2312",-32.0993292,152.3811552,NRMA
19340,Nambucca Plaza Shopping Centre,"2191 Giinagay Way, Nambucca Heads NSW 2448",-30.6542475,152.9877174,Tesla
19341,Narara Ecovillage Coffee Cart,"30 Gugandi Rd, Narara NSW 2250",-33.3934017,151.3293208,Independent EV
19342,Narooma Supercharger,"183 Princes Hwy, Narooma NSW 2546",-36.2224529,150.1277229,Tesla
19343,Narrandera Park,"31 Twynam St, Narrandera NSW 2700",-34.7466273,146.5501803,NRMA
19344,National Transport Museum Inverell,"11 Rifle Range Rd, Inverell NSW 2360",-29.7910481,151.1211823,Independent EV
19345,Nelson Resort & Conference Centre,"3 Government Rd, Nelson Bay NSW 2315",-32.7207476,152.1429882,Tesla
19346,Newcastle Links Motel,"1024 Nelson Bay Rd, Fern Bay NSW 2295",-32.8708409,151.7936776,Independent EV
19347,NHP Electrical Engineering Products Pty Ltd,"30-34 Day St N, Silverwater NSW 2128",-33.8381725,151.0526388,Independent EV
19348,Nicholson St Carpark,"19 Nicholson St, Wollstonecraft NSW 2065",-33.8269518,151.199066,Independent EV
19349,No. 2 Sportsground,"Smith St, Newcastle West NSW 2302",-32.9334094,151.7585158,Chargefox
19350,North Coast Power and Water,"13 Gdt Seccombe Cl, Coffs Harbour NSW 2450",-30.2873987,153.1271838,Independent EV
19351,North Shore BMW,"676 Pacific Hwy, Chatswood NSW 2067",-33.7991358,151.1786013,ChargePoint
19352,North Sydney Council- Woolworths Car Park Crows Nest,"10 Falcon St, Crows Nest NSW 2065",-33.8272798,151.2017211,Independent EV
19353,Northpoint Holiday Apartments,"2 Murray St, Port Macquarie NSW 2444",-31.4283576,152.9113522,Tesla
19354,Novotel Newcastle Beach,"5 King St, Newcastle NSW 2300",-32.9292642,151.784893,Tesla
19355,Novotel Sydney Central,"179 Thomas St, Haymarket NSW 2000",-33.8817471,151.2027944,Tesla
19356,NRMA - Club Mudgee Car Park,"99 Mortimer St, Mudgee NSW 2850",-32.5930036,149.5853108,NRMA
19357,NRMA Balranald,"89 Market St, Balranald NSW 2715",-34.6400407,143.5641766,NRMA
19358,NRMA Hay,"406 Moppett St, Hay NSW 2711",-34.5089694,144.8428368,NRMA
19359,Oakvale Wines,"1596 Broke Rd, Pokolbin NSW 2320",-32.758988,151.2523686,Tesla
19360,Oberon Visitor Information Centre,"48 Ross St, Oberon NSW 2787",-33.7087606,149.857737,Tesla
19361,Old Council Chambers Luxury Accommodation,"157 Manners St, Tenterfield NSW 2372",-29.0558102,152.0202551,Tesla
19362,Oliver's Gundagai,"31 Annie Pyers Dr, Gundagai NSW 2722",-35.0023469,148.1102089,Chargefox
19363,Orana Motel,"95 Cobra St, Dubbo NSW 2830",-32.2546157,148.6087193,Tesla
19364,Orange Civic Centre Car Park,"151a Byng St, Orange NSW 2800",-33.2817348,149.1034134,NRMA
19365,Pacific Bay Resort,"Cnr Pacific Hwy and, Bay Dr, Coffs Harbour NSW 2450",-30.2672222,153.1347222,Independent EV
19366,Pacific Bondi Beach,"180 Campbell Parade, Bondi Beach NSW 2026",-33.8891245,151.2756383,Tesla
19367,Park Hyatt Sydney,"7 Hickson Rd, The Rocks NSW 2000",-33.8557235,151.2097888,Tesla
19368,Park on King,"338 King St, Mascot NSW 2020",-33.9294123,151.1856578,Tesla
19369,Parkes Swimming Pool,"27 Dalton St, Parkes NSW 2870",-33.1371457,148.172794,NRMA
19370,"Parramatta Motor Group, Service Centre","3 Grand Ave, Camellia NSW 2142",-33.8199946,151.0262131,Independent EV
19371,Parramatta Nissan,"Raymond St & Church St, Parramatta NSW 2150",-33.8247653,151.0046269,ChargePoint
19374,PCYC Carpark - 2,"40 Kingsway, Dee Why NSW 2099",-33.7503396,151.2862494,Independent EV
19375,Peak Hill Caravan Park,"2 Ween St, Peak Hill NSW 2869",-32.7211829,148.190703,Tesla
19376,Pennant Hills Market Place,"shop 17/10 Hillcrest Rd, Pennant Hills NSW 2120",-33.7376217,151.0709729,Independent EV
19377,Penrith Nissan,"2140 Castlereagh Rd, Penrith NSW 2750",-33.7379428,150.6918074,Chargefox
19378,Peterson House,"Broke Rd & Wine Country Dr, Pokolbin NSW 2320",-32.7753762,151.3407758,Tesla
19379,Petersons Armidale Winery & Guesthouse,"345 Dangarsleigh Rd, Armidale NSW 2350",-30.5547643,151.6826632,Tesla
19380,Petersons Wines,"522 Mount View Rd, Cessnock NSW 2325",-32.8334393,151.3041633,Tesla
19381,Petersons Wines,"6 Black Springs Rd, Eurunderee NSW 2850",-32.5482247,149.6307106,Tesla
19382,Petrichor Farm,"89 Haskins Way, Gundaroo NSW 2620",-35.107578,149.2794567,Tesla
19383,Pier One Sydney Harbour,"11 Hickson Rd, Dawes Point NSW 2000",-33.85419,151.2081547,Tesla
19384,Pittwater RSL Club,"80-82 Mona Vale Rd, Mona Vale NSW 2103",-33.6779119,151.2931622,Independent EV
19385,Poinciana Motel,"Gallery Motel, 453 Tweed Valley Way, South Murwillumbah NSW 2484",-28.3428005,153.4002885,Tesla
19386,Port Macquarie Service Centre,"1063 Oxley Hwy, Thrumster NSW 2444",-31.4635754,152.8220345,Chargefox
19387,Port Macquarie Supercharger,"10 Winery Dr, Port Macquarie NSW 2444",-31.4358331,152.8236011,Tesla
19388,Portman House,"205 Kelly St, Scone NSW 2337",-32.051564,150.8671373,Tesla
19389,Prince Henry Centre,"Little Bay Beach, 4R Coast Hospital Rd, Little Bay NSW 2036",-33.9799572,151.2513183,Independent EV
19390,Pullman Sydney Hyde Park,"36 College St, Darlinghurst NSW 2010",-33.8762429,151.2125209,Tesla
19391,Quality Hotel Ballina Beach Resort,"1 Foster St, East Ballina NSW 2478",-28.8681167,153.5886496,Tesla
19392,Quality Hotel Powerhouse,"31 Marsh St, Armidale NSW 2350",-30.5061822,151.6724328,Tesla
19393,Quality Hotel Rules Club Wagga,"188 Fernleigh Rd, Wagga Wagga NSW 2650",-35.1306974,147.3401364,Tesla
19394,Queen Victoria Building - Valet Parking,"111 York St, Sydney NSW 2000",-33.8711794,151.2061077,Tesla
19395,Rainbow Power Company,"1 Alternative Way, Nimbin NSW 2480",-28.5953327,153.226753,Tesla
19396,Randwick Community Centre,"27 Munda St, Randwick NSW 2031",-33.9305044,151.2467569,Chargefox
19397,Randwick Junction,"18 Silver St, Randwick NSW 2031",-33.9138492,151.2393362,Chargefox
19398,Rhodes Waterside,"1 Rider Blvd, Rhodes NSW 2138",-33.8351248,151.084473,Tesla
19399,Rhodes Waterside,"1 Rider Blvd, Rhodes NSW 2138",-33.8351248,151.084573,Independent EV
19400,Rhodes Waterside,"1 Rider Blvd, Rhodes NSW 2138",-33.8351248,151.084673,Chargefox
19401,Ridge St Carpark,"1 James Pl, North Sydney NSW 2060",-33.833291,151.2073294,Independent EV
19402,Ridge St Parking/Charging,"23 Ridge St, Nambucca Heads NSW 2448",-30.6423576,153.0038117,Independent EV
19403,River Street Car Park,"999 Princess St, Macksville NSW 2447",-30.7059726,152.9192586,Independent EV
19404,Rooty Hill Station Commuter Carpark,"1 Station St, Rooty Hill NSW 2766",-33.7713922,150.845071,Chargefox
19405,Ropes Crossing Village Shopping Centre,"8 Ropes Crossing Blvd, Ropes Crossing NSW 2760",-33.7299524,150.7807061,Tesla
19406,Rose Bay Shopping,"2A Richmond Rd, Rose Bay NSW 2029",-33.8716222,151.2681738,Chargefox
19407,Ross Hill Wines,"134 Wallace Ln, Orange NSW 2800",-33.3335,149.043181,Tesla
19408,Rotary Kiewa St Market,"Level 2/441 Kiewa St, Albury NSW 2640",-36.0837322,146.9143513,NRMA
19409,Rouse Hill Town Centre - Purple Car Park,"72 Civic Way, Rouse Hill NSW 2155",-33.6906736,150.9258319,Tesla
19411,Sails Port Macquarie,"20 Park St, Port Macquarie NSW 2444",-31.4271206,152.8982979,Tesla
19412,Savannah Estate,"211/402 Mount View Rd, Mount View NSW 2325",-32.8313564,151.3187613,Tesla
19413,Sawtell Motor Inn,"Sawtell Motor Inn, 57 Boronia St, Sawtell NSW 2452",-30.3701045,153.0991893,Tesla
19414,Scenic World,"Violet St & Cliff Dr, Katoomba NSW 2780",-33.7290181,150.2998321,Tesla
19415,Sea Mist Jervis Bay,"13 Berry St, Huskisson NSW 2540",-35.0463072,150.6703145,Tesla
19416,Sea Mist Jervis Bay,"13 Berry St, Huskisson NSW 2540",-35.0463072,150.6704145,Everty
19417,Seagulls Club,"Unit 54/68 Gollan Dr, Tweed Heads West NSW 2485",-28.1977059,153.5057332,Tesla
19418,Settlers Motor Inn,"120 New England Hwy, Tenterfield NSW 2372",-29.0405647,152.0199321,Tesla
19419,Seven Hills Railway Station Carpark,"Boomerang Pl, Seven Hills NSW 2147",-33.7747435,150.9362842,Chargefox
19420,Shaw Wines,"34 Isabel Dr, Murrumbateman NSW 2582",-34.9761042,149.0082813,Tesla
19421,Shaw Wines,"34 Isabel Dr, Murrumbateman NSW 2582",-34.9761042,149.0083813,Independent EV
19422,Sheraton Grand Hyde Park,"161 Elizabeth St, Sydney NSW 2000",-33.8715295,151.2097193,Tesla
19423,Shire St Parking/Charging,"13-15 Shire St, West Wyalong NSW 2671",-33.9238926,147.2037618,NRMA
19424,Sisters Rock Restaurant,"Borrodell, 298 Lake Canobolas Rd, Canobolas NSW 2800",-33.3154277,149.0221838,Tesla
19425,Skyline Solar ( Working Now ),"317 Windsor Rd, Vineyard NSW 2765",-33.6303798,150.8439909,Independent EV
19426,Snowy Hydro Discovery Centre,"4-10 Yulin Ave, Cooma NSW 2630",-36.2188263,149.1335079,Chargefox
19428,Social Eatery Connect Corporate Centre,"185 O'Riordan St, Mascot NSW 2020",-33.9268152,151.1867504,Chargefox
19429,Soldiers Point Marina,"2 Sunset Blvd, Soldiers Point NSW 2317",-32.7015766,152.0631385,Tesla
19430,Sovereign Place,"John Oxley Dr before Chancellor Dr, Thrumster NSW 2444",-31.458288,152.828369,NRMA
19431,Spicer's Guesthouse,"Ekerts Rd, Pokolbin NSW 2320",-32.7780074,151.2713445,Independent EV
19432,Spicers Vineyards Estate,"555 Hermitage Rd, Pokolbin NSW 2320",-32.6963867,151.2617226,Tesla
19433,St Ives Shopping Village,"166 Mona Vale Rd, St Ives NSW 2075",-33.7299009,151.1585895,Chargefox
19434,St Maur Winery,"238 Old Argyle Rd, Exeter NSW 2579",-34.6068718,150.2776046,Tesla
19435,Stanhope Village Shopping Centre,"2 Sentry Dr, Stanhope Gardens NSW 2768",-33.7186167,150.9200078,Tesla
19436,Stanhope Village Shopping Centre,"2 Sentry Dr, Stanhope Gardens NSW 2768",-33.7186167,150.9201078,Chargefox
19437,Stockland,"121 Howick St, Bathurst NSW 2795",-33.4182154,149.5829797,Tesla
19438,Stockland Balgowlah,"197-215 Condamine St, Balgowlah NSW 2093",-33.7930797,151.2643177,ChargePoint
19439,Stockland Balgowlah,"197-215 Condamine St, Balgowlah NSW 2093",-33.7930797,151.2644177,Tesla
19442,Stockland Cammeray,"450 Miller St, Cammeray NSW 2062",-33.8236017,151.2097047,Tesla
19443,Stockland Cammeray,"450 Miller St, Cammeray NSW 2062",-33.8236017,151.2098047,ChargePoint
19444,Stockland Forster,"123 Breese Parade, Forster NSW 2428",-32.1995922,152.5200713,ChargePoint
19445,Stockland Forster,"123 Breese Parade, Forster NSW 2428",-32.1995922,152.5201713,Tesla
19446,Stockland Glendale,"387 Lake Rd, Glendale NSW 2285",-32.9343229,151.6421833,Tesla
19447,Stockland Glendale,"387 Lake Rd, Glendale NSW 2285",-32.9343229,151.6422833,Independent EV
19448,Stockland Green Hills,"12 Mitchell Dr, East Maitland NSW 2323",-32.7607519,151.5907354,ChargePoint
19449,Stockland Green Hills,"12 Mitchell Dr, East Maitland NSW 2323",-32.7607519,151.5908354,Tesla
19450,Stockland Jesmond,"28 Blue Gum Rd, Jesmond NSW 2299",-32.9027533,151.6902806,Tesla
19451,Stockland Jesmond,"28 Blue Gum Rd, Jesmond NSW 2299",-32.9027533,151.6903806,Independent EV
19452,Stockland Merrylands,"Pitt St & McFarlane St, Merrylands NSW 2160",-33.8358671,150.9915856,Tesla
19453,Stockland Shellharbour - East,"211 Lake Entrance Rd, Shellharbour City Centre NSW 2529",-34.56286,150.8402774,Tesla
19454,Stockland Shellharbour - East,"211 Lake Entrance Rd, Shellharbour City Centre NSW 2529",-34.56286,150.8403774,ChargePoint
19455,Stockland Shellharbour - West,"Ground, Stockland Shellharbour, 211 Lake Entrance Rd, Shellharbour NSW 2529",-34.5649659,150.840232,Tesla
19456,Stockland Shellharbour - West,"Ground, Stockland Shellharbour, 211 Lake Entrance Rd, Shellharbour NSW 2529",-34.5649659,150.840332,ChargePoint
19457,Stockland Wetherill Park,"561/583 Polding St, Wetherill Park NSW 2164",-33.8593157,150.8978985,Tesla
19458,Strathfield Square Parking,"5 Churchill Ave, Strathfield NSW 2135",-33.8721739,151.0935841,Independent EV
19459,Submarine Park,"7 Prospect St, Holbrook NSW 2644",-35.7175754,147.3176258,NRMA
19460,Supa Centa Moore Park,"2 Todman Ave, Kensington NSW 2033",-33.9024515,151.2152205,Tesla
19461,Supercheap Auto,"2227 Wolseley St, Jamisontown NSW 2750",-33.7698966,150.6729235,Tesla
19462,Suranadi Beach Houses,"3 Cavvanbah St, Byron Bay NSW 2481",-28.6398972,153.6076678,Tesla
19463,Suttons City Nissan,"118-130 Epsom Rd, Zetland NSW 2017",-33.9112217,151.2106444,Chargefox
19465,Sydney Airport - Qantas Valet Parking,"Sydney Airport, Sydney Airport (SYD), Domestic Terminal 3 Arrivals Arrivals Rd, Mascot NSW 2020",-33.9329646,151.180012,Tesla
19466,Sydney Broadway Supercharger,"1 Bay St, Glebe NSW 2037",-33.8829417,151.1941191,Tesla
19467,Sydney City Traders,"153 Parramatta Rd, Five Dock NSW 2046",-33.8705139,151.1187607,Independent EV
19468,Sydney Markets,"250/318 Parramatta Rd, Homebush West NSW 2140",-33.860054,151.0712501,Tesla
19469,Sydney Markets,"250/318 Parramatta Rd, Homebush West NSW 2140",-33.860054,151.0713501,Independent EV
19470,Sydney Markets,"250/318 Parramatta Rd, Homebush West NSW 2140",-33.8631454,151.0718938,Independent EV
19471,Sydney Motorsport Park,"1 Ferrers Rd, Eastern Creek NSW 2766",-33.8037992,150.8676991,Tesla
19472,Sydney Olympic Park,"15 Edwin Flack Ave, Sydney Olympic Park NSW 2127",-33.8449744,151.0607053,Tesla
19473,Sydney Olympic Park,"9 Murray Rose Ave, Sydney Olympic Park NSW 2127",-33.8458628,151.0696945,NRMA
19474,Tamburlaine Wines,"358 McDonalds Rd, Pokolbin NSW 2320",-32.7822086,151.3022139,Tesla
19475,Tamworth Supercharger,"25 Park St, West Tamworth NSW 2340",-31.1012565,150.9168989,Tesla
19476,Taree South Service Centre,"201 Manning River Dr, Glenthorne NSW 2430",-31.9435087,152.4708761,Evie Networks
19477,Tenterfield Visitors Information Centre,"157 Rouse St, Tenterfield NSW 2372",-29.0571876,152.0186766,NRMA
19478,The Amora Hotel Jamison Sydney,"11 Jamison St, Sydney NSW 2000",-33.8645502,151.2061462,Tesla
19479,The Anchorage,"2 West St, Bermagui NSW 2546",-36.426114,150.063369,Tesla
19480,The Canopy Lane Cove - P3,"2/24 Birdwood Ln, Sydney NSW 2066",-33.813922,151.169515,Tesla
19481,The Canopy Lane Cove - P3,"2/24 Birdwood Ln, Sydney NSW 2066",-33.813922,151.169615,Independent EV
19482,The Carrington Inn,"21 Malbon St, Bungendore NSW 2621",-35.2565207,149.4400298,Tesla
19483,The Clydesdale Motel & Steakhouse,"Clydesdale Motel, 143 Johnston St, Casino NSW 2470",-28.8630196,153.0676276,EVUp
19484,The Crossing Motel,"39 Seignior St, Junee NSW 2663",-34.8712534,147.5820007,Tesla
19485,The Entrance Motel,"212 The Entrance Rd, Long Jetty NSW 2261",-33.3526728,151.4902939,Tesla
19486,The Executive Inn,"10 Rugby Rd, New Lambton NSW 2305",-32.9211521,151.7147985,Tesla
19487,The Farm Byron Bay,"Flowerdale Farm, 11 Ewingsdale Rd, Ewingsdale NSW 2481",-28.6357744,153.5553165,NRMA
19488,The Gateway Inn Newcastle,"26 William St, Mayfield NSW 2304",-32.8924328,151.7432109,Tesla
19489,The Highline Venue,"462 Chapel Rd, Bankstown NSW 2200",-33.913447,151.0341269,Tesla
19490,The Hills Lodge,"1 Salisbury Rd, Castle Hill NSW 2154",-33.7306381,150.9731012,Tesla
19491,The Hydro Majestic Hotel Blue Mountains,"52-88 Great Western Hwy, Medlow Bath NSW 2780",-33.6774245,150.2815125,Tesla
19492,The Hydro Majestic Hotel Blue Mountains,"52-88 Great Western Hwy, Medlow Bath NSW 2780",-33.6774245,150.2816125,Independent EV
19493,The Langham Hotel Sydney,"89-113 Kent St, Millers Point NSW 2000",-33.8605169,151.2034473,Tesla
19494,The Lodge Broulee Motel,"18 Imlay St, Broulee NSW 2537",-35.8557306,150.172716,Tesla
19495,The Longhouse Pokolbin,"385 Palmers Ln, Pokolbin NSW 2320",-32.7541516,151.3000422,Tesla
19496,The Mascot Eye Specialist Centre,"170 King Ln, Mascot NSW 2020",-33.930536,151.197518,Independent EV
19497,The Mix Chatswood Carpark,"46 Hercules St, Chatswood NSW 2067",-33.7957097,151.1888199,Independent EV
19498,The Observatory Holiday Apartments,"30-36 Camperdown St, Coffs Harbour NSW 2450",-30.3063515,153.1371698,Tesla
19499,The Observatory Port Macquarie,"40 William St, Port Macquarie NSW 2444",-31.4309607,152.918799,Tesla
19500,The Observatory Port Macquarie,"40 William St, Port Macquarie NSW 2444",-31.4309607,152.918899,Independent EV
19501,The Place @ Warrawong Plaza,"Cnr King &, Cowper St, Warrawong NSW 2502",-34.4863889,150.8897222,Independent EV
19502,The Quality Hotel PowerHouse,"248 Armidale Rd, East Tamworth NSW 2340",-31.0982051,150.9405066,Tesla
19503,The Seabird,"103 Bruce Cameron Dr, Moruya NSW 2537",-35.9061213,150.1374946,Independent EV
19504,The Silos Estate,"640 Princes Hwy, Jaspers Brush NSW 2535",-34.8090953,150.6404804,Tesla
19505,The Sunseeker Byron Bay,"100 Bangalow Rd, Byron Bay NSW 2481",-28.6596769,153.6151704,Independent EV
19506,The Zin House,"Tinja Ln, Eurunderee NSW 2850",-32.5552209,149.5889888,Tesla
19507,Thirsty Crow Brewery,"153 Fitzmaurice St, Wagga Wagga NSW 2650",-35.1029372,147.3688004,Tesla
19508,Thistledo Vineyard,"Thistledo Vineyard, 558 Wollombi Rd, Broke NSW 2330",-32.7839958,151.0815855,Tesla
19509,Thomas Street Carpark,"25 Thomas St, Ultimo NSW 2007",-33.8832202,151.1986639,Everty
19510,Thredbo Alpine Hotel,"S2 Mowamba Pl, Kosciuszko National Park NSW 2625",-36.5041894,148.3062918,Tesla
19511,Top Ryde City Shopping Centre,"Blaxland Rd & Devlin St, Ryde NSW 2112",-33.8102014,151.1060251,Chargefox
19512,Town Square Motel & Metropolitan Hotel,"246 Anson St, Orange NSW 2800",-33.2810752,149.0994223,Tesla
19513,Tramsheds Harold Park,"1 Dalgal Way, Forest Lodge NSW 2037",-33.8761055,151.1783737,Tesla
19514,Tramsheds Harold Park,"1 Dalgal Way, Forest Lodge NSW 2037",-33.8761055,151.1784737,Independent EV
19515,Tramsheds Harold Park,"1 Dalgal Way, Forest Lodge NSW 2037",-33.8761055,151.1785737,Chargefox
19516,Tropical Fruit World,"Tropical Fruit World, 29 Duranbah Rd, Duranbah NSW 2487",-28.2855694,153.5252895,Chargefox
19517,Tumut River Brewing Co.,"1-5 Capper St, Tumut NSW 2720",-35.2954431,148.2153619,Tesla
19518,Tweed Heads Vegas Motel,"123 Wharf St, Tweed Heads NSW 2485",-28.1767544,153.5407321,Tesla
19519,Twisted River Wines,"6056 Henry Parkes Way, Manildra NSW 2865",-33.1912931,148.5330477,Tesla
19520,UNSW,"20 Oval Ln, Kensington NSW 2033",-33.9188055,151.234467,Chargefox
19521,UoN P4 Carpark,"University Dr, Callaghan NSW 2308",-32.8927718,151.7041775,Independent EV
19522,UoN P6 Carpark,"University Dr, Callaghan NSW 2308",-32.8927718,151.7042775,Chargefox
19523,Valet Park and Fly Wagga Airport,"Don Kendell Dr, Forest Hill NSW 2651",-35.157577,147.4594566,Tesla
19524,Visionstream,"20 Bowmans Rd, Kings Park NSW 2148",-33.7467694,150.9028037,ChargePoint
19525,Visionstream Kingsgrove Office Carpark,"111 Vanessa St, Kingsgrove NSW 2208",-33.942461,151.0937237,ChargePoint
19526,Volvo Cars Liverpool,"13 Hume Hwy, Warwick Farm NSW 2170",-33.9113775,150.935893,Independent EV
19527,Wagga Wagga Cross St Car Park,Wagga Wagga NSW 2650,-35.1053553,147.373681,NRMA
19528,Wakefield Park Raceway,"4770 Braidwood Rd, Tirrannaville NSW 2580",-34.8404055,149.6867208,Independent EV
19529,Wallsend Car Park,"76 Cowper St, Wallsend NSW 2287",-32.9028112,151.6698641,NRMA
19531,Walton Lane Car Park,"5 Walton Ln, Picton NSW 2571",-34.1682799,150.610914,NRMA
19532,Warrawong Plaza - JAX Tyres,"Cowper St & King St, Warrawong NSW 2502",-34.4853486,150.8875421,EVUp
19533,Western Plains Cultural Centre,"76 Wingewarra St, Dubbo NSW 2830",-32.249559,148.6100591,NRMA
19534,Westfield Bondi Junction - Car Park P3,"13 Waverley St, Bondi Junction NSW 2022",-33.8930533,151.2512645,ChargePoint
19535,Westfield Bondi Junction - Car Park P4 (Valet),"500 Oxford St, Bondi Junction NSW 2022",-33.8915695,151.2505012,Tesla
19536,Westfield Bondi Junction - Valet Parking,"500 Oxford St, Bondi Junction NSW 2022",-33.8915695,151.2506012,ChargePoint
19537,Westfield Chatswood Rooftop Parking,"52 Albert Ave, Chatswood NSW 2067",-33.7980745,151.1844265,Chargefox
19538,Westfield Chatswood Underground Car Park,"1 Anderson St, Chatswood NSW 2067",-33.7967682,151.1828639,ChargePoint
19539,Westfield Miranda,"600 Kingsway, Miranda NSW 2228",-34.0355512,151.1006368,Tesla
19541,Westfield Parramatta,"59 Church St, Parramatta NSW 2150",-33.8221879,151.0038102,ChargePoint
19542,Westfield Sydney Central Plaza,"135 King St, Sydney NSW 2000",-33.869167,151.2087416,Tesla
19543,Westfield Sydney Central Plaza,"135 King St, Sydney NSW 2000",-33.869167,151.2088416,Independent EV
19544,Westfield Warringah Mall,"Condamine St & Old Pittwater Rd, North Manly NSW 2100",-33.7703548,151.2661042,ChargePoint
19545,Westfield Warringah Mall Valet,"145 Old Pittwater Rd, Brookvale NSW 2100",-33.7658596,151.2648571,Tesla
19546,Wharf Rd Carpark,"209 Wharf Rd, Newcastle NSW 2300",-32.9258168,151.7791751,Chargefox
19547,Wild Edge Retreat,"Wild Edge Retreat, 260 Craft Rd, Wollombi NSW 2325",-32.9503524,151.1820861,Tesla
19548,Wild Edge Retreat,"Wild Edge Retreat, 260 Craft Rd, Wollombi NSW 2325",-32.9503524,151.1821861,Independent EV
19549,Willowdale Shopping Centre,"5 Willowdale Dr, Denham Court NSW 2565",-33.9761725,150.8124232,ChargePoint
19550,Wilson Parking Domain Car Park,"St Marys Rd, Sydney NSW 2000",-33.8710864,151.2144742,Independent EV
19551,Wilson Parking Market City,"9-13 Hay St, Haymarket NSW 2000",-33.8799521,151.2034355,Tesla
19552,Wilson Secure Parking Opera House,"2A Macquarie St, Sydney NSW 2000",-33.8593398,151.2135232,Independent EV
19553,Winning Post Motor Inn,"101 Church St, Mudgee NSW 2850",-32.5968978,149.5878482,Tesla
19555,Wollongong Central - P1 Basement,"71 Market St, Wollongong NSW 2500",-34.4234883,150.8923583,Independent EV
19556,HomeCo. Prestons,"1975 Camden Valley Way, Prestons NSW 2170",-33.9518884,150.8553024,Evie Networks
19557,Woolworths Shell Cove,"100 Cove Blvd, Shell Cove NSW 2529",-34.5881897,150.8659787,Chargefox
19558,Yass Soldiers Club,"86 Meehan St, Yass NSW 2582",-34.841875,148.9126594,Tesla
19647,NRMA Charging Station,"51 Bromide St, Broken Hill NSW 2880",-31.9593838,141.4624436,NRMA
19652,NRMA Charging Station,"35 Walker St, Casino NSW 2470",-28.865763,153.048484,NRMA
19696,NRMA Charging Station,"12 Vesper St, Batemans Bay NSW 2536",-35.7096944,150.1738264,NRMA
19699,BP Pulse Wiley Park,"24-42 King Georges Rd, Wiley Park NSW 2195",-33.9195806,151.0669204,BP
19758,BUR001,"133 Liverpool Rd, Burwood NSW 2134",-33.8872485,151.0993351,JOLT
19759,BUR002,"22-36 Park Ave, Burwood NSW 2134",-33.8738488,151.1019444,JOLT
19760,BUR003,"14-26 Everton Rd, Strathfield NSW 2135",-33.8719455,151.0953253,JOLT
19761,BUR006,"110 Brighton St, Croydon NSW 2132",-33.8946476,151.1096762,JOLT
19763,GGR001,"20 Letitia St, Oatley NSW 2223",-33.9816704,151.0819365,JOLT
19764,GGR002,"31-49 Treacy St, Hurstville NSW 2220",-33.967861,151.106056,JOLT
19765,GGR004,"44 Broadarrow Rd, Narwee NSW 2209",-33.948417,151.071083,JOLT
19766,GGR005,"17 Stanley St, Peakhurst NSW 2210",-33.9621222,151.0635726,JOLT
19767,GGR008,"Cook St, Mortdale NSW 2223",-33.9697116,151.081072,JOLT
19768,NBE001,"2 Bungan St, Mona Vale NSW 2103",-33.6760496,151.3031304,JOLT
19769,NBE002,"59 The Centre, Forestville NSW 2087",-33.762056,151.214167,JOLT
19770,NBE003,"4-16 Oaks Ave, Dee Why NSW 2099",-33.7536865,151.2869839,JOLT
19771,NBE004,"1 Park St, Mona Vale NSW 2103",-33.676032,151.30375,JOLT
19772,NBE005,"30 Dowling St, Queenscliff NSW 2096",-33.7789772,151.283889,JOLT
19773,NBE006,"87 Winbourne Rd, Brookvale NSW 2100",-33.762075,151.2724457,JOLT
19774,NBE007,"25-47 Ocean St, Narrabeen NSW 2101",-33.7193339,151.299067,JOLT
19775,NBE008,"9 Lagoon St, Narrabeen NSW 2101",-33.7136416,151.2981669,JOLT
19776,RAN001,"110 Anzac Parade, Kensington NSW 2033",-33.9071303,151.2241188,JOLT
19777,RAN003,827 Anzac Parade Maroubra NSW 2035,-33.9434978,151.2397222,JOLT
19778,STR001,"19 Richmond Rd, Homebush West NSW 2140",-33.8660378,151.0644524,JOLT
19779,NRMA AC Charger P1 car park,"14 Darling Dr, Sydney NSW 2000",-33.8750891,151.1987383,NRMA
19780,NRMA AC Charger P2 car park,"14 Darling Dr, Sydney NSW 2000",-33.8767437,151.2000042,NRMA
20061,Stewart St East Carpark,"17 Stewart St, Wollongong NSW 2500",-34.4282597762115,150.900227,NRMA
20116,Chatswood Chase Shopping Centre,"345 Victoria Ave, Chatswood NSW 2067",-33.7943774357459,151.1861515,Chargefox
20117,DFO Homebush,"3-5 Underwood Rd, Homebush NSW 2140",-33.8554080402185,151.0768491,Chargefox
20118,Greenway Wetherhill Park,"1187 The Horsley Dr, Wetherill Park NSW 2164",-33.8500932781873,150.8975761,Chargefox
20119,Lake Haven Shopping Centre,"Lake Haven Drive & Goobarabah Avenue, Lake Haven NSW 2263",-33.2406654403823,151.5036438,Chargefox
20120,Roselands Shopping Centre,"24 Roselands Dr, Roselands NSW 2196",-33.934278432016,151.0690276,Chargefox
20121,Royal Australian Mint,"62-114 Denison St, Deakin ACT 2600",-35.3185351179983,149.092857,Chargefox
20122,Warriewood Square Shopping Centre,"12 Jacksons Rd, Warriewood NSW 2102",-33.6969817230286,151.2957108,Chargefox
20275,"53-71 Rowe Street, Eastwood","53-71 Rowe St, Eastwood NSW 2122",-33.7905895,151.0844184,Exploren
20276,Acacia Snowy Motel - Snowy Stay Pty Ltd,"8 Nettin Cct, Jindabyne NSW 2627",-36.41917,148.6086205,Exploren
20277,AFI Service Pty Ltd - Varnsen Suites,"10 Seymour St, Laurieton NSW 2443",-31.6504223,152.7958861,Exploren
20278,Albury Council - 520 David Street Car Park,"446 Dean St, Albury NSW 2640",-36.08088,146.922055,Exploren
20279,Albury Council - Lot 102 Volt Lane Car Park,"1 AMP Ln, Albury NSW 2640",-36.0823114,146.9162383,Exploren
20280,Albury Showground,"21 Hague Ave, North Albury NSW 2640",-36.0647048,146.9342238,Exploren
20281,Alpine resort motel - Snowy resort pty ltd,"1 Nettin Cct, Jindabyne NSW 2627",-36.4179395,148.6092193,Exploren
20282,Alroy Park Club - Singleton Diggers,"8 Dorsman Dr, Singleton Heights NSW 2330",-32.5496511,151.1613028,Exploren
20283,Arriva Strathfield,"23 Morwick St, Strathfield NSW 2135",-33.8747073,151.0949486,Exploren
20284,Asteri Maison - Paddington,"6 Cecil St, Paddington NSW 2021",-33.8823359,151.2335806,Exploren
20285,Bankstown Sports Club,"8 Greenfield Parade, Bankstown NSW 2200",-33.9199389,151.0338791,Exploren
20286,Barham Bridge Motor Inn,"1 Murray St, Barham NSW 2732",-35.62919,144.124317,Exploren
20287,Barooga Recreation Reserve Sporties,"10 Burkinshaw St, Barooga NSW 3644",-35.9064534,145.6867492,Exploren
20288,Basha's Floors and Blinds,"63 Graham St, Nowra NSW 2541",-34.8710776,150.6017849,Exploren
20289,Batemans Bay Soldiers Club,"4-6 Beach Rd, Batemans Bay NSW 2536",-35.7094784,150.1790805,Exploren
20290,BATES SMART,"12 Shoreline Dr, Rhodes NSW 2138",-33.8330537,151.0843024,Exploren
20291,Bay Hotel & Shopping Centre,"330 Fishery Point Rd, Bonnells Bay NSW 2264",-33.11048,151.532597,Exploren
20292,BIG4 Happy Hallidays Holiday Park,"517 Blackhead Rd, Hallidays Point NSW 2430",-32.0653196,152.5327228,Exploren
20293,Blacktown International Sports Park,"81 Eastern Rd, Rooty Hill NSW 2766",-33.7706618,150.8537603,Exploren
20294,Blacktown Workers Club,"55 Campbell St, Blacktown NSW 2148",-33.7732397,150.9087369,Exploren
20295,Bonn Abbey,"25 Nelson St, Broke NSW 2330",-32.7454569,151.1056388,Exploren
20296,Bonny Hills - Ingenia Holidays,"24 Beach St, Bonny Hills NSW 2445",-31.5860488,152.8373121,Exploren
20297,Bridges Hill Park - Cessnock City Council,"19 Yango St, Cessnock NSW 2325",-32.8317425,151.3596788,Exploren
20298,Bridgeview Motel,"2 The Corso, Gorokan NSW 2263",-33.2597527,151.516506,Exploren
20299,Bulahdelah Motor Lodge,"71 Bulahdelah Way, Bulahdelah NSW 2423",-32.4090273,152.2106784,Exploren
20300,Bunnings Caringbah,"Koonya Cct, Caringbah NSW 2229",-34.0279242,151.1210292,Exploren
20301,Cadman Motor Inn and Apartments - West Tamworth,"103-111 Ebsworth St, West Tamworth NSW 2340",-31.0964482,150.9241901,Exploren
20302,Caels Gate Winery - Broke NSW,"697 Wollombi Rd, Broke NSW 2330",-32.7954858,151.0769092,Exploren
20303,Camden Council - Narellan Library,"Corner Queen &, Elyard St, Narellan NSW 2567",-34.0438854,150.7368636,Exploren
20304,Camden Council - Oran Park Library,"72 Central Ave, Oran Park NSW 2570",-33.9992231,150.7444047,Exploren
20305,Camden Council - Oxley Road Car Park,"40 Oxley St, Camden NSW 2570",-34.0542472,150.6946681,Exploren
20306,Canterbury Bankstown Charles Street,"10B Charles St, Canterbury NSW 2193",-33.9117104,151.1172924,Exploren
20307,Canterbury Bankstown Council - Campsie Admin Centre,"137 Beamish St, Campsie NSW 2194",-33.9077151,151.1035944,Exploren
20308,Carrathool Shire Council - Goolgowi Caravan Park,"21 Combo St, Goolgowi NSW 2652",-33.9794322,145.7069414,Exploren
20309,Carrathool Shire Council - Hillston Library,"175 High St, Hillston NSW 2675",-33.4866947,145.5287553,Exploren
20310,Charles Sturt University - Bathurst Campus,"1432, Mitchell NSW 2795",-33.4297947,149.5600064,Exploren
20311,Charlestown Club,"51 Lincoln St, Charlestown NSW 2290",-32.9675793,151.6927513,Exploren
20312,Christie St - Lane Cove Council,"88 Christie St, St Leonards NSW 2065",-33.8237661,151.1952642,Exploren
20313,City Centre Motel Armidale,"146 Dangar St, Armidale NSW 2350",-30.5167599,151.6636723,Exploren
20314,City of Ryde - Church Street Carpark,"19 Church St, Ryde NSW 2112",-33.8144788,151.1046533,Exploren
20315,City of Ryde - Macquarie Park,"22 Giffnock Ave, Macquarie Park NSW 2113",-33.7831032,151.1223883,Exploren
20316,Club Central Hurstville,"2 Crofts Ave, Hurstville NSW 2220",-33.9660368,151.1036698,Exploren
20317,Club Central Menai,"44-60 Allison Cres, Menai NSW 2234",-34.0136447,151.017104,Exploren
20318,Club Lemon Tree,"18A Gould Dr, Lemon Tree Passage NSW 2319",-32.7336011,152.0336795,Exploren
20319,Club Parramatta,"2 Macquarie St, Parramatta Sydney NSW 2150",-33.8143393,150.9988364,Exploren
20320,Colliers International - Mascot,"building 3 level 8/185 O'Riordan St, Mascot NSW 2020",-33.9269737,151.1864654,Exploren
20321,Cootamundra-Gundagai Regional Council - Library,"81 Wallendoon St, Cootamundra NSW 2590",-34.6395032,148.0257059,Exploren
20322,Corrigans Cove Resort,"204 Beach Rd, Batehaven NSW 2536",-35.72962,150.1961056,Exploren
20323,Crystalbrook Byron - MPA Solutions Group,"77 Broken Head Rd, Byron Bay NSW 2481",-28.6762329,153.6107108,Exploren
20324,De Iuliis Wines - De iuliis Cellar Door,"1616 Broke Rd, Pokolbin NSW 2320",-32.7603227,151.2532715,Exploren
20325,Denman Van Village,"14 Macauley St, Denman NSW 2328",-32.3944282,150.6842498,Exploren
20326,Disney Studios Australia Pty Ltd,"40B Driver Ave, Moore Park NSW 2021",-33.8925692,151.226303,Exploren
20327,Dungog Shire Council - Vacy Sportsground,"800 Gresford Rd, Vacy NSW 2421",-32.5395965,151.5772559,Exploren
20328,Dungog Shire Council - Visitor Information Centre,"191 Dowling St, Dungog NSW 2420",-32.40211,151.7578478,Exploren
20329,Dungowan Waterfront Accommodation,"99 Naval Parade, Erowal Bay NSW 2540",-35.10262,150.6502383,Exploren
20330,East Maitland Bowling Club,"38 Banks St, East Maitland NSW 2323",-32.7475426,151.5836595,Exploren
20331,Eastcoast Beverages,"993 George Downes Dr, Kulnura NSW 2250",-33.2299841,151.2179851,Exploren
20332,Eclipse Tower,"60 Station St E, Parramatta NSW 2150",-33.8185134,151.0072343,Exploren
20333,Edward River - Deniliquin,"266 Cressy St, Deniliquin NSW 2710",-35.5314455,144.9647679,Exploren
20334,Essential Energy - Project Lighthouse,"8 Buller St, Port Macquarie NSW 2444",-31.43151,152.903446,Exploren
20335,Fairmont Resort Leura - Schwartz Family,"1 Sublime Point Rd, Leura NSW 2780",-33.7208785,150.3514193,Exploren
20336,Fisherman's Paradise Motel - Sussex Inlet,"164 River Rd, Sussex Inlet NSW 2540",-35.1534186,150.596443,Exploren
20337,Five Mile Hotel,"289 Armidale Rd, South Grafton NSW 2460",-29.73439,152.9400538,Exploren
20338,Forbes Shire Council - Spring St,"21 Spring St, Forbes NSW 2871",-33.3841497,148.0099857,Exploren
20339,Ganmain - Coolamon Shire Council and NSW Government,"76 Ford St, Ganmain NSW 2702",-34.7933852,147.0388513,Exploren
20340,Gateway KIA - Wollongong,"121 Princes Hwy, Fairy Meadow NSW 2519",-34.4019257,150.8906507,Exploren
20341,GB Electrical - Wallsend Diggers,"5 Tyrrell St, Wallsend NSW 2287",-32.9017788,151.670882,Exploren
20342,Gerringong Bowling & Recreation Club - Werri Beach,"1A Bridges Rd, Gerringong NSW 2534",-34.7424456,150.8315456,Exploren
20343,Golden Age Motor Inn,"56 Macquoid St, Queanbeyan East NSW 2620",-35.3505578,149.2415228,Exploren
20344,Grenfell Aquatic Centre,"Forbes St & Melyra Street, Grenfell NSW 2810",-33.8920036,148.1607769,Exploren
20345,Gwydir Shire Council - Hall St Carpark,"2 Hall St, Warialda NSW 2402",-29.5403423,150.5760307,Exploren
20346,Hamilton Queanbeyan Motel - ActewAGL,"53 Tharwa Rd, Queanbeyan West NSW 2620",-35.3573098,149.2225112,Exploren
20347,Hotel Marvell,"4 Marvell St, Byron Bay NSW 2481",-28.6454348,153.6136718,Exploren
20348,Ingenia - Byron Bay,"Broken Head Rd at Byron Holiday Park, Byron Bay NSW 2481",-28.674,153.6116491,Exploren
20349,Ingenia - Eden Beachfront,"Shadrack Resort, 441 Princes Hwy, Eden NSW 2551",-37.0779399,149.8751304,Exploren
20350,Ingenia - Hunter Valley,"137 Mount View Rd, Cessnock NSW 2325",-32.8319309,151.3383938,Exploren
20351,Ingenia - Lake Conjola,"1 Norman St, Lake Conjola NSW 2539",-35.2665559,150.4767902,Exploren
20352,Ingenia - Merry Beach,"Merry Beach Caravan Park, 46 Merry Beach Rd, Kioloa NSW 2539",-35.5654089,150.3719759,Exploren
20353,Ingenia - Middle Rock,"554 Gan Gan Rd, One Mile NSW 2316",-32.76646,152.1155508,Exploren
20354,Ingenia - Old Bar,"Lanis on the Beach, Old Bar Rd, Old Bar NSW 2430",-31.9691369,152.5920448,Exploren
20355,Ingenia - One Mile,"426 Gan Gan Rd, One Mile NSW 2316",-32.77643,152.1135114,Exploren
20356,Ingenia - Soldiers Point,"122 Soldiers Point Rd, Soldiers Point NSW 2317",-32.7111837,152.0695048,Exploren
20357,Ingenia - South West Rocks,"Gordon Young Dr, South West Rocks NSW 2431",-30.8897222,153.0329191,Exploren
20358,Ingenia - Ulladulla,"300 Kings Point Dr, Ulladulla NSW 2539",-35.3728739,150.4624822,Exploren
20359,Ingenia - Wagga Wagga,"93 Hammond Ave, East Wagga Wagga NSW 2650",-35.1200126,147.389515,Exploren
20360,"Intellihub -  2–4 Pinaroo Place, Lane Cove North","2/4 Pinaroo Pl, Lane Cove North NSW 2066",-33.8057655,151.156182,Exploren
20361,"Intellihub -  21 Sirius Road, lane Cove West","19A Sirius Rd, Lane Cove West NSW 2066",-33.8101822,151.1460649,Exploren
20362,"Intellihub -  25 Ashburner St, Manly","25 Ashburner St, Manly NSW 2095",-33.8004097,151.2888592,Exploren
20363,Intellihub -  388 Edgecliff Rd,"388 Edgecliff Rd, Woollahra NSW 2025",-33.8832086,151.2420528,Exploren
20364,"Intellihub -  4 West Promenade, Manly","4 West Promenade, Manly NSW 2095",-33.7976656,151.2840034,Exploren
20365,"Intellihub -  58 Marine Pde, Maroubra","54 Marine Parade, Maroubra NSW 2035",-33.9412956,151.263782,Exploren
20366,"Intellihub -  Bronte Road, Waverley","137 Bronte Rd, Queens Park NSW 2022",-33.8971591,151.2513438,Exploren
20367,Intellihub -  Kalinya Street,"13 Kalinya St, Newport NSW 2106",-33.6588206,151.3096528,Exploren
20368,"Intellihub -  Queens Park Road, Queens Park","66 Queens Park Rd, Queens Park NSW 2022",-33.8990954,151.2481101,Exploren
20369,"Intellihub -  Victoria St, Botany","15 Victoria St, Botany NSW 2019",-33.9461318,151.2075577,Exploren
20370,Intellihub - 1-3 Warners Avenue North Bondi,"1-3 Warners Ave, North Bondi NSW 2026",-33.8845996,151.2712066,Exploren
20371,"Intellihub - 107 John St, Singleton","107 John St, Singleton NSW 2330",-32.5655265,151.1671398,Exploren
20372,"Intellihub - 11 Little Street, Lane Cove","15 Little St, Lane Cove NSW 2066",-33.8146945,151.1713455,Exploren
20373,"Intellihub - 15/21 Mindarie Street, Lane Cove North","2 Kullah Parade, Lane Cove North NSW 2066",-33.8054851,151.157593,Exploren
20374,"Intellihub - 165 Oberon St, Coogee","165 Oberon St, Coogee NSW 2034",-33.9255678,151.2503873,Exploren
20375,"Intellihub - 176 Sutherland Street, Paddington","176 Sutherland St, Paddington NSW 2021",-33.8843595,151.235984,Exploren
20376,Intellihub - 19 Ebsworth Street,"19 Ebsworth St, Redhead NSW 2290",-33.0123072,151.7191945,Exploren
20377,"Intellihub - 23 Roma Avenue, Kensington","23 Roma Ave, Kensington NSW 2033",-33.9136177,151.2238123,Exploren
20378,Intellihub - 34-36 Macpherson Street Bronte,"34-36 Macpherson St, Bronte NSW 2024",-33.9051,151.258092,Exploren
20379,"Intellihub - 46 Dutruc Street, Randwick","46 Dutruc St, Randwick NSW 2031",-33.9120156,151.2450131,Exploren
20380,Intellihub - 71 Adelaide Street,"71 Adelaide St, Woollahra NSW 2025",-33.8884408,151.2513321,Exploren
20381,"Intellihub - 72 Christie Street, St Leonards","72 Christie St, St Leonards NSW 2065",-33.8245586,151.1957881,Exploren
20382,"Intellihub - 9 Anzac Ave, Collaroy","9 Anzac Ave, Collaroy NSW 2097",-33.7386068,151.3041171,Exploren
20383,Intellihub - Allambie Road,"118 Allambie Rd, Allambie Heights NSW 2100",-33.7654906,151.2511981,Exploren
20384,"Intellihub - Arncliffe St, Wolli Creek","86 Arncliffe St, Wolli Creek NSW 2205",-33.9305869,151.153704,Exploren
20385,"Intellihub - Arncliffe St, Wooli Creek","Arncliffe St, Wolli Creek NSW 2205",-33.9337411,151.1492879,Exploren
20386,Intellihub - Bexley North,"26 Shaw St, Bexley North NSW 2207",-33.9381932,151.1114416,Exploren
20387,Intellihub - Blackbutts Rd,"52 Blackbutts Rd, Frenchs Forest NSW 2086",-33.74183,151.2137825,Exploren
20388,Intellihub - Bridge St. Morisset,"59 Bridge St, Morisset NSW 2264",-33.1074098,151.4897138,Exploren
20389,"Intellihub - Campbell Avenue, Paddington","27 Campbell Ave, Paddington NSW 2021",-33.8810353,151.2227966,Exploren
20390,Intellihub - Clovelly Road,"22A Clovelly Rd, Randwick NSW 2031",-33.9036355,151.2426324,Exploren
20391,"Intellihub - Harbourne Road, Kingsford","45-49 Harbourne Rd, Kingsford NSW 2032",-33.9231777,151.2288436,Exploren
20392,Intellihub - Harrison Street,"49 Harrison St, Cardiff NSW 2285",-32.9408868,151.6596607,Exploren
20393,"Intellihub - Laguna Street, Vaucluse","7 Laguna St, Vaucluse NSW 2030",-33.8592742,151.279129,Exploren
20394,Intellihub - Mascot,"149 Coward St, Mascot NSW 2020",-33.9255057,151.1938819,Exploren
20395,Intellihub - Murriverie Road North Bondi,"1 Reina St, North Bondi NSW 2026",-33.8818567,151.275285,Exploren
20396,"Intellihub - Nicholson St, Wollstonecraft","4 Oxley St, St Leonards NSW 2065",-33.8257557,151.1969689,Exploren
20397,Intellihub - O'Donnell St. North Bondi,"37-39 O'Donnell St, North Bondi NSW 2026",-33.88415,151.2819425,Exploren
20398,Intellihub - Ocean Street,"96 Ocean St, Dudley NSW 2290",-32.9895359,151.7187917,Exploren
20399,"Intellihub - Quarry St, Paddington","1 Quarry St, Paddington NSW 2021",-33.8846447,151.2372822,Exploren
20400,Intellihub - Roylston St. Paddington,"23 Roylston St, Paddington NSW 2021",-33.88178,151.233328,Exploren
20401,Intellihub - Smith Street Charlestown,"33 Smith St, Charlestown NSW 2290",-32.9654747,151.6961709,Exploren
20402,Intellihub - Smith Street Hillsdale,"33 Smith St, Hillsdale NSW 2036",-33.9487226,151.2254579,Exploren
20403,"Intellihub - Soudan Street, Randwick","8 Soudan St, Randwick NSW 2031",-33.9189972,151.241825,Exploren
20404,Intellihub - Station St (near Dora St) Morisset,"81 Dora St, Morisset NSW 2264",-33.1080533,151.4874849,Exploren
20405,Intellihub - Station St (near Lindon Ln). Morisset,"43C Yambo St, Morisset NSW 2264",-33.1073331,151.4869702,Exploren
20406,Intellihub - The Boulevarde Brighton-Le-Sands,"7 The Boulevarde, Brighton-Le-Sands NSW 2216",-33.9614505,151.1554995,Exploren
20407,Intellihub - Wiley Street,"50 Wiley St, Waverley NSW 2024",-33.8998711,151.2566727,Exploren
20408,Intellihub - Yulong Ave,"12 Yulong Ave, Terrey Hills NSW 2084",-33.6822214,151.2279515,Exploren
20409,Jervis Bay Holiday Park,"Leisure Haven Caravan Pk, 785 Woollamia Rd, Woollamia NSW 2540",-35.0231109,150.6615749,Exploren
20410,Kempsey Shire Council,"490 Macleay Valley Way, South Kempsey NSW 2440",-31.1173876,152.8269217,Exploren
20411,Kempsey Shire Council,"19 Buchanan Dr, South West Rocks NSW 2431",-30.8862295,153.0383289,Exploren
20412,Kempsey Shire Council - Dunghutti-Ngaku Aboriginal Art Gallery,"62 Lachlan St, South Kempsey NSW 2440",-31.0967091,152.8350678,Exploren
20413,Kiama Pavillion,"2 Bong Bong St, Kiama NSW 2533",-34.6748189,150.8570701,Exploren
20414,Ku-ring-gai Council - Turramurra Library,"5 Ray St, Turramurra NSW 2074",-33.7320174,151.1273488,Exploren
20415,Ku-ring-gai Fitness & Aquatic Centre,"64PM+J7, West Pymble NSW 2073",-33.7635747,151.1336242,Exploren
20416,Kyogle Council - Bonalbo Norman Johnston Park,"29 Woodenbong Rd, Bonalbo NSW 2469",-28.7386889,152.6284508,Exploren
20417,Kyogle Council - Kyogle Museum,"69 Roxy Ln, Kyogle NSW 2474",-28.6208725,153.0029825,Exploren
20418,Kyogle Council - Tabulam Sports Ground,"39 Clarence St, Tabulam NSW 2469",-28.8904104,152.5665971,Exploren
20419,Kyogle Council - Woodenbong Recreation Reserve,"1 Unumgar St, Woodenbong NSW 2476",-28.38889,152.6087317,Exploren
20420,Lake George Winery,"173 The Vineyards Rd, Lake George NSW 2620",-34.9968285,149.3848393,Exploren
20421,Leisure Inn Pokolbin,"485 McDonalds Rd, Pokolbin NSW 2320",-32.7712459,151.302899,Exploren
20422,Lindfield Village Green,"10 Tryon Rd, Lindfield NSW 2070",-33.7749788,151.1702097,Exploren
20423,Lithgow City Bowling Club Ltd,"2C Lithgow St, Lithgow NSW 2790",-33.4853431,150.1520203,Exploren
20424,Little St Carpark | Lane Cove Council,"2 Little St, Lane Cove North NSW 2066",-33.8138903,151.1707874,Exploren
20425,Liverpool Plains Shire Council - Currabubula Recreation Ground,"Alford St, Currabubula NSW 2342",-31.2607948,150.7369453,Exploren
20426,Liverpool Plains Shire Council - Quirindi,"193 George St, Quirindi NSW 2343",-31.5073731,150.6804784,Exploren
20427,Liverpool Plains Shire Council - Willow Tree Visitor Information Centre,"16/20 New England Hwy, Willow Tree NSW 2339",-31.64914,150.7268856,Exploren
20428,Lockhart - Lockhart Car Park,"109 Green St, Lockhart NSW 2656",-35.2205934,146.7153791,Exploren
20429,Lockhart - Lockhart Caravan Park,"152 Green St W, Lockhart NSW 2656",-35.2209231,146.7120541,Exploren
20430,Lockhart - The Rock Recreation Ground,"60 Wilson St, The Rock NSW 2655",-35.2665253,147.1104941,Exploren
20431,Loughnan - Coolamon Shire Council and NSW Government,"Methul St S, Coolamon NSW 2701",-34.81361,147.2015481,Exploren
20432,Maitland City Council -  Harold Gregson Reserve,"174 High St, Maitland NSW 2320",-32.7405848,151.5656338,Exploren
20433,Maitland Riverside Plaza,"405 High St, Maitland NSW 2320",-32.73386,151.5561263,Exploren
20434,Market Square | Lane Cove Council,"24-28 Burns Bay Rd, Lane Cove NSW 2066",-33.8152452,151.1691799,Exploren
20435,Marrickville Metro,"20 Smidmore St, Marrickville NSW 2204",-33.90808,151.1721824,Exploren
20436,Matilda Motor Inn,"231 Darling St, Dubbo NSW 2830",-32.2527709,148.6049904,Exploren
20437,Max Webber Library,"Flushcombe Rd & Alpha St, Blacktown NSW 2148",-33.7718108,150.9082711,Exploren
20438,Mercure Sydney - Schwartz Family,"818 George St, Chippendale NSW 2008",-33.8842625,151.203022,Exploren
20439,Milton Ulladulla Exservos Club,"212-222 Princes Hwy, Ulladulla NSW 2539",-35.3684214,150.4706082,Exploren
20440,Mingara Leisure Group - Tumbi Umbi,"Mingara Dr, Tumbi Umbi NSW 2261",-33.3630652,151.443182,Exploren
20441,Narara Ecovillage - Boobook Rise Parking Space,"6 Boobook Rise, Narara NSW 2250",-33.3942667,151.3285645,Exploren
20442,Narara Ecovillage - Front Parking Space,"30 Gugandi Rd, Narara NSW 2250",-33.3933301,151.3291468,Exploren
20443,Narooma Golf Club,"Surf Beach Holiday Park, 1 Ballingalla St, Narooma NSW 2546",-36.2185761,150.1388189,Exploren
20444,Nepean Health Hub,"84/88 Parker St, Penrith NSW 2750",-33.7610759,150.7108181,Exploren
20445,North Turramurra Recreation Area,"361A Bobbin Head Rd, North Turramurra NSW 2074",-33.7025027,151.1487267,Exploren
20446,Orange City Council - Botanic Gardens,"300 Hill St, Orange NSW 2800",-33.2562881,149.0975511,Exploren
20447,Orange City Council - Lake Canobolas,"Pineleigh, 87 Lake Canobolas Rd, Nashdale NSW 2800",-33.2968629,149.0245795,Exploren
20448,Park Proxi Gibraltar Bowral,"7 Boronia St, Bowral NSW 2576",-34.4662955,150.4136177,Exploren
20449,Parq on Flinders,"94 Princes Hwy, Wollongong NSW 2500",-34.4209383,150.8926348,Exploren
20450,PCYC - Northern Beaches Council,"40 Kingsway, Dee Why NSW 2099",-33.7503059,151.2862588,Exploren
20451,Pennant Hills Market Place,"4-10 Hillcrest Rd, Pennant Hills NSW 2120",-33.7377393,151.0711227,Exploren
20452,Penrith Homemaker Centre,"Mulgoa Rd & Wolseley St, Jamisontown NSW 2750",-33.77093,150.6738044,Exploren
20453,Podium Oran Park - Recom,"351 Oran Park Dr, Oran Park NSW 2570",-34.0004614,150.7405915,Exploren
20454,Port Kembla Golf Club - Golf Place,"24 Golf Pl, Primbee NSW 2502",-34.5078328,150.8782408,Exploren
20455,Quest Albury,"550 Kiewa St, Albury NSW 2640",-36.0781605,146.9167471,Exploren
20456,Rhodes Apartment - AMARCO,"19 Shoreline Dr, Rhodes NSW 2138",-33.8320771,151.0847801,Exploren
20457,RIKARD Wines,"279 Old Canobolas Rd, Nashdale NSW 2800",-33.3182645,148.9826775,Exploren
20458,Ripples On The Creek,"602 Gradys Creek Rd, Gradys Creek NSW 2474",-28.4485712,152.9549106,Exploren
20459,Roberts Rd Eastern Creek - ActewAGL,"17 Roberts Rd, Eastern Creek NSW 2766",-33.8172805,150.8381395,Exploren
20460,Rosebery Engine Yards - Goodman - AU369,"115-133 Dunning Ave, Rosebery NSW 2018",-33.9183325,151.2021639,Exploren
20461,Rosemont,"80 Hume Ln, Crows Nest NSW 2065",-33.82314,151.2002953,Exploren
20462,Rydges Newcastle - Schwartz Family,"350 Wharf Rd, Newcastle NSW 2300",-32.9251925,151.773059,Exploren
20463,Rydges Resort Hunter Valley - Schwartz Family,"430 Wine Country Dr, Lovedale NSW 2325",-32.7815753,151.3490953,Exploren
20464,Rydges Sydney Central - Schwartz Family,"28 Albion St, Surry Hills NSW 2010",-33.8819201,151.2097607,Exploren
20465,Rydges World Square - Schwartz Family,"389 Pitt St, Sydney NSW 2000",-33.8769645,151.2074949,Exploren
20466,Sapphire Valley Caravan Park,"Sapphire Valley Cvan Park, 29 Sapphire Coast Dr, Merimbula NSW 2548",-36.8843332,149.9044714,Exploren
20467,Scenic World,"1 Violet St, Katoomba NSW 2780",-33.7280129,150.3007914,Exploren
20468,Seymour Residence Roseville,"989 Pacific Hwy, Roseville NSW 2069",-33.7887782,151.1803313,Exploren
20469,Shearing Shed Motor Inn,"31 Cobra St, Dubbo NSW 2830",-32.2536723,148.6024006,Exploren
20470,Sheraton Grand Sydney Hyde Park,"161 Elizabeth St, Sydney NSW 2000",-33.8715281,151.2098195,Exploren
20471,Solomon PTY LTD,"Sovereign Motor Inn, 111 Princes Hwy, Figtree NSW 2525",-34.4405593,150.8566894,Exploren
20472,South Tamworth Bowling Club,"11-23 Margaret St, South Tamworth NSW 2340",-31.1084516,150.9207823,Exploren
20473,SP103806 - LPC House,"3 Fordham Way, Oran Park NSW 2570",-34.0001882,150.7388425,Exploren
20474,Sponers Chalet - Sponers Asset Pty Ltd,"8568 Kosciuszko Rd, Perisher Valley NSW 2627",-36.3599294,148.4849448,Exploren
20475,Springwoods Sports Club - Mingara,"83 Macquarie Rd, Springwood NSW 2777",-33.6984501,150.5696661,Exploren
20476,Stevens Park Rockley,Rockley NSW 2795,-33.6887306,149.5643453,Exploren
20477,Stockmans Motel and Restaurant Tamworth,"2-24 Spains Ln, Kingswood NSW 2340",-31.1647707,150.9181072,Exploren
20478,Subaru - PCS North Shore Sales (Private only),"355 Pacific Hwy, Artarmon NSW 2064",-33.8169938,151.1803732,Exploren
20479,Sycamore Street Carpark,"1 Chelmsford Pl, Leeton NSW 2705",-34.5508649,146.4051814,Exploren
20480,Tallowood Cottages,"1600 Bowraville Rd, Spicketts Creek NSW 2454",-30.5303037,152.869309,Exploren
20481,TARA Lane Cove,"640 Mowbray Rd, Lane Cove North NSW 2066",-33.8047567,151.155219,Exploren
20482,Tathra Beach House Apartments,"17 John Taylor Cres, Tathra NSW 2550",-36.7262841,149.9790098,Exploren
20483,The Builders Club  - 61 Church St,"61 Church St, Wollongong NSW 2500",-34.4206636,150.8968306,Exploren
20484,The Canopy - Lane Cove,"12 Rosenthal Ave, Lane Cove NSW 2066",-33.8140235,151.1692661,Exploren
20485,The Carrington Inn,"59 Ellendon St, Bungendore NSW 2621",-35.2576783,149.4394187,Exploren
20486,The Clairfield Hotel,"1 Sydney Rd, Mudgee NSW 2850",-32.6009157,149.5975785,Exploren
20487,The Commercial Hotel Wallerawang,"66 Main St, Wallerawang NSW 2845",-33.4073176,150.0674988,Exploren
20488,The Country Club - St Georges Basin,"11 Paradise Beach Rd, Sanctuary Point NSW 2540",-35.1040997,150.6247896,Exploren
20489,The Entrance Leagues Club,"3 Bay Village Rd, Bateau Bay NSW 2261",-33.3773813,151.4733724,Exploren
20490,The Golden Dog Hotel,"57-59 Coramba St, Glenreagh NSW 2450",-30.0512076,152.9799168,Exploren
20491,The Hills Shire Council,"3 Columbia Ct, Norwest NSW 2153",-33.7305284,150.9717373,Exploren
20492,The Lantern Club - Mingara,"21 Roselands Ave, Roselands NSW 2196",-33.9354696,151.0714178,Exploren
20493,The Trustee - Thomas Holt Dr,"3 Thomas Holt Dr, North Ryde NSW 2113",-33.7874476,151.1287003,Exploren
20494,The Westport Club - Mingara,"25 Buller St, Port Macquarie NSW 2444",-31.43017,152.9017453,Exploren
20495,Thornton Library,"Taylor Ave, Thornton NSW 2322",-32.7756335,151.6373324,Exploren
20496,Thredbo Village,"Friday Dr, Thredbo NSW 2625",-36.5012959,148.310377,Exploren
20497,Tinkersfield,"1 Post Office Ln, Crackenback NSW 2627",-36.4501681,148.4953302,Exploren
20498,Toronto Commercial Centre Carpark,"7 Pemell St, Toronto NSW 2283",-33.0145429,151.5961952,Exploren
20499,Tweed Heads Vegas Motel,"123 Wharf St, Tweed Heads NSW 2485",-28.1767544,153.5407321,Exploren
20500,Tyrrells,"1838 Broke Rd, Pokolbin NSW 2320",-32.7691856,151.2737075,Exploren
20501,Uralla Bowling Club - Uralla,"52 Hill Street, Uralla, NSW  2358, AU",-30.6392657,151.498423,Exploren
20502,Wallangulla Motel (LRDBC),"22 Morilla St, Lightning Ridge NSW 2834",-29.4292136,147.9768321,Exploren
20503,Waratah Sports Club,"34 Telopea Way, Orange NSW 2800",-33.2491974,149.1016196,Exploren
20504,Wave Aquatic Center - Baulkham Hills,"44 Mileham Ave, Baulkham Hills NSW 2153",-33.7445839,150.9910722,Exploren
20505,Wentworth st Carpark - Parramatta Council,"2-10 Wentworth St, Parramatta NSW 2150",-33.81946,151.0057174,Exploren
20506,West Ryde Smash Repairs SO-19932,"932 Victoria Rd, West Ryde NSW 2114",-33.8102536,151.0932679,Exploren
20507,Western Sydney Conference Centre,"83 Mulgoa Rd, Penrith NSW 2750",-33.7577332,150.6839358,Exploren
20508,"Willandra St, Lane Cove North NSW 2066","15 Willandra St, Lane Cove North NSW 2066",-33.8059468,151.1542247,Exploren
20509,Worrigee Sports,"131 Greenwell Point Rd, Worrigee NSW 2540",-34.88931,150.6264382,Exploren
20510,Wunderlich Lane Coles,"2 Baptist St, Redfern NSW 2016",-33.8934611,151.2123376,Exploren
20658,"AGL  Alice St, Newtown","2 Alice St, Newtown NSW 2042",-33.903038,151.17915,AGL
20659,"AGL  Allman Ave, Summer Hill","2 Allman Ave, Summer Hill NSW 2130",-33.89152,151.1337,AGL
20660,"AGL  Australia St, Newtown","160 Australia St, Newtown NSW 2042",-33.894826,151.17763,AGL
20661,"AGL  Beaumond Ave, Maroubra","Opposite 11 Beaumond Ave, Maroubra NSW 2035",-33.943922,151.26006,AGL
20662,"AGL  Bellevue Ave, Greenwich","22 Bellevue Ave, Greenwich NSW 2065",-33.825193,151.1872,AGL
20663,"AGL  Bellevue Rd, Bellevue Hill","Opposite 150 Bellevue Rd, Bellevue Hill NSW 2023",-33.87836697,151.2467379,AGL
20664,"AGL  Bennett St, Bondi","27 Bennett St, Bondi NSW 2026",-33.895411,151.26034,AGL
20665,"AGL  Boomerang St, Haberfield","Opposite 67 Boomerang St, Haberfield NSW 2045",-33.870609,151.14523,AGL
20666,"AGL  Boronia St, Kensington","31 Boronia St, Kensington NSW 2033",-33.906307,151.22296,AGL
20667,"AGL  Botany St, Bondi Junction","3 Botany St, Bondi Junction NSW 2022",-33.893451,151.25411,AGL
20668,"AGL  Botany St, Randwick","Opposite 104 Botany St, Randwick NSW 2031",-33.924028,151.23475,AGL
20669,"AGL  Boundary St (on Dillon St), Paddington","Adjacent 90 Boundary St, Paddington NSW 2021",-33.879191,151.22485,AGL
20670,"AGL  Broome St, Maroubra","Opposite 61 Broome St, Maroubra NSW 2035",-33.952949,151.250376,AGL
20671,"AGL  Brown St, Bronte","12 Brown St, Bronte NSW 2024",-33.90200711,151.258398,AGL
20672,"AGL  Burt St, Rozelle","6 Burt St, Rozelle NSW 2039",-33.868556,151.17216,AGL
20673,"AGL  Carawa St, Umina Beach","2 Carawa St, Umina Beach NSW 2257",-33.52471,151.31273,AGL
20674,"AGL  Carlton St, Kensington","Opposite 3 Carlton St, Kensington NSW 2033",-33.905907,151.22573,AGL
20675,"AGL  Carrington Rd, Coogee","185 Carrington Rd, Coogee NSW 2034",-33.914943,151.24931,AGL
20676,"AGL  Cascade St, Paddington","Opposite 97 Cascade St, Paddington NSW 2021",-33.880702,151.23259,AGL
20677,"AGL  Church St, Randwick","59 Church St, Randwick NSW 2031",-33.91168,151.23815,AGL
20678,"AGL  Clovelly Rd (pole in Knox St), Clovelly","Adjacent to 261 Clovelly Rd, Clovelly NSW 2031",-33.911627,151.25649,AGL
20679,"AGL  Clovelly Rd, (pole in Bligh Pl), Randwick","Adjacent 88-120 Clovelly Rd, Randwick NSW 2031",-33.908913,151.24851,AGL
20680,"AGL  Constitution Rd, Dulwich Hill","100 Constitution Rd, Dulwich Hill NSW 2203",-33.903009,151.13983,AGL
20681,"AGL  Coogee Bay Rd, Randwick","64 Coogee Bay Rd, Randwick NSW 2031",-33.919349,151.24707,AGL
20682,"AGL  Cook St, Randwick","50 Cook St, Randwick NSW 2027",-33.911689,151.23908,AGL
20683,"AGL  Day St, Leichhardt","29 Day St, Leichhardt NSW 2040",-33.884591,151.15513,AGL
20684,"AGL  Denison St, Bondi Junction","85 Denison St, Bondi Junction NSW 2022",-33.893444,151.24459,AGL
20685,"AGL  Denison St, Queens Park","229 Denison St, Queens Park NSW 2022",-33.89824416,151.2435829,AGL
20686,"AGL  Denison St, Rozelle","Opposite 103 Denison St, Rozelle NSW 2039",-33.869885,151.17001,AGL
20687,"AGL  Duncan St, Maroubra","Opposite 111 Duncan St, Maroubra NSW 2035",-33.944967,151.25402,AGL
20688,"AGL  Duxford St, Paddington","11 DuxfoRd, St, Paddington NSW 2021",-33.882503,151.2296,AGL
20689,"AGL  Ebley St, Bondi Junction","103 Ebley St, Bondi Junction NSW 2022",-33.893989,151.25094,AGL
20690,"AGL  Edgecliff Rd, Edgecliff","442-446 Edgecliff Rd, Edgecliff NSW 2027",-33.879684,151.23905,AGL
20691,"AGL  Elizabeth St, Paddington","Opposite 65 Elizabeth St, Paddington NSW 2021",-33.88464497,151.2332441,AGL
20692,"AGL  Elswick St, Leichhardt","86 Elswick St, Leichhardt NSW 2040",-33.885173,151.15213,AGL
20693,"AGL  Evans St, Rozelle","182 Evans St, Rozelle NSW 2039",-33.86639,151.1706,AGL
20694,"AGL  Ewell St, Bondi","1 Ewell St, Bondi NSW 2026",-33.896397,151.26046,AGL
20695,"AGL  Federation Rd, Newtown","Opposite 20 Federation Rd, Newtown NSW 2042",-33.893298,151.179621,AGL
20696,"AGL  Fletcher St (pole in Glen St), Tamarama","Adjacent 16 Fletcher St, Tamarama NSW 2026",-33.896764,151.26953,AGL
20697,"AGL  Fort St, Petersham","9 Fort St, Petersham NSW 2049",-33.88997,151.1577,AGL
20698,"AGL  Frances St, Randwick (outside Ausgrid substation)","2A Frances St, Randwick NSW 2031",-33.91033,151.23686,AGL
20699,"AGL  Frenchmans Rd, Randwick","Opposite 84 Frenchmans Rd, Randwick NSW 2031",-33.90697,151.25058,AGL
20700,"AGL  George St, Marrickville","2 George St, Marrickville NSW 2204",-33.904833,151.14836,AGL
20701,"AGL  Gladstone St, Newtown","3 Gladstone St, Newtown NSW 2042",-33.897759,151.17501,AGL
20702,"AGL  Gould Ave, Lewisham","35 Gould Ave, Lewisham NSW 2049",-33.899375,151.14696,AGL
20703,"AGL  Gower St, Summer Hill","16 Gower St, Summer Hill NSW 2130",-33.888561,151.13808,AGL
20704,"AGL  Grove St, Birchgrove","Opposite 55 Grove St, Birchgrove NSW 2041",-33.851175,151.18192,AGL
20705,"AGL  Guihen St, Annandale","4 Guihen St, Annandale NSW 2038",-33.884907,151.17485,AGL
20706,"AGL  Gymea Bay Rd, Gymea Bay","276B Gymea Bay Rd, Gymea Bay NSW 2227",-34.050725,151.087865,AGL
20707,"AGL  Hereward, St, Maroubra","17 HerewaRd, St, Maroubra NSW 2035",-33.944918,151.25602,AGL
20708,"AGL  Hollywood Ave, Bondi Junction","2 Hollywood Ave, Bondi Junction NSW 2022",-33.894336,151.25155,AGL
20709,"AGL  Isabel Ave, Vaucluse","10 Isabel Ave, Vaucluse NSW 2030",-33.862092,151.28035,AGL
20710,"AGL  Jersey Rd, Woollahra","7 Jersey Rd, Woollahra NSW 2025",-33.888405,151.23263,AGL
20711,"AGL  Johnston St, Balmain East","20 Johnston St, Balmain East NSW 2041",-33.859103,151.1941,AGL
20712,"AGL  Joseph St, Rozelle","Opposite 21 Joseph St, Rozelle NSW 2039",-33.87189,151.16505,AGL
20713,"AGL  Kensington Rd, Summer Hill","64 Kensington Rd, Summer Hill NSW 2130",-33.887754,151.13935,AGL
20714,"AGL  King St, Bondi","2 King St, Bondi NSW 2026",-33.894543,151.26083,AGL
20715,"AGL  Little St, Lane Cove","30 Little St, Lane Cove NSW 2066",-33.815669,151.17143,AGL
20716,"AGL  Marine Pde, Maroubra","Opposite 120 Marine Pde, Maroubra NSW 2035",-33.944494,151.26108,AGL
20717,"AGL  Maroubra Rd, Maroubra","267 Maroubra Rd, Maroubra NSW 2035",-33.942215,151.24292,AGL
20718,"AGL  McKinnon Ave, Five Dock","3 McKinnon Ave, Five Dock NSW 2046",-33.86025,151.13097,AGL
20719,"AGL  Moyes St, Marrickville","Opposite 2 Moyes St, Marrickville NSW 2204",-33.91464,151.14877,AGL
20720,"AGL  Neptune St, Coogee","Opposite 13 Neptune St, Coogee NSW 2034",-33.926085,151.25783,AGL
20721,"AGL  Nicholson St, Balmain East","9 Nicholson St, Balmain East NSW 2041",-33.856575,151.19312,AGL
20722,"AGL  Pearson St, Balmain East","5 Pearson St, Balmain East NSW 2041",-33.858267,151.19511,AGL
20723,"AGL  Quarry St Tennis Courts, Paddington","Quarry St Tennis Courts, Paddington NSW 2021",-33.882832,151.23686,AGL
20724,"AGL  Queen St, Randwick","19 Queen St, Randwick NSW 2031",-33.918866,151.24716,AGL
20725,"AGL  Ramsay St (pole in Martin St), Habberfield","Adjacent 287 Ramsay St, Habberfield NSW 2045",-33.873368,151.13367,AGL
20726,"AGL  Robey St, Maroubra","5-17 Robey St, Maroubra NSW 2035",-33.942429,151.23761,AGL
20727,"AGL  Saint Marks Rd, Randwick","Opposite 41 St, Marks Rd, Randwick NSW 2031",-33.91042091,151.2467308,AGL
20728,"AGL  Salisbury Rd, Kensington","4 Salisbury Rd, Kensington NSW 2033",-33.905494,151.22236,AGL
20729,"AGL  See St, Kingsford","Opposite 23 See St, Kingsford NSW 2032",-33.922092,151.2249,AGL
20730,"AGL  St Kilda St, Bexley North","1A St, Kilda St, Bexley North NSW 2207",-33.9412485917432,151.109655752218,AGL
20731,"AGL  St Marks Rd, Randwick","69 St Marks Rd, Randwick NSW 2031",-33.913036,151.24639,AGL
20732,"AGL  StaffoRd, St, Paddington","22 StaffoRd, St, Paddington NSW 2021",-33.883741,151.22888,AGL
20733,"AGL  Stanley St, Queens Park","Opposite 4 Stanley St, Queens Park NSW 2022",-33.8959361,151.2474969,AGL
20734,"AGL  Terrace Rd, Dulwich Hill","23 Terrace Rd, Dulwich Hill NSW 2203",-33.906482,151.13796,AGL
20735,"AGL  Terry St, Tempe","88 Terry St, Tempe NSW 2044",-33.918547,151.16534,AGL
20736,"AGL  Todman Ave, Kensington","121 Todman Ave, Kensington NSW 2033",-33.91005,151.22089,AGL
20737,"AGL  Victoria Rd, Bellevue Hill","Opposite 165 Victoria Rd, Bellevue Hill NSW 2023",-33.887955,151.25845,AGL
20738,"AGL  Waratah Ave, Randwick","1-7 Waratah Ave, Randwick NSW 2031",-33.914222,151.2376,AGL
20739,"AGL  Wardell Rd, Lewisham","3 Wardell Rd, Lewisham NSW 2049",-33.897391,151.14927,AGL
20740,"AGL  Wauhope Cres, South Coogee","2 Wauhope Cres, South Coogee NSW 2034",-33.92974,151.251118,AGL
20741,"AGL  York Rd, Bondi Junction","Opposite 1 York Rd, Bondi Junction NSW 2022",-33.892965,151.2418,AGL
20742,"AGL  Young St, Annandale","136 Young St, Annandale NSW 2038",-33.883784,151.16688,AGL
20743,"AGL 104 Mill Hill Rd, Bondi Junction","104 Mill Hill Rd, Bondi Junction NSW 2022",-33.893655,151.2438,AGL
20744,"AGL 110 Beach St, Coogee","110 Beach St, Coogee NSW 2034",-33.917682,151.25869,AGL
20745,"AGL 118 Nelson St, Annandale","118 Nelson St, Annandale NSW 2038",-33.883422,151.17304,AGL
20746,"AGL 128 Rowntree St, Birchgrove","128 Rowntree St, Birchgrove NSW 2041",-33.852522,151.18211,AGL
20747,"AGL 13 Llandaff St, Bondi Junction","13 Llandaff St, Bondi Junction NSW 2022",-33.893468,151.2521,AGL
20748,"AGL 131 Annandale St, Annandale","131 Annandale St, Annandale NSW 2038",-33.881759,151.16904,AGL
20749,"AGL 15 William St, Randwick","15 William St, Randwick NSW 2031",-33.908119,151.23446,AGL
20750,"AGL 153 Windsor St, Paddington","153 Windsor St, Paddington NSW 2021",-33.886321,151.23523,AGL
20751,"AGL 16 Duxford St, Paddington","Opposite 16 Duxford St, Paddington NSW 2021",-33.882758,151.22928,AGL
20752,"AGL 163 Windsor St, Paddington","163 Windsor St, Paddington NSW 2021",-33.886508,151.2355,AGL
20753,"AGL 164 Darling St, Balmain","164 Darling St, Balmain NSW 2041",-33.8582,151.18754,AGL
20754,"AGL 167 Darley Rd, Randwick","167 Darley Rd, Randwick NSW 2031",-33.902921,151.24577,AGL
20755,"AGL 168 Beach St, Coogee","Opposite 168 Beach St, Coogee NSW 2034",-33.924665,151.25738,AGL
20756,"AGL 17 Dulwich St, Dulwich Hill","17 Dulwich St, Dulwich Hill NSW 2203",-33.902439,151.14093,AGL
20757,"AGL 17 Grove St, Dulwich Hill","17 Grove St, Dulwich Hill NSW 2203",-33.90169,151.13928,AGL
20758,"AGL 17 Holmwood St, Newtown","17 Holmwood St, Newtown NSW 2042",-33.90411,151.17908,AGL
20759,"AGL 176 Beach St, Coogee","176 Beach St, Coogee NSW 2034",-33.924973,151.25731,AGL
20760,"AGL 176 Darling St, Balmain","176 Darling St, Balmain NSW 2041",-33.858222,151.18703,AGL
20761,"AGL 180 Darling St, Balmain","180 Darling St, Balmain NSW 2041",-33.858233,151.18678,AGL
20762,"AGL 2 Diamond Bay Rd, Vaucluse","Opposite 2 Diamond Bay Rd, Vaucluse NSW 2030",-33.86120616,151.2786812,AGL
20763,"AGL 21-23 Corunna Rd, Stanmore","21-23 Corunna Rd, Stanmore NSW 2048",-33.888629,151.17117,AGL
20764,"AGL 225 Darley Rd, Randwick","Opposite 225 Darley Rd, Randwick NSW 2031",-33.903408,151.24908,AGL
20765,"AGL 24 Annandale St, Annandale","24 Annandale St, Annandale NSW 2038",-33.886612,151.1668,AGL
20766,"AGL 25 Llandaff St, Bondi Junction","25 Llandaff St, Bondi Junction NSW 2022",-33.89351,151.25239,AGL
20767,"AGL 26 Nelson St, Annandale","26 Nelson St, Annandale NSW 2038",-33.886332,151.17173,AGL
20768,"AGL 266 Johnston St, Annandale","266 Johnston St, Annandale NSW 2038",-33.874917,151.17353,AGL
20769,"AGL 270 Johnston St, Annandale","270 Johnston St, Annandale NSW 2038",-33.874666,151.17364,AGL
20770,"AGL 272 Johnston St, Annandale","272 Johnston St, Annandale NSW 2038",-33.874561,151.17369,AGL
20771,"AGL 276 Birrell St, Bondi","276 Birrell St, Bondi NSW 2026",-33.897271,151.26057,AGL
20772,"AGL 2A Liverpool St, Rose Bay","2A Liverpool St, Rose Bay NSW 2029",-33.875197,151.2729,AGL
20773,"AGL 3 William St, Randwick","3 William St, Randwick NSW 2031",-33.907292,151.23462,AGL
20774,"AGL 31 Diamond Bay Rd, Vaucluse","31 Diamond Bay Rd, Vaucluse NSW 2030",-33.861281,151.28099,AGL
20775,"AGL 31 DuxfoRd, St, Paddington","31 DuxfoRd, St, Paddington NSW 2021",-33.883118,151.22891,AGL
20776,"AGL 31 Mallett St, Camperdown","31 Mallett St, Camperdown NSW 2050",-33.887383,151.17672,AGL
20777,"AGL 32 Belmore St, Enmore","32 Belmore St, Enmore NSW 2042",-33.89817,151.17249,AGL
20778,"AGL 32 Liverpool St, Rose Bay","32 Liverpool St, Rose Bay NSW 2029",-33.875483,151.27491,AGL
20779,"AGL 326 Birrell St, Bondi","326 Birrell St, Bondi NSW 2026",-33.89795,151.26459,AGL
20780,"AGL 34 Chandos St, Ashfield","34 Chandos St, Ashfield NSW 2131",-33.883796,151.12889,AGL
20781,"AGL 34 Spencer St, Rose Bay","34 Spencer St, Rose Bay NSW 2029",-33.869938,151.27489,AGL
20782,"AGL 35 Diamond Bay Rd, Vaucluse","35 Diamond Bay Rd, Vaucluse NSW 2030",-33.861208,151.28059,AGL
20783,"AGL 35 Holmwood St, Newtown","35 Holmwood St, Newtown NSW 2042",-33.904259,151.17864,AGL
20784,"AGL 35 Metropolitan Rd, Enmore","35 Metropolitan Rd, Enmore NSW 2042",-33.90054,151.17236,AGL
20785,"AGL 39 Dulwich St, Dulwich Hill","39 Dulwich St, Dulwich Hill NSW 2203",-33.902889,151.14178,AGL
20786,"AGL 396 Mowbray Rd W, Lane Cove North","396 Mowbray Rd W, Lane Cove North NSW 2066",-33.806307,151.17585,AGL
20787,"AGL 402 Mowbray Rd W, Lane Cove North","402 Mowbray Rd W, Lane Cove North NSW 2066",-33.806571,151.17508,AGL
20788,"AGL 46-48 Mallett St, Camperdown","Opposite 46-48 Mallett St, Camperdown NSW 2050",-33.887912,151.17695,AGL
20789,"AGL 49 Llandaff St, Bondi Junction","49 Llandaff St, Bondi Junction NSW 2022",-33.893644,151.2533,AGL
20790,"AGL 5 Grove St, Dulwich Hill","5 Grove St, Dulwich Hill NSW 2203",-33.901307,151.1396,AGL
20791,"AGL 50 Chandos St, Ashfield","50 Chandos St, Ashfield NSW 2131",-33.883114,151.13057,AGL
20792,"AGL 50 Nelson St, Annandale","50 Nelson St, Annandale NSW 2038",-33.885253,151.17223,AGL
20793,"AGL 52 Dudley St, Coogee","52 Dudley St, Coogee NSW 2034",-33.924189,151.25163,AGL
20794,"AGL 52 Spencer St, Rose Bay","52 Spencer St, Rose Bay NSW 2029",-33.869007,151.2754,AGL
20795,"AGL 59 Holmwood St, Newtown","59 Holmwood St, Newtown NSW 2042",-33.904523,151.17785,AGL
20796,"AGL 59 Metropolitan Rd, Enmore","59 Metropolitan Rd, Enmore NSW 2042",-33.901175,151.17257,AGL
20797,"AGL 59 Windsor St, Paddington","59 Windsor St, Paddington NSW 2021",-33.885101,151.23344,AGL
20798,"AGL 626 Mowbray Rd W, Lane Cove North","626 Mowbray Rd W, Lane Cove North NSW 2066",-33.804676,151.156,AGL
20799,"AGL 642 Mowbray Rd W, Lane Cove North","642 Mowbray Rd W, Lane Cove North NSW 2066",-33.804553,151.1552,AGL
20800,"AGL 66 Mill Hill Rd, Bondi Junction","66 Mill Hill Rd, Bondi Junction NSW 2022",-33.892692,151.244,AGL
20801,"AGL 7 Holmwood St, Newtown","7 Holmwood St, Newtown NSW 2042",-33.904008,151.17938,AGL
20802,"AGL 75 Corunna Rd, Stanmore","75 Corunna Rd, Stanmore NSW 2048",-33.888842,151.16854,AGL
20803,"AGL 79 Darley Rd, Randwick","On Evan St, Adjacent 79 Darley Rd, Randwick NSW 2031",-33.90356151,151.2384945,AGL
20804,"AGL 8 Belmore St, Enmore","8 Belmore St, Enmore NSW 2042",-33.898101,151.17308,AGL
20805,"AGL 90 Rowntree St, Birchgrove","90 Rowntree St, Birchgrove NSW 2041",-33.853503,151.18034,AGL
20806,"AGL 91 Annandale St, Annandale","91 Annandale St, Annandale NSW 2038",-33.882982,151.16848,AGL
20807,"AGL 93 Metropolitan Rd, Enmore","93 Metropolitan Rd, Enmore NSW 2042",-33.902037,151.17287,AGL
20808,"AGL 94 Mallett St, Camperdown","Opposite 94 Mallett St, Camperdown NSW 2050",-33.889085,151.17744,AGL
20809,"AGL 96A Dudley St, Coogee","96A Dudley St, Coogee NSW 2034",-33.924774,151.2555,AGL
20810,"AGL 98 Rowntree St, Birchgrove","98 Rowntree St, Birchgrove NSW 2041",-33.85326,151.18076,AGL
1,Shell Reddy Express Coffs Harbour,"208-212 Pacific Hwy North, Coffs Harbour NSW 2450",-30.286083,153.124146,Reddy Express
2,Shell Reddy  Express Glendale,"593 Main Rd, Glendale NSW 2285",-32.927065,151.637938,Reddy Express
3,Shell Reddy Express Oyster Bay,"26-28 Georges River Rd (Cnr Carvers Rd), Oyster Bay NSW 2225",-34.00934,151.07548,Reddy Express
4,Shell Reddy Express Tamworth,"251-253 Goonoo Goonoo Rd, Tamworth NSW 2340",-31.111899,150.922823,Reddy Express
5,Shell Reddy Express Bulli,"279-287 Princes Highway, Bulli NSW 2516",-34.336559,150.912153,Reddy Express
6,Shell Reddy Express Mudgee,"47 Church St (Cnr Mortimer St), Mudgee NSW 2850",-32.593538,149.588282,Reddy Express
7,Shell Reddy Express Tamworth West,"147-149 Bridge St, Tamworth West NSW 2340",-31.094987,150.911999,Reddy Express
10,Shell Reddy Express Port Macquarie,"Cnr Gordon & Hollingsworth Sts, PORT MACQUARIE NSW 2444",-31.434366,152.904685,Reddy Express
13,Shell Reddy Express Wyalong,"Mid Western Hwy & Nicholson Lane, Wyalong NSW 2671",-33.925413,147.256084,Reddy Express
14,Shell Reddy Express  Taren Point,"99 Parraweena Rd (Cnr Taren Point Rd), Miranda NSW 2228",-34.026377,151.120108,Reddy Express
15,BP Cronulla,"Cnr Wilbur & Kingsway Streets, Cronulla NSW 2230",-34.050956,151.150759,BP
16,BP Eagle Vale,"Cnr Eagle Vale Dve & Gould Rd, Eagle Vale NSW 2558",-34.031183,150.816282,BP
17,BP Glendenning,"646 Richmond Rd, Glendenning NSW 2761",-33.73762,150.853221,BP
18,Shell Reddy Express St Clair,"247 Banks Drive (Cnr Mamre Rd), St Clair NSW 2759",-33.788333,150.771411,Reddy Express
19,Shell Reddy  Express Singleton (Nsw),"69-73 George St, Singleton NSW 2330",-32.5629,151.175536,Reddy Express
20,Shell Reddy Express Emerald Beach,"1140-1140A Solitary Islands Way, Emerald Beach NSW 2456",-30.16434,153.18148,Reddy Express
21,Shell Reddy Express Eastern Creek,"611 Great Western Hwy (Cnr Brabham Drv), Eastern Creek NSW 2766",-33.792159,150.871489,Reddy Express
22,Shell Reddy  Express Gorokan,"67 Wallarah Rd (Cnr Edith St), Gorokan NSW 2263",-33.25654,151.507969,Reddy Express
23,Shell Reddy  Express Lake Munmorah,"260 Pacific Hwy (Cnr Basford Road), Doyalson North NSW 2259",-33.186301,151.548878,Reddy Express
24,Shell Reddy  Express Woy Woy,"50-52 Ocean Beach Rd (Cnr Rawson St), Woy Woy NSW 2256",-33.493905,151.320693,Reddy Express
26,Shell Reddy Express Gilgandra,"Portion 101 Newell Highway (Cnr Tooraweenah Road), Gilgandra NSW 2827",-31.703093,148.678759,Reddy Express
27,Shell Reddy  Express Erina,"211 The Entrance Rd (Cnr Bonnal Rd), Erina NSW 2250",-33.435578,151.385108,Reddy Express
29,Shell Reddy Express Mittagong,"Old Hume Hwy (Cnr Balaclava St), Mittagong NSW 2575",-34.439,150.471869,Reddy Express
30,Shell Reddy Express West Dubbo,"Whylandra St & Victoria St, Dubbo NSW 2830",-32.247549,148.593317,Reddy Express
33,Shell Reddy Express Wauchope,"64 High Street, Wauchope NSW 2446",-31.457565,152.731699,Reddy Express
34,Shell Reddy Express Chatswood,"877-879 Pacific Hwy, Chatswood NSW 2067",-33.791717,151.180472,Reddy Express
35,Shell Reddy Express Parklea,"484 Sunnyholt Road, Parklea NSW 2768",-33.729297,150.921811,Reddy Express
36,Shell Reddy Express Brighton-Le-Sands,"2-6 General Holmes Drive, Brighton-Le-Sands NSW 2216",-33.957809,151.15748,Reddy Express
37,Shell Reddy Express Toronto,"133-137 Cary St, Toronto NSW 2283",-33.011721,151.593151,Reddy Express
39,Shell Reddy Express Sutton Forest,"13125 Hume Highway (Cnr Sally Corner Rd), Sutton Forest NSW 2577",-34.607743,150.228156,Reddy Express
40,Shell Reddy Express Oak Flats,"Lot 2 Lake Entrance Road, Oak Flats NSW 2529",-34.563166,150.831516,Reddy Express
41,Shell Reddy  Express Kincumber,"Avoca Dr & Bungoona St, Kincumber NSW 2251",-33.467789,151.383804,Reddy Express
42,Shell Reddy Express Sutton Forest,"13124 Hume Highway, Sutton Forest NSW 2577",-34.607616,150.227232,Reddy Express
43,Shell Reddy Express Wetherill Park Elizabeth,"37  Elizabeth St (Cnr Victoria  St), Wetherill Park NSW 2164",-33.845806,150.899637,Reddy Express
44,Shell Reddy Express Berkshire Park,"746-752 Richmond Road, Berkshire Park NSW 2765",-33.664575,150.799764,Reddy Express
45,Shell Reddy Express Enfield,"630-634 Liverpool Road, Strathfield South NSW 2136",-33.88688,151.071135,Reddy Express
46,Shell Reddy  Express Merewether,"87 Llewellyn St (Cnr Glebe Rd), Merewether NSW 2291",-32.938146,151.749567,Reddy Express
47,Shell Reddy Express Carlton,"277-281 Princes Highway, Carlton NSW 2218",-33.974858,151.127273,Reddy Express
48,Shell Reddy Express Dural,"592-596 Old Northern Rd, Dural NSW 2158",-33.694281,151.031261,Reddy Express
49,Shell Reddy Express Cabramatta,"218 John St (Cnr Cumberland Hwy), Cabramatta NSW 2166",-33.893375,150.922094,Reddy Express
50,Shell Reddy  Express Camden,"273 Old Hume Highway, Camden NSW 2570",-34.086627,150.694551,Reddy Express
51,Shell Reddy Express Five Dock,"213-253 Parramatta Rd & Walker St, Five Dock NSW 2046",-33.870106,151.115104,Reddy Express
52,Shell Reddy  Express Marsfield,"189 Epping Rd & Culloden Rd, Marsfield NSW 2122",-33.775212,151.105289,Reddy Express
54,Shell Reddy  Express Cessnock,"183 Vincent St, Cessnock NSW 2325",-32.838322,151.355439,Reddy Express
55,Shell Reddy Express Guildford,"295 Woodville Rd, Guildford NSW 2161",-33.850752,150.996951,Reddy Express
56,Shell Reddy  Express Inverell,"176 Otho St, Inverell NSW 2360",-29.778219,151.115549,Reddy Express
57,Shell Reddy  Express Tocumwal,"Dean & Hill Streets, Tocumwal NSW 2714",-35.808364,145.559605,Reddy Express
58,Shell Reddy  Express South Hurstville,"835 King Georges Road, South Hurstville NSW 2221",-33.978745,151.105526,Reddy Express
59,Shell Reddy Express Ramsgate,"274-276 Grand Parade (Cnr Ramsgate Rd), Ramsgate NSW 2217",-33.985745,151.147385,Reddy Express
60,Shell Reddy Express Lawson,"311 Great Western Highway, Lawson NSW 2783",-33.721927,150.426038,Reddy Express
62,Shell Reddy Express Ryde,"45 Lane Cove Rd & Myra Ave, Ryde NSW 2112",-33.807231,151.109825,Reddy Express
63,Shell Reddy Express Hornsby,"194-206 Pacific Hwy, Hornsby NSW 2077",-33.7072,151.099147,Reddy Express
64,Shell Reddy Express Narrandera,"113 AUDLEY ST, NARRANDERA NSW 2700",-34.74745728,146.55005123,Reddy Express
65,Shell Reddy Express Bass Hill,"884-888 Hume Hwy (Cnr Strickland St), Bass Hill NSW 2197",-33.89964,150.997487,Reddy Express
66,Shell Reddy  Express Belmont Maude (Nsw),"504 Pacific Hwy (Cnr Maude St), Belmont NSW 2280",-33.03322,151.660617,Reddy Express
67,Shell Reddy  Express Tumut,"168-170 Snowy Mountains Hwy, Tumut NSW 2720",-35.302559,148.202254,Reddy Express
68,Shell Reddy Express Wollongong West,"434 Crown St, Wollongong West NSW 2500",-34.425147,150.873512,Reddy Express
69,Shell Reddy Express Drummoyne,"38-46 Victoria Rd, Drummoyne NSW 2047",-33.855759,151.159307,Reddy Express
70,Shell Reddy Express Yallah,"1 Macquarie Place Haywards Bay, Yallah NSW 2530",-34.541247,150.785615,Reddy Express
72,Shell Reddy Express Moss Vale,"571 Argyle St (Cnr Yarrawa Rd), Moss Vale NSW 2577",-34.553424,150.364548,Reddy Express
73,Shell Reddy Express Smithfield,"678 The Horsley Drv (Cnr Cumberland Hwy), Smithfield NSW 2164",-33.85369,150.940106,Reddy Express
74,7-Eleven Artarmon,"477 Pacific Highway, Artarmon NSW 2064",-33.810521,151.177429,7-Eleven
75,7-Eleven Kincumber,"28 - 30 Avoca Drive, Kincumber NSW 2251",-33.467858,151.38063,7-Eleven
76,7-Eleven Fairfield,"320 Polding St, FAIRFIELD WEST NSW 2165",-33.8594672,150.922616,7-Eleven
77,Shell Reddy  Express Berowra,"955 Pacific Highway (Cnr Yallambee Rd), Berowra NSW 2081",-33.627973,151.147917,Reddy Express
78,Shell Reddy  Express Ourimbah,"78 Pacific Highway (Cnr Burns Rd), Ourimbah NSW 2258",-33.346821,151.370975,Reddy Express
79,Shell Reddy Express Coonabarabran,"2-6 Johns St, Coonabarabran NSW 2357",-31.277055,149.278375,Reddy Express
82,Shell Reddy Express Faulconbridge,"575-581 Great Western Highway, Faulconbridge NSW 2776",-33.694145,150.537347,Reddy Express
83,Shell Reddy Express Motto Farm,"2137 Pacific Highway, Heatherbrae NSW 2324",-32.798345,151.717716,Reddy Express
86,Shell Reddy  Express Halfway Creek,"4974 Pacific Highway (Cnr Lemon Tree Rd), Halfway Creek NSW 2460",-29.934898,153.094274,Reddy Express
88,Shell Reddy Express Yagoona,"112 Rookwood (Cnr Brunker) Rds, Yagoona NSW 2199",-33.898673,151.037094,Reddy Express
90,Shell Reddy Express Wollongong,"142-148 Corrimal St, Wollongong NSW 2500",-34.42874,150.898901,Reddy Express
91,Shell Reddy Express Bathurst,"59 Durham Street, Bathurst NSW 2795",-33.41649,149.58434,Reddy Express
92,Shell Reddy Express Griffith,"121 Banna Avenue, Griffith NSW 2680",-34.288346,146.051293,Reddy Express
93,Shell Reddy Express Lithgow,"Lot 1 Great Western Highway (Cnr Rydal Rd), South Bowenfels NSW 2790",-33.505897,150.123904,Reddy Express
94,Shell Reddy Express Kotara,"93 Park Avenue, Kotara NSW 2289",-32.940904,151.708827,Reddy Express
95,Shell Reddy Express Moree,"Balo St & Gwydir St, Moree NSW 2400",-29.461111,149.842053,Reddy Express
96,Shell Reddy Express Goulburn,"1-3 Sowerby St, Goulburn NSW 2580",-34.772916,149.691601,Reddy Express
99,Shell Reddy Express Taree,"59-63 Victoria Street, Taree NSW 2430",-31.910559,152.465144,Reddy Express
100,Shell Reddy  Express Wattle Grove,"115 Heathcote Rd, Wattle Grove NSW 2173",-33.946408,150.946795,Reddy Express
101,Shell Reddy Express Bexley,"306-312 Forest Road (Cnr Fredrick St), Bexley NSW 2205",-33.945714,151.128092,Reddy Express
103,Shell Reddy Express Tweed Heads South,"71 Minjungbal Dr, Tweed Heads South NSW 2486",-28.194588,153.541981,Reddy Express
104,Shell Reddy Express Hoxton Park,"650-652 Hoxton Park Rd, Hoxton Park NSW 2171",-33.925298,150.849274,Reddy Express
105,Shell Reddy  Express Norwest Business Park,"4 Century Circuit, Baulkham Hills NSW 2153",-33.733555,150.963518,Reddy Express
107,Shell Reddy Express Lismore,"100 Dawson & Magellan Sts, Lismore NSW 2480",-28.811269,153.279937,Reddy Express
109,Shell Reddy Express Tweed Heads,"34 Wharf St (Cnr Frances St), Tweed Heads NSW 2485",-28.173842,153.543136,Reddy Express
113,Shell Reddy  Express Alexandria,"562-572 Botany Rd, Alexandria NSW 2015",-33.915767,151.200134,Reddy Express
115,Shell Reddy Express Broken Hill,"164 William Street, Broken Hill NSW 2880",-31.951488,141.453671,Reddy Express
116,BP Heatherbrae,"2398 Pacific Highway, Heatherbrae NSW 2324",-32.783298,151.737022,BP
117,BP Kellyville,"19-21 Windsor Road, Kellyville NSW 2155",-33.712817,150.95903,BP
118,BP Kennedy Drive,"Cnr Kennedy Dve & Ducat St, Tweed Heads NSW 2485",-28.18605,153.526203,BP
119,Shell Reddy  Express Gundagai Tuckerbox,"Hume highway & Sheahan Bridge, GUNDAGAI NSW 2722",-35.003645,148.110711,Reddy Express
122,Shell Reddy Express Albury,"465 Guinea St (Cnr David St), Albury NSW 2640",-36.074822,146.921549,Reddy Express
123,Shell Reddy Express Lavington,"575 Wagga Rd, Lavington NSW 2641",-36.03665,146.963037,Reddy Express
125,Shell Reddy  Express Kingsgrove,"137-141 Kingsgrove Road, Kingsgrove NSW 2208",-33.932785,151.099086,Reddy Express
126,Shell Reddy  Express Bega,"2-6 Swan St, Bega NSW 2550",-36.673879,149.838173,Reddy Express
127,7-Eleven Belmore,"792-794 Canterbury Road Chapel Street, Belmore NSW 2192",-33.925456,151.087072,7-Eleven
128,7-Eleven Pendle Hill,"217 Wentworth Avenue (Corner Bungaree Road), Pendle Hill NSW 2145",-33.80187,150.957827,7-Eleven
129,7-Eleven Rockdale,"99 Railway Street (Corner Frederick Street), Rockdale NSW 2216",-33.952566,151.135774,7-Eleven
130,7-Eleven Guildford West,"534 Guildford Road West (Corner Fowler Road), Guildford West NSW 2161",-33.851431,150.972137,7-Eleven
132,7-Eleven Maroubra,"1 Meagher Ave (Cnr Malabar Rd) (Repn 9 June'16), Maroubra NSW 2035",-33.951306,151.24905,7-Eleven
133,7-Eleven Merrylands,"295-297 Merrylands Road (Corner Windsor Street), Merrylands NSW 2160",-33.835467,150.985311,7-Eleven
134,7-Eleven Hurlstone Park,"670 New Canterbury Road (Corner Melford Street), Hurlstone Park NSW 2193",-33.905043,151.130108,7-Eleven
135,7-Eleven Fairfield West,"234 Hamilton Road, Fairfield West NSW 2165",-33.872141,150.937268,7-Eleven
136,Shell Reddy Express Bowral,"430 Bong Bong St (Cnr Bowral St), Bowral NSW 2576",-34.48268,150.417354,Reddy Express
137,7-Eleven North Rocks,"340 North Rocks Road, North Rocks NSW 2151",-33.768977,151.03069,7-Eleven
140,7-Eleven Mount Pritchard,"352 Elizabeth Drive (Corner Meadow Road), Mount Pritchard NSW 2170",-33.902707,150.896724,7-Eleven
141,7-Eleven Mosman,"162A Spit Road (Corner Mitchell Road), Mosman NSW 2088",-33.817498,151.243383,7-Eleven
142,7-Eleven Caringbah,"367 The Kingsway (Corner Willarong Road), Caringbah NSW 2229",-34.039547,151.120355,7-Eleven
143,7-Eleven West Wollongong,"Corner Crown & Darling Streets, West Wollongong NSW 2500",-34.425265,150.884673,7-Eleven
144,7-Eleven Kingswood,"127 GREAT WESTERN HWY, KINGSWOOD NSW 2747",-33.7598749,150.7265029,7-Eleven
145,7-Eleven Drummoyne,"271A Victoria Road, Drummoyne NSW 2047",-33.84723,151.151612,7-Eleven
146,7-Eleven Croydon Park,"45 Georges River Road, Croydon Park NSW 2133",-33.894381,151.111446,7-Eleven
147,Shell Reddy Express Goulburn,"90 Cowper St (Cnr Clinton St), Goulburn NSW 2580",-34.755637,149.711462,Reddy Express
148,7-Eleven Penshurst,"612 Forest Road, Penshurst NSW 2222",-33.961504,151.079228,7-Eleven
149,7-Eleven Randwick,"128 Barker Street, Randwick NSW 2031",-33.920881,151.235608,7-Eleven
150,7-Eleven Heatherbrae,"369 Pacific Highway, Heatherbrae NSW 2324",-32.791312,151.725301,7-Eleven
151,7-Eleven Kings Park,"363 Vardys Road, Kings Park NSW 2148",-33.7466,150.90688,7-Eleven
154,7-Eleven Mosman,"45 Spit Road, Mosman NSW 2088",-33.823058,151.243459,7-Eleven
156,7-Eleven Belmont North,"378 Pacific Highway, Belmont North NSW 2280",-33.022787,151.664179,7-Eleven
158,Shell Reddy Express St Helens Park,"Lot 201 Appin Road, St Helens Park NSW 2560",-34.111953,150.798563,Reddy Express
160,7-Eleven Shellharbour,"Corner Shellharbour & Wattle Roads, Shellharbour NSW 2529",-34.580605,150.861141,7-Eleven
162,7-Eleven Sutherland,"693 Old Princes Highway (Retank Reopens 23 Jun'16), Sutherland NSW 2232",-34.029795,151.058951,7-Eleven
163,7-Eleven Penrith,"30 Henry Street, Penrith NSW 2750",-33.754088,150.704558,7-Eleven
164,7-Eleven Narrabeen,"1234 Pittwater Road, Narrabeen NSW 2101",-33.719601,151.298272,7-Eleven
165,7-Eleven Arndell Park,"180 Reservoir Road, Arndell Park NSW 2148",-33.796722,150.897194,7-Eleven
166,7-Eleven Mount Druitt,"Lot 6 Luxford Road, Mount Druitt NSW 2770",-33.764921,150.82627,7-Eleven
167,7-Eleven Carlingford,"243 Pennant Hills Road, Carlingford NSW 2118",-33.782875,151.045752,7-Eleven
168,7-Eleven Minchinbury,"Lot 3 Great Western Highway (Cnr John Hines Ave), Minchinbury NSW 2770",-33.778099,150.809194,7-Eleven
169,Shell Reddy Express Killarney Vale,"102 - 106 Wyong Road, Killarney Vale NSW 2261",-33.367288,151.46491,Reddy Express
170,7-Eleven Arncliffe,"28 Princes Highway, Arncliffe NSW 2205",-33.934164,151.152566,7-Eleven
171,7-Eleven Erina,"214 The Entrance Road, Erina NSW 2250",-33.434942,151.387952,7-Eleven
174,7-Eleven Corrimal,"138-146 Princes Highway, Corrimal NSW 2518",-34.369863,150.897816,7-Eleven
175,7-Eleven Minto,"Lot 1 Ben Lomond Road, MINTO NSW 2566",-34.031754,150.850253,7-Eleven
176,7-Eleven Blacktown,"62 Walters Road, Blacktown NSW 2148",-33.775908,150.894749,7-Eleven
177,7-Eleven Lisarow,"911 Pacific Highway, Lisarow NSW 2250",-33.385396,151.365375,7-Eleven
178,7-Eleven Watanobbi,"156 Pacific Highway, Watanobbi NSW 2259",-33.27436,151.429255,7-Eleven
179,7-Eleven Regentville,"36 Mulgoa Road, Regentville NSW 2745",-33.77504,150.666023,7-Eleven
180,Shell Reddy Express Picton,"93-99 Argyle Street, Picton NSW 2571",-34.168556,150.611545,Reddy Express
181,7-Eleven Argenton,"503 Lake Road, Argenton NSW 2284",-32.935194,151.630728,7-Eleven
182,7-Eleven Emu Plains,"49-51 Great Western Highway, Emu Plains NSW 2750",-33.746491,150.676178,7-Eleven
183,7-Eleven Campbelltown,"71 Blaxland Road, Campbelltown NSW 2560",-34.061876,150.80945,7-Eleven
184,7-Eleven Castle Hill,"255 -257 Old Northern Road, Castle Hill NSW 2154",-33.734803,151.003582,7-Eleven
185,7-Eleven South Hurstville,"822 King Georges Road & Joffre St, South Hurstville NSW 2220",-33.975997,151.10364,7-Eleven
186,7-Eleven Georges Hall,"48 SURREY AV, GEORGES HALL NSW 2198",-33.9153564,150.9976137,7-Eleven
187,7-Eleven Green Point,"390 Avoca Drive (Gosford), Green Point NSW 2251",-33.462598,151.363938,7-Eleven
188,7-Eleven Mount Pritchard,"464 Cabramatta Road West, Mount Pritchard NSW 2170",-33.897357,150.912907,7-Eleven
189,7-Eleven Carlton,"439 Princes Highway (Corner Massey Street), Carlton NSW 2218",-33.98081,151.119076,7-Eleven
190,7-Eleven Ashfield,"132 LIVERPOOL RD, ASHFIELD NSW 2131",-33.8905782,151.1295516,7-Eleven
191,Shell Reddy Express Leppington,"1443 Camden Valley Way, Leppington NSW 2171",-33.966367,150.815605,Reddy Express
192,7-Eleven Bankstown,"180 Stacey & Stanley Streets, Bankstown NSW 2200",-33.920941,151.039191,7-Eleven
193,7-Eleven Casula,"2355 Camden Valley Way (Corner Beech Road), Casula NSW 2170",-33.957141,150.882875,7-Eleven
194,7-Eleven Adamstown,"531 - 537 Glebe Road & Bryant Street, Adamstown NSW 2289",-32.934945,151.729634,7-Eleven
195,7-Eleven Berkeley,"47 Nolan Street (Corner Northcliffe Road), Berkeley NSW 2506",-34.476871,150.839335,7-Eleven
196,7-Eleven Berowra,"965-969 Pacific Highway (Corner Waratah Road), Berowra NSW 2081",-33.627124,151.148098,7-Eleven
197,7-Eleven Bexley,"611-615  Mimosa Street (Corner Forest Road), Bexley NSW 2207",-33.955531,151.118478,7-Eleven
199,BP Macarthur,"Cnr Campbelltown & Blaxland Roads, Campbelltown NSW 2560",-34.053178,150.823322,BP
200,BP Minchinbury,"1055 Great Western Highway, Minchinbury NSW 2770",-33.781986,150.824399,BP
201,7-Eleven Blacktown East,"56 Leabons Lane (Corner Blacktown Road), Blacktown East NSW 2148",-33.780107,150.920677,7-Eleven
202,Shell Reddy Express Campbelltown,"27 Queen Street, Campbelltown NSW 2560",-34.060434,150.819361,Reddy Express
203,7-Eleven Blacktown,"175 Richmond Road, Blacktown NSW 2148",-33.754839,150.891241,7-Eleven
204,7-Eleven Blacktown,"354 Corner Flushcombe Road & Myrtle Street, Blacktown NSW 2148",-33.795417,150.904904,7-Eleven
205,7-Eleven Blaxland,"139 Great Western Highway (Corner Layton Avenue), Blaxland NSW 2774",-33.746366,150.613486,7-Eleven
206,7-Eleven Bligh Park,"735 George Street, Bligh Park NSW 2756",-33.637167,150.786046,7-Eleven
207,7-Eleven Bonnyrigg,"140 Edensor & Bibbys Roads, Bonnyrigg NSW 2177",-33.884086,150.892033,7-Eleven
208,7-Eleven Burwood,"Cnr Parramatta & Shaftsbury Rds, Burwood NSW 2134",-33.869406,151.108603,7-Eleven
209,7-Eleven Campbelltown,"96 Queen & Broughton Streets, Campbelltown NSW 2560",-34.06362,150.817014,7-Eleven
211,7-Eleven West Pennant Hills,"552 Pennant Hills Road, West Pennant Hills NSW 2125",-33.74687,151.050803,7-Eleven
212,7-Eleven Colyton,"104 Great Western Highway & Bennett Road, Colyton NSW 2760",-33.775081,150.793593,7-Eleven
215,7-Eleven Croydon Park,"342 Georges River Road & Burwood Road, Croydon Park NSW 2133",-33.897617,151.099796,7-Eleven
217,7-Eleven Dee Why,"940 Pittwater Road & Hawkesbury Avenue, Dee Why NSW 2099",-33.749095,151.290234,7-Eleven
218,7-Eleven Eastern Creek,"Lot 16 - 25 Great Western Highway, Eastern Creek NSW 2766",-33.787953,150.849664,7-Eleven
219,7-Eleven Emerton,"Shop 1, 135-137 Popondetta Road, Emerton NSW 2770",-33.744639,150.810225,7-Eleven
220,7-Eleven Green Valley,"187 Wilson Road, Green Valley NSW 2168",-33.907829,150.865922,7-Eleven
221,7-Eleven Haberfield,"25 Parramatta Road, Haberfield NSW 2045",-33.887908,151.142813,7-Eleven
222,7-Eleven Minchinbury,"1042 Great Western Highway, Minchinbury NSW 2770",-33.782515,150.82857,7-Eleven
223,7-Eleven Edensor Park,"Corner Elizabeth & Cowpasture Roads, Edensor Park NSW 2176",-33.883376,150.864788,7-Eleven
225,Shell Reddy Express Liverpool,"338-340 Hume Highway, Liverpool NSW 2170",-33.93145,150.917675,Reddy Express
226,7-Eleven Emu Plains,"126-128 OLD BATHURST RD, EMU HEIGHTS NSW 2750",-33.7429882,150.6547009,7-Eleven
227,7-Eleven Epping,"246 Beecroft & Carlingford Roads, Epping NSW 2121",-33.770913,151.081199,7-Eleven
229,7-Eleven Gosford West,"55 Central Coast Highway, Gosford West NSW 2250",-33.427077,151.33001,7-Eleven
230,7-Eleven Granville,"154-160 Parramatta Road & Corner Bold Street, Granville NSW 2142",-33.8301284,151.01003,7-Eleven
231,7-Eleven Granville East,"Lot 3-4 Parramatta Road & Harbord Street, Granville East NSW 2142",-33.835001,151.021825,7-Eleven
233,7-Eleven Gymea,"110 Gymea Bay Rd (Cnr 337-339 President Avenue), Gymea NSW 2227",-34.037679,151.084491,7-Eleven
234,7-Eleven Hassall Grove,"795 Luxford Road  (Corner Buckwell Drive), Hassall Grove NSW 2761",-33.735368,150.836663,7-Eleven
235,7-Eleven Ingleburn,"63 Oxford & Cumberland Streets, Ingleburn NSW 2565",-33.99995,150.86794,7-Eleven
236,Shell Reddy Express Bathurst,"298 Stewart St (Cnr Rocket St), Bathurst NSW 2795",-33.419053,149.56761,Reddy Express
237,7-Eleven Jamisontown,"92 Mulgoa Road & Batt Street, Jamisontown NSW 2750",-33.766148,150.679467,7-Eleven
238,7-Eleven Kensington,"110 Anzac Parade & Goodwood Street, Kensington NSW 2033",-33.907017,151.223796,7-Eleven
239,7-Eleven Kensington,"131 Anzac Parade & Todman Avenue, Kensington NSW 2033",-33.910008,151.223177,7-Eleven
240,7-Eleven Killara,"494 Pacific Hwy, Killara NSW 2071",-33.771365,151.16108,7-Eleven
241,7-Eleven Plumpton,"291 Rooty Hill Road North, Plumpton NSW 2761",-33.753565,150.840322,7-Eleven
243,7-Eleven Kirrawee,"529-531 Princes Highway & Bath Road, Kirrawee NSW 2232",-34.031465,151.076694,7-Eleven
244,7-Eleven Kirrawee,"542 Princes Highway, Kirrawee NSW 2232",-34.032382,151.075805,7-Eleven
246,7-Eleven Lambton,"21 Croudace & De Vitre Streets, Lambton NSW 2299",-32.910413,151.705176,7-Eleven
248,7-Eleven New Lambton,"289 - 291 Turton Road & Young Street, New Lambton NSW 2305",-32.917854,151.724357,7-Eleven
249,7-Eleven Lansvale South,"44 Hume Highway & Knight Street, Lansvale South NSW 2166",-33.891605,150.964966,7-Eleven
250,7-Eleven Lindfield,"238 Pacific Highway, Lindfield NSW 2070",-33.778889,151.168902,7-Eleven
251,7-Eleven Liverpool,"95 Elizabeth Drive (Corner Park Road), Liverpool NSW 2170",-33.918366,150.916008,7-Eleven
252,7-Eleven Marks Point,"770 Pacific Highway & Marks Point  Road, Marks Point NSW 2280",-33.056933,151.653592,7-Eleven
253,7-Eleven Wickham,"184-188 Hannell Street, Wickham NSW 2293",-32.913602,151.758251,7-Eleven
254,7-Eleven Mayfield West,"412-416 Maitland Road & Frith Street, Mayfield West NSW 2304",-32.892733,151.730031,7-Eleven
256,7-Eleven Menai,"Corner Allison Crescent & Menai Road, Menai NSW 2234",-34.01574,151.013222,7-Eleven
257,7-Eleven Mona Vale,"24 Barrenjoey Road (Corner Darley Street East), Mona Vale NSW 2103",-33.676825,151.308231,7-Eleven
258,Shell Reddy Express Orange,"Summer St & Sale St, Orange NSW 2800",-33.283138,149.096248,Reddy Express
259,7-Eleven Narrabeen,"1497 Pittwater Road & Gondola Street, Narrabeen NSW 2101",-33.707435,151.296389,7-Eleven
260,7-Eleven North Ryde,"400 Lane Cove Road, North Ryde NSW 2113",-33.784477,151.128964,7-Eleven
261,7-Eleven Penrith South,"15-19 Aspen Street, Penrith South NSW 2750",-33.777277,150.710723,7-Eleven
262,7-Eleven Ryde,"326-328 Blaxland Road, Ryde NSW 2112",-33.802513,151.100336,7-Eleven
264,7-Eleven Northmead,"56 Windsor Road & Northmead Avenue, Northmead NSW 2152",-33.790961,150.997173,7-Eleven
267,7-Eleven Cranebrook,"212-222 Andrews & Castlereagh Roads, Cranebrook NSW 2749",-33.7305882,150.6951646,7-Eleven
269,Shell Reddy Express Mount Annan,"241 Waterworth Drive, Mount Annan NSW 2567",-34.049459,150.760159,Reddy Express
271,7-Eleven Plumpton,"Corner Richmond Road & Dublin Street, Plumpton NSW 2761",-33.73984,150.860297,7-Eleven
273,7-Eleven Revesby,"275 Canterbury Road & Mavis Street, Revesby NSW 2212",-33.936974,151.020888,7-Eleven
274,7-Eleven Riverwood,"30 Bonds Road (Corner Romilly Street), Riverwood NSW 2210",-33.9523,151.058345,7-Eleven
275,7-Eleven Rockdale,"293 West Botany Street (Corner Bestic Street), Rockdale NSW 2216",-33.949919,151.148692,7-Eleven
276,7-Eleven Rooty Hill,"108 ROOTY HILL RD SOUTH, ROOTY HILL NSW 2766",-33.7803603,150.8502005,7-Eleven
277,7-Eleven Lakemba,"222 King Georges Rd (Cnr Canarys Rd) (Opn 30/6/16), Lakemba NSW 2195",-33.933571,151.073569,7-Eleven
278,7-Eleven Roseville,"Corner Pacific Highway and Boundary Street, Roseville NSW 2069",-33.78742,151.17982,7-Eleven
279,7-Eleven Shortland,"300 Sandgate Road, Shortland NSW 2307",-32.886168,151.695396,7-Eleven
280,Shell Reddy Express Wallsend West,"14 Thomas St, Wallsend NSW 2287",-32.906722,151.669265,Reddy Express
281,BP Carlingford,"712 Pennant Hills Road, Carlingford NSW 2118",-33.763701,151.047355,BP
282,BP Chinderah T/C,"68-89 Ozone Street, Chinderah NSW 2487",-28.243748,153.557582,BP
283,7-Eleven Rozelle,"178-184 Victoria Road (Corner Moodie Street), Rozelle NSW 2039",-33.862904,151.168131,7-Eleven
284,7-Eleven West Ryde,"919 Victoria Road (Corner Hermitage Road), West Ryde NSW 2114",-33.80925,151.09346,7-Eleven
287,7-Eleven St Clair,"4 Endeavour & Bennett Roads, St Clair NSW 2759",-33.79414,150.789066,7-Eleven
288,7-Eleven St Ives,"157-159 Mona Vale Rd, ST IVES NSW 2075",-33.732665,151.156286,7-Eleven
289,7-Eleven St Marys,"Corner Forrester Road & Christie Street, St Marys NSW 2760",-33.747899,150.776737,7-Eleven
290,7-Eleven St Marys,"Corner Mamre Road & Wilson Street, St Marys NSW 2760",-33.778006,150.771942,7-Eleven
291,Shell Reddy Express Cremorne,"227 Military Rd, Cremorne NSW 2090",-33.830574,151.226235,Reddy Express
292,7-Eleven Strathfield South,"575-585 Liverpool Road, Strathfield South NSW 2136",-33.887371,151.074269,7-Eleven
293,7-Eleven The Entrance,"184-186 The Entrance Rd & Gosford Ave, Long Jetty NSW 2261",-33.350815,151.492283,7-Eleven
294,7-Eleven Toongabbie,"3 Metella Road & Corner Cornelia Road, Toongabbie NSW 2146",-33.786881,150.946621,7-Eleven
295,7-Eleven Turramurra,"1408 Pacific Highway (Corner Duff Street), Turramurra NSW 2074",-33.733062,151.126513,7-Eleven
296,7-Eleven Wahroonga,"1579 Pacific Highway (Corner Redleaf Avenue), Wahroonga NSW 2076",-33.719857,151.116805,7-Eleven
297,7-Eleven Warners Bay,"393 Hillsborough Road  (Corner Macquarie Road), Warners Bay NSW 2282",-32.965976,151.654297,7-Eleven
299,BP Mortdale,"21 Boundary Road, Mortdale NSW 2223",-33.970669,151.073689,BP
300,BP Mosman (0926),"Cnr Avenue & Cowles Roads, Mosman NSW 2088",-33.832039,151.237292,BP
301,BP Naremburn,"169 Willoughby Road, Naremburn NSW 2065",-33.820024,151.201159,BP
302,Shell Reddy  Express Hunters Hill,"4 Ryde Rd, Hunters Hill NSW 2110",-33.831761,151.141656,Reddy Express
306,7-Eleven Guildford,"272-278 Woodville Road, Guildford NSW 2161",-33.848168,150.996937,7-Eleven
308,7-Eleven Gregory Hills,"1&3 Rodeo Rd (160 Camden Valley Way), Gregory Hills NSW 2557",-34.024252,150.759008,7-Eleven
309,7-Eleven Kellyville,"54 - 56 Windsor Road, Kellyville NSW 2155",-33.712414,150.956801,7-Eleven
310,7-Eleven Penrith,"588 HIGH ST, PENRITH NSW 2750",-33.7525542,150.6912894,7-Eleven
311,7-Eleven Northmead,"137 Windsor Road, Northmead NSW 2152",-33.782288,150.997137,7-Eleven
312,7-Eleven Albion Park Rail,"138-142 Princes Highway, ALBION PARK RAIL NSW 2527",-34.559031,150.793658,7-Eleven
314,7-Eleven Wadalba,"Corner Pacific Highway & London Drive, Wadalba NSW 2259",-33.265167,151.454858,7-Eleven
315,7-Eleven Goulburn,"88 - 92 Clinton Street, Goulburn NSW 2580",-34.756539,149.712291,7-Eleven
319,7-Eleven Lake Illawarra,"2 - 4 Peterborough Avenue, Lake Illawarra NSW 2528",-34.54386,150.863624,7-Eleven
320,7-Eleven Bathurst,"269 Stewart Street, Bathurst NSW 2795",-33.418148,149.568104,7-Eleven
322,BP Asquith,"Cnr Pacific Highway & Jersey Street, Asquith NSW 2077",-33.689447,151.106412,BP
326,BP Canterbury,"322 Canterbury Road, Canterbury NSW 2193",-33.914974,151.113038,BP
327,BP Hornsby,"Cnr George St and Burdett St, Hornsby NSW 2077",-33.702337,151.099325,BP
328,BP Milperra,"5 Bullecourt Avenue, Milperra NSW 2214",-33.937498,150.988951,BP
329,BP Mona Vale,"1721 Pittwater Road, Mona Vale NSW 2103",-33.680425,151.302357,BP
330,BP Peninsula,"Cnr Barrenjoey & Darley Roads, Mona Vale NSW 2103",-33.676686,151.308878,BP
331,BP Rydalmere,"Cnr Victora Rd & Clyde St, Rydalmere NSW 2116",-33.810883,151.032896,BP
332,BP St Peters (NSW),"2 Princes Highway, St Peters NSW 2044",-33.909968,151.181031,BP
334,BP Stewart Street,"255-257 Stewart Street, Bathurst NSW 2795",-33.417435,149.568958,BP
335,Shell Reddy Express Nowra,"55 Kinghorne St (Cnr Worrigee St), Nowra NSW 2541",-34.876305,150.602472,Reddy Express
337,BP Beresfield T/S,"Lot 201 John Renshaw Drive, Beresfield NSW 2322",-32.81168,151.63935,BP
338,BP Berkeley Vale,"1 Blade Close, Berkeley Vale NSW 2261",-33.330562,151.423842,BP
340,BP Ozigo,"Corner Ewingsdale Rd and, Bayshore Dr, Byron Bay NSW 2481",-28.63715,153.58148,BP
343,BP Coffs Harbour,"136 Pacific Highway, Coffs Harbour NSW 2450",-30.291826,153.118513,BP
344,BP Artarmon,"422 Pacific Hwy, Artarmon NSW 2064",-33.81137,151.17555,BP
345,BP Ashfield,"580-586 Parramatta Road, Croydon NSW 2132",-33.87388,151.12688,BP
346,BP Balgowlah,"485 Sydney Road, Balgowlah NSW 2093",-33.795281,151.255873,BP
347,Shell Reddy  Express Forster,"2 The Lakes Way, Forster NSW 2428",-32.194513,152.514473,Reddy Express
348,BP Camperdown,"Cnr Parramatta & Missenden Roads, Camperdown NSW 2050",-33.886251,151.179144,BP
349,BP Caringbah,"Cnr Captain Cook Dve & Cawarra Rd, Caringbah NSW 2229",-34.032899,151.125228,BP
352,BP Quakers Hill,"45 Hambledon Road, Quakers Hill NSW 2763",-33.717458,150.892029,BP
354,BP Revesby,"Cnr Milperra & River Rds, Revesby NSW 2212",-33.938713,151.018025,BP
355,BP Rosehill,"Cnr Hassall & James Ruse Drive, Rosehill NSW 2142",-33.819266,151.021834,BP
356,BP Rozelle,"Cnr Victoria Rd & Evans St, Rozelle NSW 2039",-33.865443,151.172119,BP
357,BP Runway,"Cnr Butler Rd & General Holmes Dve, Mascot NSW 2020",-33.944834,151.185244,BP
358,Shell Reddy Express Narellan,"293 Camden Valley Hwy (Cnr Grahams Hill Rd), Narellan NSW 2567",-34.0410954728812,150.732576388646,Reddy Express
359,BP Seven Hills,"Abbott Road, Seven Hills NSW 2147",-33.767172,150.95023,BP
360,BP St Marys,"76 Glossop Street, St Marys NSW 2760",-33.760059,150.781616,BP
361,BP Sydenham,"339 Princes Highway, Sydenham NSW 2044",-33.916202,151.172809,BP
362,BP Thornleigh,"Pennant Hills Rd & Parkes St, THORNLEIGH NSW 2120",-33.7309,151.08061,BP
363,BP Wiley Park,"24-42 King Georges Road, Wiley Park NSW 2195",-33.919477,151.066801,BP
364,BP Woodcroft,"Cnr Woodcroft Dr & Richmond Road, Doonside NSW 2767",-33.747348,150.87984,BP
365,BP Woollahra,"39 Vernon Street, Woollahra NSW 2025",-33.889907,151.247435,BP
366,BP Dubbo,"107 Erskine Street, Dubbo NSW 2830",-32.244416,148.611168,BP
367,BP Dubbo West,"51-63 Whylandra Street, Dubbo West NSW 2830",-32.24827,148.592717,BP
368,BP East End,"46 Clarinda Street, Parkes NSW 2870",-33.142562,148.184573,BP
369,Shell Reddy Express Greenacre,"9-11 Roberts Road, Greenacre NSW 2190",-33.894346,151.066705,Reddy Express
370,BP Engadine,"1234 Princess Highway, Engadine NSW 2233",-34.077286,151.011051,BP
371,BP Marulan Northbound T/S,"Hume Highway, Marulan North NSW 2579",-34.719585,149.996285,BP
372,BP Marulan Southbound T/S,"Hume Highway, Marulan South NSW 2579",-34.718471,150.001042,BP
373,BP Mosman (9542),"175 Ourimbah Road, Mosman NSW 2088",-33.821068,151.233292,BP
375,BP Penrith,"Cnr Castlereagh & Coreen Ave, Penrith NSW 2750",-33.743757,150.692323,BP
376,BP Toronto,"132 CAREY STREET, Toronto NSW 2283",-33.011458,151.593868,BP
377,BP Tuggerah,"100 Pacific Highway, Tuggerah NSW 2259",-33.305782,151.419808,BP
378,BP Valentine,"855 Macquarie Drive, Valentine NSW 2280",-33.00802,151.642586,BP
379,BP West Ryde,"1233 Victoria Road (Cnr Marsden Rd), West Ryde NSW 2114",-33.806799,151.071056,BP
380,Shell Reddy Express Merrylands,"398 Merrylands Rd (Cnr Fowler Rd), Merrylands NSW 2160",-33.834269,150.977397,Reddy Express
382,BP Wyoming,"481 Pacific Highway, Wyoming NSW 2250",-33.408004,151.351119,BP
383,BP Fairy Meadow,"Northgate Ctr  224 Princess Hway, Fairy Meadow NSW 2519",-34.4033,150.891583,BP
385,BP Grafton,"58 Fitzroy Street, Grafton NSW 2460",-29.693472,152.937187,BP
386,BP Grenfell Road,"11 Grenfell Road, Cowra NSW 2794",-33.834367,148.673384,BP
387,BP Hexham,"Cnr Pacific Hwy & Old M'Land, Hexham NSW 2322",-32.827445,151.684334,BP
388,BP Jamisontown,"126-130 Mulgoa Road, Penrith NSW 2750",-33.769731,150.676374,BP
389,BP Jerilderie Truck Stop,"13 Southy Street, Jerilderie NSW 2716",-35.36073,145.719027,BP
390,BP Jindabyne,"8 Kosciusko Road, Jindabyne NSW 2627",-36.414913,148.617599,BP
391,Shell Reddy  Express Northmead,"197 Windsor Road, Northmead NSW 2152",-33.7774,151.000088,Reddy Express
394,BP Marsden Park,"851 Richmond Road, Marsden Park NSW 2765",-33.71975,150.844843,BP
395,BP North Albury T/S,"3 Travelstop Way, Lavington NSW 2641",-36.035735,146.971167,BP
396,BP North Ballina,"1 SOUTHERN CROSS DR, BALLINA NSW 2478",-28.8526333,153.5563223,BP
398,BP Orange (Bathurst Road),"56-60 Bathurst Road, Orange NSW 2800",-33.289783,149.108632,BP
399,BP Orange (Summer ST),"81 Summer Street, Orange NSW 2800",-33.282671,149.095147,BP
401,BP Potts Hill T/S,"155-157 Rockwood Road, Yagoona NSW 2199",-33.893297,151.039079,BP
402,Shell Reddy  Express Parramatta,"88 Victoria Rd (Cnr Buller St), Parramatta NSW 2150",-33.808902,151.012191,Reddy Express
403,BP Pymble,"Cnr Pacific Hwy & Bannockburn Rd, Pymble NSW 2073",-33.740569,151.137913,BP
404,BP Raglan,"39 Sydney Road, Raglan NSW 2795",-33.422593,149.648672,BP
405,BP Riverside Maclean,"111-117 River Street, MacLean NSW 2463",-29.449332,153.200963,BP
407,BP Border,"Cnr Ebden & Wodonga Place, Albury NSW 2640",-36.088643,146.909205,BP
408,BP Crossroads,"615-617 Hume Hwy, CASULA NSW 2170",-33.9551991,150.8949626,BP
409,BP Dural,"582 Old Northern Road, Dural NSW 2158",-33.695898,151.028141,BP
410,BP Forestville,"632 Warringah Road, Forestville NSW 2087",-33.760003,151.214383,BP
412,BP Rutherford,"360 New England Hwy, Rutherford NSW 2320",-32.710116,151.516728,BP
413,Shell Reddy Express Dundas,"199-203 Kissing Point Rd (Cnr Kirby St), Dundas NSW 2117",-33.799108,151.045362,Reddy Express
414,BP Springwood,"28 Great Western Highway, Valley Heights NSW 2777",-33.701788,150.581847,BP
415,BP Tumbi Umbi,"Cnr Wyong Rd & Mingara Dve, Tumbi Umbi NSW 2261",-33.36272,151.44428,BP
417,BP South Moorebank,"80 Heathcote Road, Moorebank NSW 2170",-33.935932,150.935882,BP
423,BP Young,"Cnr Zouch and Edward Streets, Young NSW 2594",-34.309989,148.30175,BP
424,Shell Reddy Express Dubbo,"131-133 Cobra St (Cnr Fitzroy St), Dubbo NSW 2830",-32.255022,148.61263,Reddy Express
429,United Petroleum East Blaxland,"67 Old Bathurst Road, East Blaxland NSW 2774",-33.745864,150.622484,United
430,United Petroleum Budgewoi,"67-71 Scenic Drive, Budgewoi NSW 2262",-33.234309,151.555682,United
431,United Petroleum Casino,"136-144 Johnston Street, Casino NSW 2470",-28.860712,153.062007,United
434,United Petroleum Coffs Harbour,"316 Harbour Drive, Coffs Harbour NSW 2450",-30.305808,153.132193,United
435,Shell Reddy Express Bondi Junction,"120-138 Birrell Street, Bondi Junction NSW 2022",-33.895583,151.248617,Reddy Express
436,United Petroleum Coffs Central,"165 Pacific Highway, Coffs Central NSW 2450",-30.290134,153.121077,United
437,United Petroleum Cowra,"10 Kendal Street, Cowra NSW 2794",-33.833891,148.687381,United
439,United Petroleum Dee Why,"1 The Strand, Dee Why NSW 2099",-33.755734,151.29601,United
440,United Petroleum Dee Why Pittwater,"625 PITTWATER RD, DEE WHY NSW 2099",-33.7557896,151.282715,United
441,United Petroleum Dorrigo,"3 Cudgery Street, Dorrigo NSW 2453",-30.340107,152.710156,United
442,United Petroleum Dubbo,"Cnr Fitzroy  & Cobra Streets, Dubbo NSW 2830",-32.254613,148.612853,United
444,United Petroleum Empire Bay,"306 Empire Drive, Empire Bay NSW 2257",-33.508093,151.371826,United
445,United Petroleum Mullaway,"2910 Pacific Highway, Mullaway NSW 2456",-30.076754,153.188681,United
446,Shell Reddy Express Albion Park,"252 Princes Highway, Albion Park NSW 2527",-34.567663,150.802234,Reddy Express
447,Shell Reddy Express Randwick Frenchmans,"Frenchmans Rd & Clovelly Rd, Randwick NSW 2031",-33.908364,151.247674,Reddy Express
449,United Petroleum Woolgoolga,"58 Clarence Street, Woolgoolga NSW 2456",-30.11037,153.190835,United
451,United Petroleum Freemans Waterhole,"971 Freemans Drive, Freemans Waterhole NSW 2323",-32.98429,151.485259,United
453,United Glen Innes,"Corner of New England Highway & Grafton Street, Glen Innes NSW 2370",-29.727143,151.740543,United
455,United Petroleum Grafton South,"Pacific Hwy & Heber Street, GRAFTON SOUTH NSW 2460",-29.711111,152.945306,United
457,United Petroleum Kemps Creek,"1465-1467 Elizabeth Drive, Kemps Creek NSW 2178",-33.879605,150.788879,United
458,Shell Reddy Express Randwick Alison Rd,"54 Alison Road, Randwick NSW 2031",-33.908067,151.234151,Reddy Express
459,United Petroleum Kempsey,"154 Belgrave Street, Kempsey NSW 2440",-31.079536,152.832631,United
460,United Petroleum Leeton,"110 Kurrajong Avenue, Leeton NSW 2705",-34.555705,146.40996,United
461,United Petroleum Lethbridge Park,"400 Luxford Road, Lethbridge Park NSW 2770",-33.736744,150.798353,United
463,United Petroleum Maitland,"Les Darcy Drive, Maitland NSW 2320",-32.7416,151.560269,United
464,United Petroleum East Maitland,"250 Newcastle Road, East Maitland NSW 2323",-32.75227715,151.5868992,United
466,United Petroleum Mayfield,"40 Industrial Drive, Mayfield NSW 2304",-32.897243,151.751809,United
467,United Petroleum Medlow Bath,"90-92 Great Western Highway, Medlow Bath NSW 2780",-33.678602,150.282314,United
468,United Petroleum Merewether,"Cnr Patrick & Watkins Streets, Merewether NSW 2291",-32.940932,151.75926,United
469,Shell Reddy Express Maroubra,"959-961 Anzac Pde, Maroubra NSW 2035",-33.949944,151.24071,Reddy Express
470,United Petroleum Metford,"114 Chelmsford Drive, Metford NSW 2325",-32.766464,151.611811,United
472,United Petroleum Minto,"6 Swettenham Road, Minto NSW 2566",-34.029952,150.831766,United
473,United Petroleum North Richmond,"81-87 Bells Line of Road, North Richmond NSW 2754",-33.578728,150.718139,United
474,United Petroleum Nowra,"86 Princes Highway, Nowra NSW 2541",-34.903911,150.602665,United
475,United Petroleum Orange,"174 Woodward Street, Orange NSW 2800",-33.280011,149.087192,United
476,United Petroleum Ourimbah,"51 Pacific Highway, OURIMBAH NSW 2258",-33.3602495,151.369454,United
477,United Petroleum Pambula,"Corner Quondola Street & Bullara Street, Pambula NSW 2549",-36.931026,149.87439,United
478,United Prairiewood,"522 Smithfield Road, Prairiewood NSW 2176",-33.872234,150.900077,United
480,Shell Reddy Express Pagewood,"297-299 Bunnerong Road, Pagewood NSW 2035",-33.940709,151.228515,Reddy Express
482,United Petroleum Singleton,"59 John Street, Singleton NSW 2330",-32.567442,151.165312,United
483,United Petroleum Sutton,"1542  Federal Highway Service Road, Sutton NSW 2620",-35.203032,149.21056,United
484,United Petroleum Tamworth,"419-437 Goonoo-Goonoo Road, Tamworth NSW 2340",-31.12838,150.923617,United
486,United Petroleum Taree,"56 Victoria Street, Taree NSW 2430",-31.910573,152.46633,United
488,United Petroleum Tomerong,"Lot 6 Princes Highway, Tomerong NSW 2540",-35.018519,150.579384,United
491,Shell Reddy Express Northmead Briens,"100 Briens Road, Northmead NSW 2152",-33.796012,150.989391,Reddy Express
494,United Petroleum Wagga Wagga,"122 Hammond Avenue, Wagga Wagga NSW 2650",-35.122517,147.392256,United
495,United Petroleum Waterloo,"941-953 Burke Road, Waterloo NSW 2147",-33.901909,151.208229,United
496,United Petroleum North Wyong,"359 Pacific Highway, North Wyong NSW 2259",-33.26991,151.442725,United
501,EG Ampol Minto,"2 Cary Grove (Cnr Ben Lomond Drive), Minto NSW 2566",-34.0261407,150.8368202,EG Ampol
502,Shell Reddy Express North Ryde Wicks,"96 Wicks Road, North Ryde NSW 2113",-33.794129,151.126785,Reddy Express
503,EG Ampol Granville,"158 Clyde Street (Cnr Redfern St), Granville NSW 2142",-33.8462345,151.0124897,EG Ampol
504,EG Ampol Punchbowl,"1618 Canterbury Road (Cnr Gow Street), Punchbowl NSW 2196",-33.933895,151.039135,EG Ampol
505,EG Ampol Glen Innes,"143 Meade Street, Glen Innes NSW 2370",-29.737562,151.737848,EG Ampol
506,EG Ampol Rutherford,"300 New England Highway, Rutherford NSW 2320",-32.714802,151.525136,EG Ampol
507,EG Ampol Merrylands,"185 Pitt Street, MERRYLANDS NSW 2160",-33.8340678,150.991741,EG Ampol
508,EG Ampol Bulli,"261-265 Princes Highway, Bulli NSW 2516",-34.335613,150.913262,EG Ampol
509,EG Ampol Bega,"100 Gipps Street, Bega NSW 2550",-36.675586,149.843223,EG Ampol
510,EG Ampol Nambucca Heads,"115 Mann St, NAMBUCCA HEADS NSW 2448",-30.639298,152.988645,EG Ampol
511,EG Ampol Lakewood,"108 Sirus Drive, Lakewood NSW 2443",-31.63495,152.755832,EG Ampol
512,EG Ampol Katoomba,"52 Great Western Hwy (cnr Albion St), Katoomba NSW 2780",-33.707222,150.306559,EG Ampol
513,Shell Reddy  Express Pymble,"21 Ryde Rd, Pymble NSW 2073",-33.751974,151.143905,Reddy Express
514,EG Ampol Cardiff,"43 Macquarie Road, Cardiff NSW 2285",-32.941121,151.657873,EG Ampol
515,EG Ampol Cowra,"13 Railway Lane, Cowra NSW 2646",-33.836289,148.692688,EG Ampol
516,EG Ampol Kempsey,"77 Smith Street, Kempsey NSW 2440",-31.077739,152.843013,EG Ampol
517,EG Ampol Ingleburn,"12-14 Norfolk Street, Ingleburn NSW 2565",-33.999957,150.864748,EG Ampol
518,EG Ampol Windsor,"11 Macquarie Street, Windsor NSW 2756",-33.605672,150.823313,EG Ampol
519,EG Ampol Islington,"262 Maitland Rd (Pacific Highway), Islington NSW 2296",-32.910273,151.745664,EG Ampol
520,EG Ampol Seven Hills North,"1/155 Prospect Highway, Seven Hills NSW 2147",-33.769545,150.942085,EG Ampol
521,EG Ampol Macquarie Fields,"Brooks St (Glenquarie Shopping Centre), Macquarie Fields NSW 2564",-33.98779,150.890155,EG Ampol
522,EG Ampol Bomaderry,"272 Princes Highway, Bomaderry NSW 2541",-34.840492,150.59503,EG Ampol
523,EG Ampol Tuggerah North,"186 Pacific Highway, Tuggerah NSW 2259",-33.293826,151.422447,EG Ampol
524,Shell Reddy Express Green Valley,"Cowpasture Rd & Green Valley, Green Valley NSW 2168",-33.899565,150.856186,Reddy Express
525,EG Ampol Kelso,"171 Sydney Road, KELSO NSW 2795",-33.4197921,149.6177156,EG Ampol
526,EG Ampol Strathfield,"287 Liverpool Road, Burwood NSW 2134",-33.885396,151.093689,EG Ampol
527,EG Ampol Wellington,"79 Lee Street, Wellington NSW 2820",-32.548637,148.94087,EG Ampol
528,EG Ampol Narellan,"316 Camden Valley Way, Narellan NSW 2567",-34.040992,150.735311,EG Ampol
529,EG Ampol Woolooware,"449 Captain Cook Drive, Woolooware NSW 2230",-34.038651,151.143747,EG Ampol
530,EG Ampol Blakehurst,"390 Princes Highway, Blakehurst NSW 2221",-33.990209,151.113624,EG Ampol
531,EG Ampol Dubbo,"Cnr Mitchell Hwy and Wheelers Lane, Dubbo NSW 2830",-32.256425,148.63264,EG Ampol
532,EG Ampol Goulburn,"12 Verner Street, GOULBURN NSW 2580",-34.758332,149.716775,EG Ampol
533,EG Ampol Young,"Cnr Lovell & Thornhill Sts, Young NSW 2594",-34.3108494,148.2905897,EG Ampol
538,EG Ampol Eagle Vale,"Eaglevale Road (Eaglevale Market Place), Eagle Vale NSW 2558",-34.031827,150.81579,EG Ampol
539,EG Ampol Cootamundra,"88 Murray Street, Cootamundra NSW 2590",-34.636302,148.024963,EG Ampol
540,EG Ampol Green Hills,"Molly Morgan Drive (Stockland Green Hills), East Maitland NSW 2323",-32.761794,151.592765,EG Ampol
541,EG Ampol Cooma,"Cnr Bombala & Massie Streets, Cooma NSW 2630",-36.233592,149.12668,EG Ampol
542,EG Ampol Emu Plains,"283 Great Western Hwy (Cnr Russell St), Emu Plains NSW 2750",-33.753751,150.653086,EG Ampol
543,EG Ampol Forster,"16 Breese Parade, Forster NSW 2428",-32.199973,152.52235,EG Ampol
544,EG Ampol Marsfield,"Cnr Epping & Balaclava Road, Marsfield NSW 2122",-33.778378,151.107365,EG Ampol
545,EG Ampol Plumpton,"Jersey Road (Plumpton Market Place), Plumpton NSW 2761",-33.744743,150.83688,EG Ampol
547,EG Ampol Coffs Harbour,"Pacific Hwy (Park Beach Plaza), Coffs Harbour NSW 2450",-30.280944,153.131961,EG Ampol
548,EG Ampol Warilla,"43-57 Shellharbour Rd (Warilla Grove Shopping Centre), Warilla NSW 2528",-34.547275,150.863711,EG Ampol
549,EG Ampol Glendale,"Stockland Drive (Stockland Shopping Centre), Glendale NSW 2285",-32.932449,151.64031,EG Ampol
550,EG Ampol Raymond Terrace,"39-41 Port Stephens Rd (Cnr Bourke St), Raymond Terrace NSW 2324",-32.760281,151.744188,EG Ampol
551,EG Ampol Richmond,"Cnr Lennox & East Market Streets, Richmond NSW 2753",-33.60055,150.751324,EG Ampol
552,EG Ampol Temora,"Cnr. Polaris & Hoskins Streets, Temora NSW 2666",-34.443265,147.53186,EG Ampol
553,EG Ampol Queanbeyan,"196 Crawford Street, Queanbeyan NSW 2620",-35.351599,149.233485,EG Ampol
557,Shell Reddy Express Captain Cook Bridge,"102-108 Taren Point Road, Taren Point NSW 2229",-34.020123,151.122117,Reddy Express
558,Shell Reddy Express Stanmore,"308-310 Parramatta Road, Stanmore NSW 2048",-33.888444,151.164376,Reddy Express
559,EG Ampol Morisset,"125 Dora Street, Morisset NSW 2264",-33.111578,151.481614,EG Ampol
561,EG Ampol Dapto,"83 Byamee Street, Dapto NSW 2530",-34.495174,150.796093,EG Ampol
562,EG Ampol Moorebank,"Cnr Dredge & Stockton Avenue, Moorebank NSW 2170",-33.931329,150.948838,EG Ampol
563,EG Ampol Shellharbour,"New Lake Entrance Road (Shellharbour City Centre), Shellharbour NSW 2529",-34.564539,150.82999,EG Ampol
564,EG Ampol Mount Druitt,"North Parade (Mt Druitt Market Place), Mount Druitt NSW 2770",-33.768693,150.818689,EG Ampol
565,EG Ampol Port Macquarie,"1 Bay Street, Port Macquarie NSW 2444",-31.427736,152.895785,EG Ampol
566,EG Ampol Gunnedah,"18-22 Tempest Street, Gunnedah NSW 2380",-30.976233,150.248262,EG Ampol
568,EG Ampol Blacktown,"41 - 43 Third Avenue, Blacktown NSW 2148",-33.76467,150.908728,EG Ampol
569,Shell Reddy Express West Ryde,"1032-1036 Victoria Rd, West Ryde NSW 2114",-33.807472,151.085203,Reddy Express
571,EG Ampol Albion Park,"Cnr Russell & Terry Street, Albion Park NSW 2527",-34.572038,150.775133,EG Ampol
572,EG Ampol Parkes,"78 Currajong St (Cnr Bushman Street), Parkes NSW 2870",-33.133565,148.175244,EG Ampol
573,EG Ampol Tamworth,"119 Bridge Street (Cnr Belmore St), Tamworth NSW 2340",-31.093607,150.916778,EG Ampol
575,EG Ampol Nowra,"58 North Street, Nowra NSW 2541",-34.872606,150.601471,EG Ampol
577,EG Ampol Moree,"215 Balo Street, Moree NSW 2400",-29.467022,149.841302,EG Ampol
578,EG Ampol Scone,"254 Kelly St, Scone NSW 2337",-32.057776,150.87078,EG Ampol
579,EG Ampol Bonnyrigg,"100 Bonnyrigg Avenue, Bonnyrigg NSW 2177",-33.886886,150.887134,EG Ampol
581,EG Ampol Forbes,"26 Dowling Street (Cnr Newell Hwy), Forbes NSW 2871",-33.381408,148.011117,EG Ampol
582,EG Ampol Chester Hill,"35 Woodville Road (cnr Alpha), Chester Hill NSW 2162",-33.866702,150.98867,EG Ampol
583,EG Ampol Belmont,"397 Pacific Highway, Belmont NSW 2280",-33.024545,151.663437,EG Ampol
584,EG Ampol Campbelltown,"48-50 Blaxland Road, Campbelltown NSW 2560",-34.061182,150.811929,EG Ampol
585,EG Ampol Emu Heights,"132 Old Bathurst Road, Emu Plains NSW 2750",-33.742959,150.655985,EG Ampol
586,EG Ampol Kellyville Ridge,"662 Windsor Rd (cnr Meriville Rd), Kellyville NSW 2155",-33.699492,150.927937,EG Ampol
587,EG Ampol Kings Park,"Cnr Vardys & Turbo Roads, Marayong NSW 2148",-33.745298,150.904211,EG Ampol
588,EG Ampol Mount Annan,"157 Narellan Rd (Cnr Smeaton Grange Rd), Mount Annan NSW 2567",-34.046929,150.760992,EG Ampol
589,EG Ampol Maitland,"48 Denman Street (entrance via Ken Tubman Drive), Maitland NSW 2320",-32.732209,151.551216,EG Ampol
590,EG Ampol Liverpool,"67 Orange Grove Road, Liverpool NSW 2170",-33.907074,150.917878,EG Ampol
591,Shell Reddy Express Thornleigh,"188-190 Pennant Hills Rd, Thornleigh NSW 2120",-33.725031,151.085021,Reddy Express
592,EG Ampol Kingswood,"66 Parker Street (Cnr Copeland St), Penrith NSW 2747",-33.755021,150.712972,EG Ampol
593,EG Ampol Prestons,"2203 Camden Valley Way, PRESTONS NSW 2170",-33.9556626,150.8724366,EG Ampol
598,EG Ampol Vineyard,"1 Woodland St, Riverstone NSW 2765",-33.65596,150.87242,EG Ampol
599,EG Ampol Werrington,"574 Great Western Hwy, Werrington NSW 2747",-33.768334,150.75667,EG Ampol
600,EG Ampol Lewisham,"774 Parramatta Road, Lewisham NSW 2049",-33.890314,151.147982,EG Ampol
601,EG Ampol Tura Beach,"3-5 Tura Beach Drive (Cnr Sapphire Coast Drive), Tura Beach NSW 2548",-36.864159,149.915438,EG Ampol
602,Shell Reddy Express Wahroonga,"1601 Pacific Hwy & Coonanbarra Rd, Wahroonga NSW 2076",-33.719557,151.11588,Reddy Express
603,EG Ampol Armidale,"244A Beardy Street, Armidale NSW 2350",-30.512437,151.661443,EG Ampol
604,EG Ampol Berkshire Park,"770 Richmond Road, Berkshire Park NSW 2765",-33.6664,150.801058,EG Ampol
605,EG Ampol North Narrabeen,"1412-1414 Pittwater Road, North Narrabeen NSW 2101",-33.700918,151.299765,EG Ampol
606,EG Ampol Jerrabomberra,"10 Limestone Drive, Jerrabomberra NSW 2619",-35.38075,149.200092,EG Ampol
607,EG Ampol Tahmoor,"Cnr Thirlmere Way & Remembrance Drive, Tahmoor NSW 2573",-34.22234,150.592942,EG Ampol
608,EG Ampol Griffith,"29 Banna Avenue, Griffith NSW 2680",-34.289367,146.059856,EG Ampol
609,EG Ampol Bass Hill,"862 Hume Highway, Bass Hill NSW 2197",-33.901064,150.999178,EG Ampol
610,EG Ampol Glenmore Park,"Cnr. Glenmore Parkway & Main Street, Glenmore Park NSW 2745",-33.788734,150.667816,EG Ampol
611,EG Ampol Menai,"Cnr Allison Cres & Old Menai Road, Menai NSW 2234",-34.015212,151.014943,EG Ampol
613,Shell Reddy  Express St Ives,"179-181 Mona Vale Rd, St Ives NSW 2075",-33.731206,151.157571,Reddy Express
614,EG Ampol Seven Hills,"240 Prospect Highway, Seven Hills NSW 2147",-33.776264,150.933269,EG Ampol
618,EG Ampol Unanderra,"110-112 Princes Hwy, UNANDERRA NSW 2526",-34.4548783,150.8445751,EG Ampol
619,EG Ampol Wollongong West,"425 Crown Street, Wollongong West NSW 2500",-34.426275,150.879733,EG Ampol
620,EG Ampol Tuggerah,"24-26 Gavenlock Road, Tuggerah NSW 2259",-33.309213,151.414834,EG Ampol
621,EG Ampol Inverell,"262 Byron Street, Inverell NSW 2360",-29.768522,151.118626,EG Ampol
622,EG Ampol Wyoming,"522 Pacific Highway (Cnr Renwick Rd), Wyoming NSW 2250",-33.404473,151.350109,EG Ampol
623,EG Ampol Orange,"357-361 Summer St (Cnr William), Orange NSW 2800",-33.284467,149.105345,EG Ampol
624,Shell Reddy  Express Salamander Bay,"163 Salamander Way, Salamander Bay NSW 2317",-32.737565,152.10681,Reddy Express
625,EG Ampol Lansvale,"136 Hume Highway (cnr Hollywood Drive), Lansvale NSW 2166",-33.894706,150.958185,EG Ampol
626,EG Ampol Rosemeadow,"3 Thomas Rose Drive, Rosemeadow NSW 2560",-34.100062,150.798709,EG Ampol
627,EG Ampol Bowral,"2-4 Banyette Street (Cnr Station St), Bowral NSW 2576",-34.481158,150.415338,EG Ampol
630,EG Ampol Cessnock,"220 Wollombi Road, Cessnock NSW 2325",-32.832469,151.354367,EG Ampol
631,EG Ampol Macarthur Square,"MACARTHUR SQUARE, GILCHRIST DR, CAMPBELLTOWN NSW 2560",-34.07765,150.79685,EG Ampol
632,EG Ampol Bathurst,"74 Bentinck Street (Cnr Russell), Bathurst NSW 2795",-33.420352,149.581731,EG Ampol
633,EG Ampol Singleton,"Cnr Ryan Avenue & Burn Lane, Singleton NSW 2330",-32.564936,151.165807,EG Ampol
635,Shell Reddy Express Lane Cove,"378 Pacific Hwy (Cnr Allison Ave), Lane Cove NSW 2066",-33.81408,151.176944,Reddy Express
639,EG Ampol Prospect,"360 Flushcombe Road, Prospect NSW 2148",-33.796389,150.904594,EG Ampol
640,EG Ampol Burwood,"400 Parramatta Road, Burwood NSW 2134",-33.868681,151.101546,EG Ampol
641,EG Ampol Corrimal,"275-277 Princes Highway, Corrimal NSW 2518",-34.375297,150.896293,EG Ampol
642,EG Ampol Leeton,"Cnr Warnoon & Palm Avenue, Leeton NSW 2705",-34.549975,146.399071,EG Ampol
643,EG Ampol Glenrose,"60 Glenn Street, Belrose NSW 2085",-33.740061,151.209098,EG Ampol
644,EG Ampol Vincentia,"Cnr Naval College Rd & Moona Creek Rd, Vincentia NSW 2540",-35.075723,150.654892,EG Ampol
645,EG Ampol Moruya,"2808 Princes Hwy (cnr Ford St), Moruya NSW 2537",-35.919661,150.083677,EG Ampol
647,EG Ampol Fairfield Heights,"163 THE BOULEVARDE, FAIRFIELD HEIGHTS NSW 2165",-33.8664994,150.9377917,EG Ampol
648,EG Ampol Taree,"70-76 Manning Street (Cnr Wynter St), Taree NSW 2340",-31.909879,152.458871,EG Ampol
649,EG Ampol Carnes Hill,"Kurrajong Road (Carnes Hill Marketplace), Hoxton Park NSW 2171",-33.936143,150.844187,EG Ampol
650,EG Ampol Tumut,"29-37 Fitzroy St (Cnr Herlihy St), Tumut NSW 2720",-35.300081,148.22425,EG Ampol
651,EG Ampol Miranda,"Cnr The Kingsway & Port Hacking Road, Miranda NSW 2228",-34.034961,151.112571,EG Ampol
652,EG Ampol Umina,"337 West Street (Cnr Ocean Beach Road), Umina NSW 2257",-33.520972,151.31706,EG Ampol
653,EG Ampol Newington,"1 Avenue of the Americas, Newington NSW 2127",-33.833789,151.055651,EG Ampol
654,EG Ampol Lake Cathie,"1609 Ocean Drive, Lake Cathie NSW 2445",-31.553067,152.854277,EG Ampol
655,Ampol Eastern Creek Diesel Stop,"Lot 1548 Roberts Rd, Eastern Creek NSW 2766",-33.815141,150.837384,Ampol
657,Shell Reddy Express Cammeray,"477-483 Miller St & Palmer St, Cammeray NSW 2062",-33.821107,151.210613,Reddy Express
659,EG Ampol Banksia,"314 Princes Highway (Cnr Banksia Street), Banksia NSW 2216",-33.945681,151.141696,EG Ampol
660,EG Ampol Chatswood East,"364-366 Eastern Valley Way, Chatswood East NSW 2067",-33.786662,151.201055,EG Ampol
661,EG Ampol Redfern,"475 Cleveland St, Redfern NSW 2016",-33.892242,151.216086,EG Ampol
662,EG Ampol Brookvale,"756 Pittwater Rd (Cnr West St), Brookvale NSW 2100",-33.761653,151.276273,EG Ampol
663,EG Ampol Turramurra,"1233 Pacific Highway, Turramurra NSW 2074",-33.73316,151.131317,EG Ampol
664,EG Ampol Newport,"348 Barrenjoey Road, Newport NSW 2106",-33.655608,151.320225,EG Ampol
665,EG Ampol Gloucester,"115-115 Church Street, Gloucester NSW 2422",-32.010063,151.958133,EG Ampol
666,EG Ampol Dural,"532 Old Northern Road, Dural NSW 2158",-33.693507,151.020331,EG Ampol
667,EG Ampol Lithgow,"41 Lithgow Street (Cnr Mort Street), Lithgow NSW 2790",-33.483221,150.15319,EG Ampol
668,Shell Reddy Express Dapto,"152-158 Princes Hwy, Dapto NSW 2530",-34.496178,150.792324,Reddy Express
669,Shell Reddy  Express Forestville,"665-671 Warringah Rd (Cnr Cook St), Forestville NSW 2087",-33.76068,151.218168,Reddy Express
670,EG Ampol Fairy Meadow,"47 Princes Highway, Fairy Meadow NSW 2519",-34.393972,150.892534,EG Ampol
671,EG Ampol Batemans Bay,"27 Vesper Street (Cnr Princes Hwy & Guy St), Batemans Bay NSW 2536",-35.712184,150.174188,EG Ampol
672,EG Ampol Hoxton Park,"490 Cowpasture Road, Hoxton Park NSW 2171",-33.915883,150.854738,EG Ampol
673,EG Ampol Marrickville,"490 Illawarra Road (Cnr Hill Street), Marrickville NSW 2204",-33.918487,151.146002,EG Ampol
674,EG Ampol Campbelltown Mall,"90-94 Queen Street (Cnr Broughton Street), Campbelltown NSW 2560",-34.063525,150.8174,EG Ampol
675,EG Ampol Peakhurst,"742 Forest Road, Peakhurst NSW 2210",-33.957531,151.068137,EG Ampol
676,EG Ampol Moama,"2 Perricoota Rd, Moama NSW 2731",-36.106522,144.75068,EG Ampol
679,EG Ampol Kogarah,"69 Princes Hwy (cnr Gladstone St), Kogarah NSW 2217",-33.963237,151.137173,EG Ampol
680,Shell Reddy Express Neutral Bay,"200-204 Ben Boyd Rd (Cnr Ernest St), Neutral Bay NSW 2089",-33.829109,151.219571,Reddy Express
681,EG Ampol Lake Munmorah,"Cnr Pacific Highway & Tall Timbers Road, Lake Munmorah NSW 2259",-33.189138,151.559879,EG Ampol
682,EG Ampol Greenacre,"51 Roberts Road (Cnr Amarina St), Greenacre NSW 2190",-33.90031,151.065549,EG Ampol
683,EG Ampol Byron Bay,"76-78 Shirley Street, Byron Bay NSW 2481",-28.640009,153.603377,EG Ampol
684,EG Ampol Lismore,"99 Diadem Street, Lismore NSW 2480",-28.811859,153.287079,EG Ampol
685,EG Ampol Ballina,"44 Pacific Hwy (Cnr Kerr & Bangalow Sts), Ballina NSW 2478",-28.858257,153.560575,EG Ampol
686,EG Ampol Tweed Heads South,"98-100 Minjungbal Drive (Pacific Hwy), Tweed Heads NSW 2486",-28.204932,153.544834,EG Ampol
687,EG Ampol Grafton,"75-77 Fitzroy Street, Grafton NSW 2460",-29.692185,152.934371,EG Ampol
688,EG Ampol Casino,"130 Canterbury St (Cnr The Summerland Way), Casino NSW 2470",-28.862314,153.04645,EG Ampol
689,EG Ampol Goonellabah,"2 Simeoni Drive, Goonellabah NSW 2480",-28.821413,153.327793,EG Ampol
691,Shell Reddy  Express Armidale,"89-93 Marsh St, Armidale NSW 2350",-30.512969,151.669795,Reddy Express
692,EG Ampol Albury,"515 Young Street, Albury NSW 2640",-36.080631,146.923522,EG Ampol
693,EG Ampol Corowa,"Cnr Queen & Parliament Streets, Corowa NSW 2646",-36.000344,146.390444,EG Ampol
694,EG Ampol Broken Hill,"Cnr Galena & Mercury Sts, Broken Hill NSW 2880",-31.961944,141.449201,EG Ampol
695,EG Ampol Ulladulla,"155-157 Princes Highway, Ulladulla NSW 2539",-35.363187,150.472685,EG Ampol
696,Ampol Ingleburn Diesel Stop,"4 Lancaster St, Ingleburn NSW 2565",-33.9893203,150.8668278,Ampol
699,EG Ampol Orange North,"1 Hanrahan Place (Cnr Leeds Pde), Orange NSW 2800",-33.258964,149.11354,EG Ampol
700,EG Ampol Charlestown,"93 Pacific Highway, Charlestown NSW 2290",-32.966249,151.695725,EG Ampol
701,EG Ampol Spring Farm,"254a Richardson Street, Spring Farm NSW 2570",-34.068448,150.729793,EG Ampol
702,Shell Reddy Express Batehaven,"198 Beach Road, Batehaven NSW 2536",-35.726711,150.194503,Reddy Express
703,EG Ampol Moss Vale,"609 Argyle Street, Moss Vale NSW 2577",-34.554154,150.360937,EG Ampol
709,Ampol Foodary Wollongong North,"9 Flinders St, Wollongong North NSW 2500",-34.415048,150.893164,Ampol Foodary
710,Ampol Foodary Seven Hills,"105 Station Rd Cnr Powers St, Seven Hills NSW 2147",-33.773892,150.944345,Ampol Foodary
713,Shell Reddy  Express Hexham,"21 Maitland Road, Hexham NSW 2322",-32.846766,151.693388,Reddy Express
714,Ampol Foodary Taree,"Cnr Manning River Dr & Glenthorne, Taree South NSW 2430",-31.943221,152.471338,Ampol Foodary
724,Shell Reddy Express Brookvale,"198 Harbord Rd (Cnr Winbourne Rd), Brookvale NSW 2100",-33.76328,151.27958,Reddy Express
735,Shell Reddy  Express Narrabeen,"1418 Pittwater Rd, Narrabeen NSW 2101",-33.700102,151.300198,Reddy Express
746,Shell Reddy Express Avalon,"2 Avalon Pde (Cnr Barrenjoey Rd), Avalon Beach NSW 2107",-33.636355,151.330203,Reddy Express
757,Shell Reddy  Express Wagga Wagga,"353-355 Edward St, Wagga Wagga NSW 2650",-35.115993,147.350992,Reddy Express
766,Ampol Foodary Ambarvale,"37 Woodhouse Dr Cnr Wickfield St, Ambarvale NSW 2560",-34.083785,150.802472,Ampol Foodary
768,Shell Reddy  Express Gundagai,"Mount St & Middle St, Gundagai NSW 2722",-35.081865,148.09403,Reddy Express
782,Ampol Foodary Northmead,"98-100 Windsor Rd Cnr Lombard Rd, Northmead NSW 2152",-33.788196,150.994927,Ampol Foodary
787,Ampol Foodary Neutral Bay,"16-38 Military Rd, Neutral Bay NSW 2089",-33.8290796,151.2162998,Ampol Foodary
791,Shel Reddy Express Grafton,"91 Bent St (Cnr Spring St), Grafton NSW 2460",-29.705992,152.939922,Reddy Express
798,Ampol Foodary Lavington,"436 Wagga Rd Cnr Dick Rd, Lavington NSW 2641",-36.045062,146.944305,Ampol Foodary
802,Shell Reddy Express Annandale,"124-126 Johnston Street, Annandale NSW 2038",-33.880918,151.170629,Reddy Express
813,Shell Reddy Express Drummoyne,"39- 51 Victoria Rd, Drummoyne NSW 2047",-33.856044,151.158938,Reddy Express
818,Ampol Tamworth,"47 Plain St, Tamworth NSW 2340",-31.086309,150.915114,Ampol
819,Ampol Foodary Gosford West (East Bound),"69-71 Pacific Highway, Gosford West NSW 2250",-33.427346,151.321314,Ampol Foodary
824,Shell Reddy Express Lidcombe,"18 Parramatta Road, Lidcombe NSW 2141",-33.853927,151.059248,Reddy Express
833,Ampol Foodary Pendle Hill,"602-606 Great Western Hwy, Pendle Hill NSW 2145",-33.808324,150.942036,Ampol Foodary
834,Ampol Foodary North Ryde,"41-43 Epping Rd Cnr Wicks Rd, North Ryde NSW 2113",-33.79145,151.131185,Ampol Foodary
846,Shell Reddy  Express Muswellbrook,"148 Bridge Street (Cnr Hill St), Muswellbrook NSW 2333",-32.261251,150.889162,Reddy Express
848,Ampol Foodary Menai,"Menai Rd Cnr Carter Rd, Menai NSW 2234",-34.016776,151.012339,Ampol Foodary
860,Ampol Foodary Padstow,"115 Fairford Rd, Padstow NSW 2211",-33.943457,151.034567,Ampol Foodary
864,Ampol Foodary Penrith,"153 Coreen Ave Cnr Castlereagh Rd, Penrith NSW 2750",-33.74291,150.69272,Ampol Foodary
866,Ampol Foodary Leppington,"1370-1380 Camden Valley Hwy, LEPPINGTON NSW 2179",-33.96491,150.817738,Ampol Foodary
868,Shell Reddy Express Rutherford,"118 New England Hwy, Rutherford NSW 2320",-32.721089,151.538981,Reddy Express
874,Ampol Foodary Gosford West (West Bound),"30A Pacific Hwy, Gosford West NSW 2250",-33.427704,151.319141,Ampol Foodary
876,Ampol Hexham Diesel Stop,"360 Old Maitland Rd Cnr Pacific Hwy, Hexham NSW 2322",-32.827955,151.684425,Ampol
879,Shell Reddy  Express Raymond Terrace,"105 Pacific Hwy (Cnr Kangaroo St), Raymond Terrace NSW 2324",-32.760979,151.748708,Reddy Express
880,Ampol Foodary Windsor South,"741 George St, Windsor South NSW 2756",-33.638526,150.785041,Ampol Foodary
889,Ampol Foodary Luddenham,"105 WILLMINGTON RD, LUDDENHAM NSW 2745",-33.8750603,150.6888912,Ampol Foodary
890,Shell Reddy  Express Heathcote,"1355 Princess Hwy (Cnr Oliver Rd), Heathcote NSW 2233",-34.087761,151.007418,Reddy Express
891,Shell Reddy  Express Umina,"1-3 Sydney Ave (Cnr Ocean Beach Rd), Umina NSW 2257",-33.521144,151.316491,Reddy Express
901,Ampol Foodary Wyong M1 Southbound Petrol,"M1 Southbound, Wyong NSW 2259",-33.252841,151.405549,Ampol Foodary
903,Ampol Foodary Wyong M1 Northbound Diesel,"M1 Northbound, Wyong NSW 2259",-33.256253,151.402518,Ampol Foodary
906,Ampol Foodary Wyong M1 Southbound Diesel,"M1 Southbound, Wyong NSW 2259",-33.253679,151.404885,Ampol Foodary
907,Ampol Foodary Wyong M1 Northbound Petrol,"M1 Northbound, Wyong NSW 2259",-33.255965,151.402726,Ampol Foodary
913,Shell Reddy Express Broadmeadow,"2 Brunker Rd, Broadmeadow NSW 2292",-32.925089,151.736426,Reddy Express
924,Shell Reddy Express North Ryde,"275 Lane Cove Rd, North Ryde NSW 2113",-33.785039,151.128758,Reddy Express
925,Ampol Foodary Yass,"1715 Yass Valley Way, Yass NSW 2582",-34.806963,148.88252,Ampol Foodary
935,Shell Reddy  Express Terrigal,"250 Terrigal Dr (Cnr Bellbird Ave), Terrigal NSW 2260",-33.440214,151.433848,Reddy Express
936,Ampol Foodary Bomaderry,"341 Princes Hwy, Bomaderry NSW 2541",-34.845652,150.59476,Ampol Foodary
942,Ampol Foodary Chatswood,"572 Pacific Hwy, Chatswood NSW 2067",-33.803715,151.179001,Ampol Foodary
945,Ampol Foodary Heathcote Nb,"1403 Princes Hwy, Heathcote NSW 2233",-34.090595,151.003738,Ampol Foodary
946,Shell Reddy Express Charlestown,"128 Pacific Hwy, Charlestown NSW 2290",-32.965372,151.695065,Reddy Express
952,Ampol Foodary Tweed Heads West,"96-98 Kennedy Dr Cnr Barrett St, Tweed Heads West NSW 2485",-28.186754,153.523142,Ampol Foodary
955,Ampol Foodary Glenbrook,"78 Great Western Hwy Cnr Ross St, Glenbrook NSW 2773",-33.765306,150.621448,Ampol Foodary
956,Ampol Foodary Nowra South,"100 Princes Hwy Cnr Browns Rd, South Nowra NSW 2541",-34.904965,150.602728,Ampol Foodary
957,Shell Reddy  Express Belmont South (NSW),"797 Pacific Hwy, Belmont South NSW 2280",-33.050963,151.655239,Reddy Express
968,Shell Reddy  Express Nelson Bay,"23-27 Stockton St, Nelson Bay NSW 2315",-32.722667,152.143685,Reddy Express
970,Shell Reddy  Express Mayfield,"63-69 Maud St (Cnr Miller St), Mayfield NSW 2304",-32.893648,151.722179,Reddy Express
971,Shell Reddy Express Wallsend East,"15 Thomas St (Cnr Brook St), Wallsend NSW 2287",-32.907096,151.669345,Reddy Express
974,Apex Petroleum Kemps Creek - Truck Facilities,"1443 Elizabeth Drive, Kemps Creek NSW 2178",-33.880059,150.791769,Independent
975,APEX PETROLEUM VILLAWOOD,"896A Woodville Rd, Villawood NSW 2163",-33.883891,150.976027,Independent
976,Metro Belmore,"607 Canterbury Road, Belmore NSW 2192",-33.921567,151.09602752,Metro Fuel
978,Mavin Petroleum,"49A Lachlan Street, South Kempsey NSW 2440",-31.096225,152.837565,Independent
979,Mavin Petroleum,"100 Belgrave Street, Kempsey NSW 2440",-31.08038,152.838079,Independent
982,Enhance Albion Park,"253 Princes Hwy, Albion Park Rail NSW 2527",-34.5675942,150.8032376,Enhance
983,Enhance Barrack Heights,"254-256 Shellharbour Rd, Barrack Heights NSW 2528",-34.5594763,150.859503,Enhance
984,Enhance Oak Flats,"77 Old Lake Entrance Rd, Oak Flats NSW 2529",-34.5647905,150.8252531,Enhance
985,Enhance Robertson,"22 Hoddle St, Robertson NSW 2577",-34.587983,150.589397,Enhance
999,BP Denham Court,"505 Campbelltown Road, Denham Court NSW 2565",-33.982685,150.846578,BP
1001,SHELL CONDELL PARK,"228 Edgar Street, Condell Park NSW 2200",-33.922433,151.012584,Shell
1003,Shell Yagoona,"740 Hume Highway, Yagoona NSW 2199",-33.904856,151.011464,Shell
1005,Metro Fuel Greystanes,"73 Ettalong Rd, Greystanes NSW 2145",-33.818292,150.95155,Metro Fuel
1014,Caltex Kempsey South,"629 Pacific Highway, KEMPSEY SOUTH NSW 2440",-31.128501,152.828608,Caltex
1020,Metro Fuel Young,"186 Nasmyth St, Young NSW 2594",-34.309721,148.291245,Metro Fuel
1025,Uncle Clarries,"2 Oxley Highway, Ravenswood NSW 2824",-31.69678,147.8403,Independent
1026,Warren Fuels Liberty,"1 Coonamble Road (Warren Fuels), Warren NSW 2824",-31.69537,147.840414,Liberty
1030,Independent Bonny Hills,"923 Ocean Drive, Bonny Hills NSW 2445",-31.590728,152.8393,Independent
1032,Independent Marrickville,"73-81 Marrickville Road, Marrickville NSW 2204",-33.913163,151.162094,Independent
1036,BP Tomingley,"Newell Highway, Tomingley NSW 2869",-32.569354,148.221733,BP
1037,Mobil Mittagong,"224 Old Hume Highway, Mittagong NSW 2575",-34.447157,150.432846,Mobil
1039,BP Nyngan,"124 Nymagee Street, Nyngan NSW 2825",-31.563144,147.200133,BP
1041,Shell Liverpool,"104-106 Elizabeth Drive,, Liverpool NSW 2170",-33.918348,150.913215,Shell
1042,Caltex Moulamein,"66 Tallow Street, Moulamein NSW 2733",-35.089271,144.034754,Caltex
1045,Metro Petroleum Lakemba,"47 Lakemba Street, Belmore NSW 2192",-33.913952,151.085535,Metro Fuel
1046,Metro Fuel Canterbury,"280 Canterbury Road, Canterbury NSW 2193",-33.914023,151.115187,Metro Fuel
1047,Pearl Energy South Nowra,"202 Princes Hwy, South Nowra NSW 2541",-34.916436,150.605331,Pearl Energy
1048,Mobil Kangaroo Valley,"32 Moss Vale Road, Kangaroo Valley NSW 2577",-34.730177,150.52176,Mobil
1054,Independent Barraba,"69 Queen Street, Barraba NSW 2347",-30.381077,150.609895,Inland Petroleum
1055,Independent Gulargambone,"16 Coonamble Street, Gulargambone NSW 2828",-31.331624,148.472519,Inland Petroleum
1056,Independent Dubbo,"109 Erskine Street, Dubbo NSW 2830",-32.244655,148.611418,Inland Petroleum
1057,Independent Walgett,"21 Fox Street, Walgett NSW 2832",-30.019461,148.117385,Inland Petroleum
1058,Independent Gunnedah,"103 Mathias Street, ""Boggabri Road"", Gunnedah NSW 2380",-30.966752,150.232898,Inland Petroleum
1059,Independent South Dubbo,"125 Cobra Street, DUBBO NSW 2830",-32.2549979,148.6118649,Inland Petroleum
1060,Independent Narromine,"9 Trangie Road, ""Mitchell Highway"", Narromine NSW 2821",-32.226142,148.238892,Inland Petroleum
1061,Independent Cobar,"65 Marshall Street, Cobar NSW 2835",-31.497561,145.835927,Inland Petroleum
1062,Independent West Dubbo,"98 Victoria Street, West Dubbo NSW 2830",-32.241902,148.585394,Inland Petroleum
1063,Independent Gilgandra,"84 Miller Street, Gilgandra NSW 2827",-31.70877,148.67127,Inland Petroleum
1065,Budget Goulburn,"53 Sydney Rd, Goulburn NSW 2580",-34.747919,149.749345,Budget
1069,Ampol Mathoura,"29 Moama Street, Mathoura NSW 2710",-35.812882,144.902353,Ampol
1071,Ampol Deniliquin Cobb Highway,"162 Hardinge Street, Deniliquin NSW 2710",-35.533757,144.951246,Ampol
1072,Ampol Deniliquin North Junction,"336 Hay Road, Deniliquin NSW 2710",-35.522888,144.980762,Ampol
1074,Ampol Hay South,"429 Moama Street, Hay NSW 2711",-34.52014,144.838144,Ampol
1075,Ampol Nemingha,"428 Armidale Road, NEMINGHA NSW 2340",-31.1226981,150.9755907,Ampol
1076,Ampol Hay,"58 Lachlan Street, Hay NSW 2711",-34.512789,144.84267,Ampol
1078,Ampol Tocumwal,"54 Deniliquin Road, Tocumwal NSW 2714",-35.810776,145.560793,Ampol
1079,Ampol Jerilderie,"150 Jerilderie Street, Jerilderie NSW 2716",-35.359016,145.739684,Ampol
1081,Independent Kempsey,"103 Smith ST, Kempsey NSW 2440",-31.075256,152.843745,Independent
1083,Caltex Broadwater,"171-173 Pacific Hwy, Broadwater NSW 2472",-29.009938,153.435317,Caltex
1084,Caltex Lismore,"2 Leycester Street, Lismore NSW 2480",-28.804747,153.282991,Caltex
1085,BP Lismore,"131 Dawson Street, Lismore NSW 2480",-28.812842,153.278295,BP
1086,APEX PETROLEUM (WEST RYDE),"898-902 Victoria Rd, West Ryde NSW 2114",-33.81186,151.094724,Independent
1089,Metro Lane Cove North,"533 MOWBRAY RD WEST, LANE COVE NORTH NSW 2066",-33.80597063,151.16627392,Metro Fuel
1099,BP Coolongolook,"Pacific Highway, Coolongolook NSW 2423",-32.219046,152.322054,BP
1101,Ampol Wallacia,"2510 Silverdale Road, Wallacia NSW 2745",-33.874357,150.618704,Ampol
1102,BP Merriwa,"167 Bettington St, Merriwa NSW 2329",-32.139411,150.35292,BP
1103,Shell Mudgee,"56 A Sydney Road, Mudgee NSW 2850",-32.61138,149.602682,Shell
1106,BP Oakville,"225 Saunders Rd, Oakville NSW 2765",-33.615714,150.874556,BP
1107,Werrington Depot (unmanned with payment terminal),"Lot 3 Werringon Road, WERRINGTON NSW 2747",-33.767685,150.758249,BP
1109,Ampol Auburn,"179 Parramatta Road, Auburn NSW 2144",-33.84108,151.035998,Ampol
1110,BP Mittagong,"Cnr Priestly & Cavendish Sts, Mittagong NSW 2575",-34.4498933,150.4336099,BP
1111,Speedway Caringbah,"66 Captain Cook Drive, Caringbah NSW 2229",-34.032778,151.123995,Speedway
1112,BP Loftus,"127 Loftus Ave, Loftus NSW 2232",-34.045708,151.0507991,BP
1113,BP Port Kembla,"144 Wentworth Street, Port Kembla NSW 2505",-34.483864,150.904915,BP
1114,BP Towradgi,"119 Towradgi Road, Towradgi NSW 2518",-34.384249,150.903529,BP
1115,Medco Windale,"4 Lake Street, Windale NSW 2306",-32.99252,151.6831184,Independent
1120,BP Botany,"1579 BOTANY RD, BOTANY NSW 2019",-33.9526899,151.201254,BP
1131,BP Wentworth Falls,"340 Great Western Highway, Wentworth Falls NSW 2782",-33.711395,150.360076,BP
1133,BP Bolwarra Heights,"200 Paterson Road, BOLWARRA HEIGHTS NSW 2320",-32.701141,151.584574,BP
1135,BP Griffith,"477 Banna Avenue, Griffith NSW 2680",-34.286856,146.039569,BP
1139,BP Gateway Port Macquarie,"Cnr Pacific & Oxley Highways, PORT MACQUARIE NSW 2444",-31.463394,152.821504,BP
1142,BP Katoomba,"199 Great Western Highway, Katoomba NSW 2780",-33.707047,150.316869,BP
1143,BP Macksville,"Partridge Street, Macksville NSW 2447",-30.708805,152.922709,BP
1146,BP Macksville (Cooper Street),"44 Cooper Street, Macksville NSW 2447",-30.712884,152.921207,BP
1148,Caltex Karuah,"403 Tarean Street, Karuah NSW 2324",-32.653968,151.962911,Caltex
1150,BP Allambie Heights,"132 Allambie road, Allambie Heights NSW 2100",-33.765091,151.249673,BP
1151,BP North Manly,"504 Pittwater road, North Manly NSW 2100",-33.775194,151.270826,BP
1152,BP North Willoughby,"157 Penshurst street, Willoughby NSW 2068",-33.797944,151.198197,BP
1153,Speedway Ingleburn,"13/3 Lancester St, Ingleburn NSW 2565",-33.990047,150.867786,Speedway
1157,BP Muswellbrook,"139-141 Maitland St, MUSWELLBROOK NSW 2333",-32.281797,150.900993,BP
1158,BP New Lambton,"105 ST JAMES RD, NEW LAMBTON NSW 2305",-32.92904972,151.71559821,BP
1159,BP Scone,"30 KELLY ST, SCONE NSW 2337",-32.03988,150.86535,BP
1167,Shell Helensburgh,"149 - 151 Parkes Street, Helensburgh NSW 2508",-34.19234,150.977783,Shell
1168,Shell Henty,"29 Railway Parade, Henty NSW 2658",-35.519048,147.036448,Shell
1175,Speedway Westmead,"67-69 Hawkesbury Rd, Westmead NSW 2145",-33.813346,150.98571,Speedway
1176,Woodham Petroleum Burren Junction,"Junction City Hotel 63 Slacksmith St, BURREN JUNCTION NSW 2386",-30.104847,148.969931,Woodham Petroleum
1177,Woodham Petroleum Narrabri,"20 Old Newell Hwy, Narrabri NSW 2390",-30.347341,149.762551,Woodham Petroleum
1178,Woodham Petroleum Walgett,"160 Fox St, Walgett NSW 2832",-30.032517,148.11482,Woodham Petroleum
1180,Independent Woodenbong,"25-27 Unumgar Street, Woodenbong NSW 2476",-28.389244,152.61192,Independent
1181,Metro Hanwood,"48-50 Hanwood Road, Hanwood NSW 2680",-34.333404,146.039993,Metro Fuel
1184,Freedom Fuels Kingscliff,"22-26 Pearl Street, Kingscliff NSW 2487",-28.256239,153.574718,Independent
1185,Costco Casula (Members only),"20 Parkersfarm Place, Casula NSW 2170",-33.958521,150.880116,Costco
1186,Speedway Meadows,"359 Elizabeth Drive, Mount Pritchard NSW 2170",-33.902104,150.896808,Speedway
1187,Liberty Coffs Harbour,"150 Pacific Highway, COFFS HARBOUR NSW 2450",-30.291043,153.1196066,Liberty
1189,BP Picton,"403 Argyle St, Picton NSW 2571",-34.188141,150.605093,BP
1192,Shell Park Beach,"33 Ocean Parade, Coffs Harbour NSW 2450",-30.290509,153.137839,Shell
1193,YOGI'S PLACE SERVICE STATION,"85 Loder St, Quirindi NSW 2343",-31.516867,150.674731,Liberty
1194,Independent Dareton,"1-3 Tapio Street, Dareton NSW 2717",-34.095692,142.04023,Independent
1197,Apex Petroleum Airds,"60 Riverside, Airds NSW 2560",-34.085854,150.828687,Independent
1198,BP Denistone East,"295 Quarry Rd, Denistone East NSW 2112",-33.795773,151.102887,BP
1199,Ampol Uranquinty,"28 Morgan St, Uranquinty NSW 2652",-35.193798,147.245592,Ampol
1206,Pearl Energy Enfield,"184 Liverpool Road, Enfield NSW 2136",-33.887232,151.097782,Pearl Energy
1207,BP Black Mountain Road House & Motel,"3174 New England Hig, Black Mountain NSW 2365",-30.315191,151.689355,Independent
1208,Ampol Gerringong,"2 Belinda Street, GERRINGONG NSW 2534",-34.744806,150.817129,Ampol
1209,Speedway Auburn,"238 Cumberland Rd, Auburn NSW 2144",-33.864119,151.023111,Speedway
1219,BP Belfield,"53 Punchbowl Rd, Belfield NSW 2191",-33.902656,151.082418,BP
1220,Speedway Fairfield,"251 The Horsley Drive, Fairfield NSW 2165",-33.871362,150.962808,Speedway
1221,Speedway Earlwood,"200 Homer St, Earlwood NSW 2206",-33.927121,151.128572,Speedway
1229,Budget Campsie,"403 Canterbury Road, Campsie NSW 2194",-33.916148,151.108753,Budget
1231,Speedway Horsley Drive,"769 The Horsley Dr, SMITHFIELD NSW 2164",-33.8520884,150.9322197,Speedway
1232,MATEX FUEL MATRAVILLE,"553 Bunnerong Road, Matraville NSW 2036",-33.960794,151.231459,MATEX FUEL
1233,Speedway North St Marys,"91 Glossop St, North St Marys NSW 2760",-33.761031,150.780775,Speedway
1234,SG CHAMBERS,"30 Wallendoon St, Cootamundra NSW 2590",-34.64113,148.027084,Independent
1239,Metro Marrickville,"103 SYDENHAM RD, MARRICKVILLE NSW 2204",-33.9101974,151.163393,Metro Fuel
1240,Metro St Andrews,"72 Stranraer Drive, St Andrews NSW 2566",-34.028954,150.827947,Metro Fuel
1242,Speedway Smithfield,"26-28 Smithfield Road, SMITHFIELD NSW 2164",-33.8514799,150.9429309,Speedway
1243,Metro Castle Cove,"327 Eastern Valley Way, Castle Cove NSW 2069",-33.784861,151.201044,Metro Fuel
1251,Shell Urunga,"63 Pacific Hwy, Urunga NSW 2455",-30.502112,153.012408,Shell
1253,Shell Orange (Unmanned),"34-38 Peisley Street, Orange NSW 2800",-33.295291,149.10178,Shell
1255,BP Nambucca Heads,"50-54 Riverside Drive, Nambucca Heads NSW 2448",-30.652195,152.991497,BP
1260,Budget South Penrith,"184 Smith Street, South Penrith NSW 2750",-33.767257,150.702548,Budget
1264,Shell Orange,"48-52 Peisley Street, Orange NSW 2800",-33.293954,149.101952,Shell
1266,BP Brunswick Heads,"50 Tweed Street, Brunswick Heads NSW 2483",-28.541889,153.547371,BP
1268,Independent Riverstone,"129 Piccadilly St, Riverstone NSW 2765",-33.676236,150.866776,Independent
1269,Shell Wisemans Ferry,"5558 Old Northern Road, WISEMANS FERRY NSW 2775",-33.384704,150.98581,Shell
1270,Biti Motors,"35 Balfour St, Culcairn NSW 2660",-35.668261,147.037361,Independent
1272,Metro Petroleum Kearsley,"18 Allandale St, KEARSLEY NSW 2325",-32.8586632,151.3951061,Metro Fuel
1275,Independent Cudal,"2 Naylor Street, Cudal NSW 2865",-33.283383,148.74301,Independent
1279,Independent Murrumbateman,"22 East Street, Murrumbateman NSW 2582",-34.969895,149.029771,Independent
1280,Independent Bodalla,"93 Princes Hwy, Bodalla NSW 2545",-36.088628,150.050602,Independent
1282,Speedway Miranda,"181 The Boulevarde, Miranda NSW 2228",-34.030177,151.109664,Speedway
1283,Speedway Blacktown,"90 Blacktown Road, Blacktown NSW 2148",-33.779039,150.920068,Speedway
1286,Shell West Wyalong,"220 Main Street, West Wyalong NSW 2671",-33.922594,147.201147,Shell
1290,Shell Narrabri,"177 Maitland Street, Narrabri NSW 2390",-30.322926,149.781281,Shell
1295,Independent Colovale,"1 Elm St, Colo Vale NSW 2575",-34.403087,150.488468,Independent
1296,Metro Wyangan,"7  Wyangan Avenue, Griffith NSW 2680",-34.279536,146.042149,Metro Fuel
1297,South West Fuel - Temora Depot,"9 Ironbark St, Temora NSW 2666",-34.44753,147.55292,South West
1299,Independent Rathmines,"14 Fishing Point Rd, Rathmines NSW 2283",-33.044042,151.592809,Independent
1303,BP Boggabri,"11 Grantham Street, Boggabri NSW 2382",-30.710945,150.041783,BP
1304,Shell Forbes,"34 Sherriff Street, Forbes NSW 2871",-33.386785,148.009738,Shell
1305,BP Laurieton,"461 Ocean Drive, Laurieton NSW 2443",-31.643679,152.7978,BP
1306,Ampol Hornsby Heights,"110 Galston Rd., Hornsby Heights NSW 2077",-33.676494,151.098403,Ampol
1308,BP Lake Cargelligo,"44 Foster St, Lake Cargelligo NSW 2672",-33.299256,146.370073,BP
1309,Caltex Harden,"294 Albury St, Murrumburrah NSW 2586",-34.55007,148.351382,Caltex
1311,Budget Petrol,"37 Crystal St., Petersham NSW 2049",-33.890509,151.158759,Budget
1313,BP Bourke,"23-25 Mooculta Street, Bourke NSW 2840",-30.083683,145.947091,BP
1314,INFINITY FUELS KEW,"149 Nancy Bird Walton Dr, Kew NSW 2439",-31.633701,152.723329,Infinity
1315,Metro Shelly Beach,"50 Shelly Beach Rd, Shelly Beach NSW 2261",-33.369548,151.481152,Metro Fuel
1317,Mobil Faulconbridge,"450 Great Western Hw, Faulconbridge NSW 2776",-33.694227,150.547766,Mobil
1321,Independent Albion Park,"114 Tongarra Rd, Albion Park NSW 2527",-34.570217,150.776607,Independent
1324,Independent Murwillumbah,"51 Tweed Valley Way, Murwillumbah NSW 2484",-28.318804,153.429415,Independent
1325,Independent Urana,"48 William Street, Urana NSW 2645",-35.329303,146.267725,Independent
1326,BP Maraylya,"415 Boundary Road, Maraylya NSW 2765",-33.593044,150.918345,BP
1329,Independent Coraki,"102-104 Queen Elizabeth Drive, Coraki NSW 2471",-28.983164,153.284062,Independent
1331,South West Fuel - Young,"31 Boorowa St, Young NSW 2594",-34.313505,148.300147,Ampol
1332,Enhance Rylstone,"88 Louee St, Rylstone NSW 2849",-32.799163,149.970819,Enhance
1334,Speedway Regents Park,"27-29 Amy Steet, Regents Park NSW 2143",-33.883705,151.026875,Speedway
1338,Metro Peakhurst,"836 FOREST RD, PEAKHURST NSW 2210",-33.9599634,151.0607363,Metro Fuel
1342,South West Fuel - Ardlethan,"3 Wilson St, Ardlethan NSW 2665",-34.356874,146.899942,South West
1344,Budget  Erskineville,"25-33 Erskineville Road, ERSKINEVILLE NSW 2043",-33.8987718,151.1823214,Budget
1345,Mobil Goulburn,"129 Lagoon Street, Goulburn NSW 2580",-34.746098,149.732757,Mobil
1348,Metro Ourimbah,"161-163 Pacific Hwy, Ourimbah NSW 2258",-33.349177,151.368936,Metro Fuel
1353,South West Fuel - Ariah Park,"42 COOLAMON ST, ARIAH PARK NSW 2665",-34.34832191,147.22073161,South West
1356,Metro Minto,"1 Brookfield Road, Minto NSW 2566",-34.031695,150.847906,Metro Fuel
1357,Metro Marrickville,"379 Enmore Road, Marrickville NSW 2204",-33.903912,151.168244,Metro Fuel
1362,Budget Kingsgrove,"2 Commercial Rd, Kingsgrove NSW 2208",-33.939641,151.100524,Budget
1364,South West Fuel - Barellan,"76 Yapunyah St, Barellan NSW 2665",-34.285412,146.573768,South West
1365,Liberty Gladstone,"54 Barnard Street, Gladstone NSW 2440",-31.022881,152.948614,Liberty
1366,Shelly Beach Store,"141 PACIFIC DR, PORT MACQUARIE NSW 2444",-31.459494,152.929276,Independent
1367,Budget Granville,"27 Woodville Rd, Granville NSW 2142",-33.83099,151.00408,Budget
1370,Budget Blacktown,"143 Kildare Road, Blacktown NSW 2148",-33.768417,150.891556,Budget
1373,Duncan's Store & Fuel,"4 Davis Street, Currabubula NSW 2342",-31.260792,150.737884,Independent
1375,South West Fuel - Temora,"109 Hoskins St, Temora NSW 2666",-34.443697,147.53238,South West
1376,Independent Summerland Point,"64 Cams Blvd, Summerland Point NSW 2259",-33.138225,151.564825,Independent
1378,BP Medowie,"701 Medowie Road, Medowie NSW 2318",-32.747568,151.867591,BP
1380,Metro Petroleum Gwandalan,"47 Orana Road, Gwandalan NSW 2259",-33.136338,151.581344,Metro Fuel
1384,BP Urunga,"8451 Pacific Highway, Urunga NSW 2455",-30.486108,153.008701,BP
1385,Independent Krambach,"2/3728 Bucketts Way, Krambach NSW 2429",-32.051893,152.259104,Independent
1386,South West Fuel - Barmedman,"1 Mandamah Rd, Barmedman NSW 2668",-34.156159,147.388968,South West
1388,Enhance Gerringong,"142 Fern St, Gerringong NSW 2534",-34.747577,150.827499,Enhance
1392,Shell Rylstone,"25 Louee Street, Rylstone NSW 2849",-32.795517,149.971054,Shell
1393,BP Greystanes,"2-4 Kippax St, Greystanes NSW 2145",-33.827913,150.937925,BP
1397,South West Fuel - Quandialla,"Second St, Quandialla NSW 2721",-34.010841,147.793165,South West
1399,Budget Moorebank,"68 Nuwarra Road, Moorebank NSW 2170",-33.929959,150.955746,Budget
1400,Independent Oberon,"187, Oberon Street, Oberon NSW 2787",-33.703406,149.854611,Independent
1401,Caltex Peats Ridge,"1112 Peatsridge Rd, Peats Ridge NSW 2250",-33.316296,151.23423,Caltex
1404,Independent Walla Walla,"63 Commercial St, Walla Walla NSW 2659",-35.76484,146.900787,Independent
1407,Metro Fuel Frenchs Forest,"663 Warringah Road, Forestville NSW 2087",-33.75966,151.21908,Metro Fuel
1409,Independent Nimbin,"20 Sibley Street, Nimbin NSW 2480",-28.593105,153.226825,Independent
1410,Independent South Murwillumbah,"303 Tweed Valley Way, South Murwillumbah NSW 2484",-28.330639,153.401893,Independent
1411,BP Kyogle,"13-15 Summerland Way, Kyogle NSW 2474",-28.618387,153.003183,BP
1412,BP Turramurra,"213 Kissing Point Rd, Turramurra NSW 2074",-33.7483629,151.1124539,BP
1413,BP Engadine,"963 Old Princes Hwy, Engadine NSW 2233",-34.064299,151.016705,BP
1415,Speedway Sunnyholt,"162 Sunnyholt Rd, Blacktown NSW 2148",-33.751965,150.915162,Speedway
1420,Shell Big Pineapple West Ballina,"482 River Street, West Ballina NSW 2478",-28.864035,153.535868,Shell
1424,Independent Marrar,"3 York Street, Marrar NSW 2652",-34.825164,147.354093,Independent
1425,BP Beckom,"7452 Newell Hwy, Beckom NSW 2665",-34.331599,146.958417,BP
1428,Metro Fuel Fairfield,"130 Hamilton  Road, Fairfield NSW 2165",-33.872643,150.945893,Metro Fuel
1429,Independent Delegate,"77 Bombala Street, Delegate NSW 2633",-37.044486,148.937736,Independent
1431,Shell Lennox Head,"44-48 Byron St, Lennox Head NSW 2478",-28.791958,153.588373,Shell
1435,BP Quakers Hill,"450 Quakers Hill Pkw, Quakers Hill NSW 2763",-33.729972,150.902371,BP
1438,Independent Coramba,"33 Gale Street, Coramba NSW 2450",-30.22175,153.014214,Independent
1442,Shell Suffolk Park,"207 Broken Head Road, Suffolk Park NSW 2481",-28.68797,153.608247,Shell
1444,SPEEDWAY BEACON HILL.,"214 Warringah Road, Beacon Hill NSW 2100",-33.752572,151.25491,Speedway
1447,Independent Goulburn,"Corner Ross & Queen Street, GOULBURN NSW 2580",-34.726148,149.741115,EBM Ampol
1453,BP Hastings Point,"1 Coast Road, Hastings Point NSW 2489",-28.356035,153.573286,BP
1454,TASCO Albury North St,"127 North Street, Albury NSW 2640",-36.070464,146.94411,Ampol
1455,TASCO Balranald Market St,"99 Market Street, Balranald NSW 2715",-34.63953,143.563591,Caltex
1456,TASCO Broken Hill Kanandah Rd,"5 Kanandah Road, Broken Hill NSW 2880",-31.984398,141.432912,Ampol
1458,TASCO Hay Sturt Hwy,"Sturt Hwy & Archer St, HAY SOUTH NSW 2711",-34.520145,144.838046,Shell
1460,Shell Wellington,"16 Mitchell Hwy, Wellington NSW 2820",-32.540988,148.942839,Shell
1461,TASCO Corowa Cemetery Rd,"161 Cemetery Road, Corowa NSW 2646",-35.98942,146.369078,Ampol
1463,TASCO Leeton Pine Ave,"1 Pine Avenue, Leeton NSW 2705",-34.551465,146.399232,Ampol
1465,BP Normanhurst,"155 Pennant Hills Rd, Normanhurst NSW 2076",-33.724599,151.089992,BP
1466,TASCO Narrandera,"16322 Newell Highway, GILLENBAH NSW 2700",-34.7627245,146.5403563,Ampol
1467,TASCO Tarcutta Hume Hwy,"Hume Highway, TARCUTTA NSW 2652",-35.27747,147.73585,Ampol
1468,TASCO Tumut Adelong Rd,"42 Adelong Road, Tumut NSW 2720",-35.29594,148.212938,Ampol
1470,TASCO Wagga Fernleigh Rd,"131 Fernleigh Road, Wagga Wagga NSW 2650",-35.129978,147.341985,Ampol
1471,TASCO Wagga Hammond Ave,"151 Hammond Ave, Wagga Wagga NSW 2650",-35.122317,147.396377,Ampol
1474,Independent Jindabyne,"6532 Kosciuszko Rd, Jindabyne NSW 2627",-36.409797,148.596733,Independent
1479,Liberty Byron Bay,"1B Butler St, Byron Bay NSW 2481",-28.641787,153.610799,Liberty
1481,Ampol Woolgoolga,"16 Bosworth Road, Woolgoolga NSW 2456",-30.125659,153.194274,Ampol
1483,BUDGET PETROL BEXLEY ROAD CAMPSIE,"65 Bexley Rd, Campsie NSW 2194",-33.922371,151.106748,Budget
1485,Ampol Rankins Springs,"20 Boomerang Street, Rankins Springs NSW 2669",-33.841676,146.260758,Ampol
1487,Ampol Winmalee,"281 Hawkesbury Rd, Winmalee NSW 2777",-33.682233,150.59972,Ampol
1489,BP Yamba - The Bait Place,"11 Yamba Road, Yamba NSW 2464",-29.435157,153.344377,BP
1490,Metro Fuel Homebush,"134 John Street, Lidcombe NSW 2141",-33.854822,151.046648,Metro Fuel
1491,Independent Bonville,"340 Pine Creek Way, Bonville NSW 2450",-30.371676,153.035292,Independent
1495,Shell Deniliquin,"375 Cressy St, Deniliquin NSW 2710",-35.527325,144.962006,Shell
1496,BP North Rocks,"369 North Rocks Rd, North Rocks NSW 2151",-33.769346,151.031858,BP
1497,Hastings Co-op Depot,"229 High Street, Wauchope NSW 2446",-31.468377,152.715021,Ampol
1499,Independent Port Macquarie,"156 Gordon St, Port Macquarie NSW 2444",-31.435199,152.900581,Independent
1502,Mobil 1 Carlingford Car Care,"482 North Rocks Rd, Carlingford NSW 2118",-33.765073,151.057902,Mobil 1 Carlingford Car Care
1504,Independent Coomba Park,"11 Kirribilli Avenue, Coomba Park NSW 2428",-32.236469,152.474101,Independent
1507,Independent Guyra,"2 Lagoon St, Guyra NSW 2365",-30.217096,151.667342,Independent
1508,Hastings Co-op,"4 High Street, Wauchope NSW 2446",-31.457996,152.735295,Ampol
1509,Your Fuel Coniston,"136 Gladstone St, Coniston NSW 2500",-34.438605,150.883878,Westside
1510,Beardy Street Servo,"351 Beardy Street, ARMIDALE NSW 2350",-30.5077109,151.6472551,Independent
1511,Mobil The Oaks,"1190 Burragorang Rd, The Oaks NSW 2570",-34.075199,150.537822,Mobil
1513,Mobil Silverdale,"2320 Silverdale Rd, Silverdale NSW 2752",-33.890625,150.618748,Mobil
1515,Independent Gunnedah,"3 Railway Ave, Gunnedah NSW 2380",-30.977067,150.243826,HopeFuel
1516,Metro Fuel Cremorne,"51 Spofforth St, CREMORNE NSW 2090",-33.832753,151.229455,Metro Fuel
1517,Budget Kogarah,"132 Princes Hway, Kogarah NSW 2217",-33.974841,151.12831,Budget
1518,BP Summer Hill,"3 Carlton Cres, Summer Hill NSW 2130",-33.892492,151.143151,BP
1519,Budget Petrol Eastlakes,"102 Maloney St, Eastlakes NSW 2018",-33.9309968,151.2055689,Budget
1520,BP Bonnyrigg,"451 Nth Liverpool Rd, Bonnyrigg NSW 2177",-33.894163,150.857838,BP
1521,BP Horsley Park,"1642 The Horsley Dr, Horsley Park NSW 2164",-33.843714,150.863232,BP
1522,BP Cabramatta West,"90 Joseph St, Cabramatta West NSW 2166",-33.898559,150.92031,BP
1523,BP North Richmond,"3 Bells Line Of Road, NORTH RICHMOND NSW 2754",-33.582914,150.722427,BP
1524,BP Gulgong,"77 Medley St, Gulgong NSW 2852",-32.366754,149.532298,BP
1529,Ampol Casino,"28-32 Dyraaba St, Casino NSW 2470",-28.8549,153.044818,Ampol
1533,APCO Albury,"997 Mate Street, Albury NSW 2640",-36.057341,146.932141,APCO
1535,Independent Mullumbimby,"2 Argyle Street, Mullumbimby NSW 2482",-28.552966,153.503973,Independent
1539,Budget Bexley,"295 FOREST RD, BEXLEY NSW 2207",-33.9444759,151.1283492,Budget
1540,Budget Oatley,"12B Oatley Parade, Oatley NSW 2223",-33.982328,151.079144,Budget
1542,BP Queanbeyan,"52 Yass Road Queanbeyan, Queanbeyan NSW 2620",-35.341265,149.244514,BP
1543,Ampol Roadhouse Tamworth,"502 Goonoo Goonoo Rd, Hillvue NSW 2340",-31.1333,150.92323,Ampol
1544,Campbells Fuel Service Moree,"423 Frome St, Moree NSW 2400",-29.482235,149.846388,BP
1545,Aberdare Fuel & Lotto,"68 Aberdare Road, Aberdare NSW 2325",-32.841209,151.367683,Independent
1546,Metro Fuel Cliftleigh,"80 Main Road, Cliftleigh NSW 2321",-32.791759,151.519068,Metro Fuel
1551,Westside Adamstown,"125 Brunker Rd, Adamstown NSW 2289",-32.929948,151.730252,Westside
1553,Ampol Blayney,"3 Maria Street, Blayney NSW 2799",-33.526097,149.25815,Ampol
1557,Budget Petrol St Helens Park,"24 Wooland Rd, St Helens Park NSW 2560",-34.097495,150.813573,Budget
1560,Independent Batemans Bay,"1 SHARON RD, BATEMANS BAY NSW 2536",-35.7189985,150.1733949,Independent
1565,BP Yagoona,"405 Hume Highway, Yagoona NSW 2199",-33.908972,151.029147,BP
1566,Independent Kundabung,"100 Ravenswood Road, Kundabung NSW 2441",-31.188255,152.822153,Independent
1573,Speedway Roselands,"948-950 Canterbury Rd, Roselands NSW 2196",-33.928248,151.078098,Speedway
1574,7 Express Carlton,"370 Railway Parade, Carlton NSW 2216",-33.969142,151.122205,Independent
1575,Ampol Chittaway,"100 CHITTAWAY RD, CHITTAWAY BAY NSW 2261",-33.3270755,151.4293546,Ampol
1576,Greens Mandurama,"49-55 Olive St, Mandurama NSW 2792",-33.651686,149.072593,Greens Mandurama
1578,Independent Forbes,"60 Johnson Street, Forbes NSW 2871",-33.375616,148.003498,Independent
1579,Independent Bendemeer,"19 Havannah Street, Bendemeer NSW 2355",-30.880784,151.158337,Independent
1580,BP Murwillumbah,"216 Tweed Valley Way, Murwillumbah NSW 2484",-28.327218,153.408174,BP
1581,Independent Tintenbar,"6 George Sreet, Tintenbar NSW 2478",-28.797109,153.512549,Independent
1582,APW,"449 Great Western Highway, WENTWORTHVILLE NSW 2145",-33.813328,150.95825,APW
1586,Ampol Tuggerah,"2 Johnson Road, Tuggerah NSW 2259",-33.294326,151.421068,Ampol
1590,BP Merrylands West,"65 Kenyons Road, Merrylands West NSW 2160",-33.836829,150.968399,BP
1592,BP Macquarie Fields,"72 Harold St, Macquarie Fields NSW 2564",-33.985109,150.893446,BP
1597,Ampol Bega,"277 Newtown Road, Bega NSW 2550",-36.690413,149.839653,Ampol
1604,Avondale Auto Centre,"677 Freemans Drive, Cooranbong NSW 2265",-33.069657,151.463666,Independent
1605,BP Greenfield Park,"1 Greenfield Rd, Greenfield Park NSW 2176",-33.871916,150.889605,BP
1606,BP Lake Munmorah,"335 Pacific Highway, Lake Munmorah NSW 2259",-33.190117,151.567872,BP
1608,Ampol Cooma,"41 SHARP ST, COOMA NSW 2630",-36.2323683,149.13070739,Ampol
1614,Ampol Elermore Vale,"52 Cardiff Road, Elermore Vale NSW 2287",-32.914543,151.672747,Ampol
1615,Independent Mirrabooka,"69 Fishery Point Road, Mirrabooka NSW 2264",-33.10654,151.553235,Independent
1616,Tamarang Service Centre,"115 Station Street, Quirindi NSW 2343",-31.501747,150.68102,Shell
1624,BP Cabramatta West,"208-212 Cabramatta Rd, Cabramatta West NSW 2166",-33.895888,150.936403,BP
1625,BP Bexley North,"369C Bexley Road, Bexley NSW 2207",-33.945827,151.12302,BP
1626,Harry's Fuel,"31-35 Unwins Bridge, Sydenham NSW 2044",-33.914718,151.168451,Payless Fuel
1627,BP Mars,"196 The River Road, Revesby NSW 2212",-33.95581,151.016589,BP
1628,Your Local Independent Servo,"2 Kew Road, Laurieton NSW 2443",-31.647949,152.796382,Independent
1630,Budget Petrol,"143 Concord Rd, North Strathfield NSW 2137",-33.859435,151.09272,Budget
1631,Independent Lalor Park,"Lot 8 Comercial Road, Lalor Park NSW 2147",-33.76283,150.930822,Independent
1634,EJ Stop N Save,"9 Davies Rd, Padstow NSW 2211",-33.947202,151.037156,Independent
1636,Independent Bundarra,"25 Bendemeer St, Bundarra NSW 2359",-30.17107,151.075681,Independent
1638,Petersens Garage,"2 Erith St, Bundanoon NSW 2578",-34.655966,150.297509,Independent
1640,Independent Paterson,"38 Maitland Road, Paterson NSW 2421",-32.604948,151.616328,Independent
1641,BP Sans Souci,"518 Rocky Point Road, Sans Souci NSW 2219",-33.992469,151.132408,BP
1643,Golden Apple Super Store,"2637 Irrigation Way, Leeton NSW 2705",-34.574208,146.411677,BP
1646,Liberty Doonside,"13-15 Doonside Rd, Doonside NSW 2767",-33.765383,150.869643,Liberty
1647,BP Whitebridge,"170 Dudley Road, Whitebridge NSW 2290",-32.981448,151.711883,BP
1648,Ampol Bourke (Self-Serve),"82-86 Anson St, Bourke NSW 2840",-30.095007,145.94144,Ampol
1651,BP Darlington Point Truck Stop,"7 Sturt Highway, DARLINGTON POINT NSW 2706",-34.593806,145.992521,BP
1655,Speedway Bass Hill,"972 Hume Highway, Bass Hill NSW 2197",-33.896169,150.991302,Speedway
1657,Caltex Prestons,"370 HOXTON PARK RD, PRESTONS NSW 2170",-33.92832755,150.88133286,Caltex
1659,Independent Tibooburra,"1 Silver City Highway, Tibooburra NSW 2880",-29.436276,142.010131,Independent
1660,Metro Fuel Alexandria,"36 Henderson Road, Alexandria NSW 2015",-33.897447,151.197261,Metro Fuel
1662,Metro Fuel Abermain,"289 Cessnock Road, Abermain NSW 2326",-32.811157,151.425998,Metro Fuel
1663,Campbell's Fuel BP,"309 Byron St, Inverell NSW 2360",-29.765854,151.122144,BP
1664,Shell Coonamble,"121 Castlereagh St, Coonamble NSW 2829",-30.961633,148.390564,Shell
1665,Shell Braidwood,"71 Wallace Street, Braidwood NSW 2622",-35.446322,149.799408,Shell
1667,Ultra Boolaroo,"No 6 Main Road, Boolaroo NSW 2284",-32.950534,151.623698,Ultra Petroleum
1668,Independent Cooma,"8 Sharp St, Cooma NSW 2630",-36.230231,149.134771,Independent
1669,Independent North Lismore,"111 Terania Street, North Lismore NSW 2480",-28.80163,153.269571,Independent
1671,Metro Fuel Williamtown,"3 Williamtown Dr, Williamtown NSW 2318",-32.811621,151.843343,Metro Fuel
1673,BP Liverpool,"69 Hoxton Park Road, Liverpool NSW 2170",-33.927078,150.910738,BP
1674,Independent Glen Innes,"94-96 Church Street, Glen Innes NSW 2370",-29.744164,151.736248,Independent
1675,Shell Cobar,"69 Marshal St, Cobar NSW 2835",-31.497395,145.834659,Shell
1677,Metro Balgownie,"99 Balgownie Road, Balgownie NSW 2519",-34.389256,150.880854,Metro Fuel
1681,Independent Grenfell,"39 Alexandra St, GRENFELL NSW 2810",-33.893224,148.156799,Independent
1685,Independent Inverell,"24 Glen Innes Road, Inverell NSW 2360",-29.779537,151.119398,Independent
1692,Independent Minnie Water,"5 Sandon Road, Minnie Water NSW 2462",-29.768997,153.294814,Independent
1693,Roger Moore PTY LTD,"76 Hope Street, Warialda NSW 2402",-29.541001,150.576821,Independent
1694,Independent Mullumbimby,"1670 Coolamon Scenic Rd, Mullumbimby NSW 2482",-28.560347,153.494513,Independent
1698,Metro Bonnyrigg,"709 Cabramatta Road, Bonnyrigg NSW 2177",-33.893095,150.89238,Metro Fuel
1699,BP Wilberforce,"362 Putty Road, Wilberforce NSW 2756",-33.529775,150.831034,BP
1705,Tom Thumb Service Station,"17 Ellen Street, Wollongong NSW 2500",-34.430039,150.892405,BP
1706,BP Edgecliff,"67 New South Head Rd, EDGECLIFF NSW 2027",-33.876974,151.231099,BP
1716,Metro Fuel Miranda,"220 Port Hacking Road, Miranda NSW 2228",-34.02758,151.106042,Metro Fuel
1719,Shell Bingara,"63 Maitland Street, Bingara NSW 2404",-29.870948,150.57293,Shell
1722,BP Kingsgrove,"152 Moorefields Road, Kingsgrove NSW 2208",-33.935501,151.086374,BP
1729,Independent Carroll,"70 76 Breeza Street, Carroll NSW 2340",-30.985902,150.446131,Independent
1730,Shell Delungra,"26 Inverell Street, Delungra NSW 2403",-29.652861,150.827104,Shell
1732,Metro Fuel Berkeley Vale,"Lot 4 Tumbi Creek Rd, Berkeley Vale NSW 2261",-33.3601,151.44473,Metro Fuel
1733,Speedway West Ryde,"899 Victoria Road, West Ryde NSW 2114",-33.81027,151.094204,Speedway
1735,Independent Camden,"8 Argyle St, CAMDEN NSW 2570",-34.0537725,150.7001647,Independent
1737,Freedom Fuels Vineyard,"1540 Windsor Road, Vineyard NSW 2765",-33.650292,150.862246,Independent
1739,Shell Chinderah,"2-12 Chinderah Bay Drive, Chinderah NSW 2478",-28.227274,153.557163,Shell
1740,BP Finley,"255 Murray Street, Finley NSW 2713",-35.64556,145.574865,BP
1742,Calvi Petrol Station,"320 Lane Cove Road, North Ryde NSW 2113",-33.792349,151.120171,Calvi Petrol
1743,Budget Dulwich Hill,"299-303 Wardell Rd, Dulwich Hill NSW 2203",-33.9127995,151.1384274,Budget
1744,Independent Freemans Reach,"442 Kurmond Road, Freemans Reach NSW 2756",-33.557513,150.796534,Independent
1746,Metro Fuel Ruse,"2 Acacia Av, Ruse NSW 2560",-34.07299,150.841894,Metro Fuel
1749,Independent Lismore,"46 Wyrallah Rd, Lismore NSW 2480",-28.818425,153.284364,Independent
1752,BP Mays Hill,"149 Great Western Hwy, Mays Hill NSW 2145",-33.819412,150.989313,BP
1754,Independent Wyndham,"18/19 Monaro Street, Wyndham NSW 2550",-36.929292,149.647495,Independent
1756,Arko Energy Freshwater,"119 Harbord Rd, Freshwater NSW 2096",-33.77247,151.279536,Arko Energy
1757,Al Mustafa Petrol,"1/3 Haldon St, Lakemba NSW 2195",-33.917964,151.07633,Independent
1761,Ampol Greta,"2021 New England Hwy, Greta NSW 2334",-32.667237,151.374678,Ampol
1762,BP Milton,"32-36 Princes Highway, MILTON NSW 2538",-35.313425,150.433152,BP
1766,Pearl Energy Port Kembla,"2-4 Church Street, Port Kembla NSW 2505",-34.485609,150.903275,Pearl Energy
1768,BP Putney,"236 Morrison Road, Putney NSW 2112",-33.823874,151.108405,BP
1770,Independent Telegraph Point,"101 Mooney St, Telegraph Point NSW 2441",-31.340726,152.792537,Independent
1773,BUDGET PETROL MASCOT,"1004 Botany Rd., Mascot NSW 2020",-33.932712,151.193644,Budget
1775,IOR Boomi (Self- Serve),"2 BENSON ST, BOOMI NSW 2405",-28.72183206,149.58156543,IOR Group
1776,Independent Lake Cargelligo,"108 Canada St, Lake Cargelligo NSW 2672",-33.292985,146.372804,Independent
1783,BP Baulkham Hills,"134 Seven Hills Rd, Baulkham Hills NSW 2153",-33.761658,150.974041,BP
1785,BP Willoughby,"500 Willoughby Rd, Willoughby NSW 2068",-33.810257,151.19934,BP
1786,IOR Hillston (Self-Serve),"7 THE SPRINGS ROAD, HILLSTON NSW 2675",-33.49145839,145.53476548,IOR Group
1787,BP West Pennant Hills,"48-50 Aiken Road, West Pennant Hills NSW 2125",-33.754151,151.040615,BP
1788,BP Warwick Farm,"6 Hume Hwy, Warwick Farm NSW 2171",-33.914284,150.930756,BP
1791,BP Kurmond,"501-509 Bells Line Of Road, Kurmond NSW 2757",-33.550915,150.691102,BP
1792,Independent Griffith,"2-6 Griffith Ave, Griffith NSW 2680",-34.286683,146.033206,Independent
1793,BP Dundas,"256 Kissing Point Rd, DUNDAS NSW 2117",-33.798888,151.054368,BP
1794,BP Seven Hills,"154-156 Prospect Hwy, Seven Hills NSW 2147",-33.769073,150.941486,BP
1795,BP Lane Cove,"62-70 Epping Rd, Lane Cove NSW 2066",-33.811106,151.164217,BP
1796,BP Redfern,"411-417 Cleveland St, REDFERN NSW 2016",-33.891804,151.213294,BP
1797,IOR Deniliquin (Self-Serve),"Lots 75 & 76 Salesyard Road, Deniliquin NSW 2710",-35.458933,144.953669,IOR Group
1798,Enhance Neath,"66-68 Cessnock Road, Neath NSW 2326",-32.826152,151.414131,Enhance
1801,BP St Marys South,"12 Gallipoli St, St Marys NSW 2760",-33.781325,150.771133,BP
1804,BP Manly,"133-139 Pittwater Rd, MANLY NSW 2095",-33.7903441,151.2848154,BP
1805,BP Rose Bay,"599 Old South Head Rd, Rose Bay NSW 2029",-33.869232,151.277138,BP
1810,BP Hoxton Park,"Lot 1 Cowpasture Road, HOXTON PARK NSW 2171",-33.922918,150.848727,BP
1814,Metro Punchbowl,"10-12 Park Ave, Punchbowl NSW 2196",-33.918046,151.06318,Metro Fuel
1815,Independent Kulnura,"1154 George Downes Dr, KULNURA NSW 2250",-33.2201883,151.2146419,Independent
1818,Metro Highfields,"317A Pacific Hwy, Highfields NSW 2289",-32.956683,151.705755,Metro Fuel
1822,BP Woolgoolga,"35 River Street, Woolgoolga NSW 2456",-30.114558,153.192727,BP
1824,Independent Beresfield,"199 Anderson Drive, Beresfield NSW 2322",-32.802715,151.651407,Independent
1827,Coral Petroleum Wiley Park,"107 King Georges Rd, Wiley Park NSW 2195",-33.925088,151.069247,Coral Petroleum
1828,Speedway Villawood,"45 Fairfield St, Villawood NSW 2163",-33.869642,150.980674,Speedway
1830,IOR Cobar (Self-serve),"Corner Wrightville & Cornish Streets, Cobar NSW 2835",-31.497232,145.85336,IOR Group
1833,Independent Stroud,"1 Cowper St, Stroud NSW 2425",-32.390934,151.95633,Independent
1834,Independent Rainbow Flat,"362 GODFREY HILL RD, RAINBOW FLAT NSW 2430",-32.0099353,152.4730668,Independent
1835,Independent Bendalong,"20 Waratah Street, Bendalong NSW 2539",-35.246549,150.531734,Bendalong General Store
1836,Liberty Girraween,"38A Gilba Rd, Girraween NSW 2145",-33.801823,150.95119,Liberty
1841,IOR White Cliffs (Self- Serve),"Lots 92 & 93 Keraro Road, White Cliffs NSW 2836",-30.853452,143.091818,IOR Group
1842,Vultra Energy Bundeena,"27 Thompson St, Bundeena NSW 2230",-34.083836,151.14529,Vultra Energy
1848,Metro Fuel Kogarah,"120 ROCKY POINT RD, KOGARAH NSW 2217",-33.9769227,151.1368205,Metro Fuel
1849,Independent Yenda,"31 YENDA PL, YENDA NSW 2681",-34.25038322,146.19652406,Independent
1852,IOR Broken Hill (Self-Serve),"9-11 Pinnacles Place, Broken Hill NSW 2880",-31.985534,141.425439,IOR Group
1856,Metro Crookwell,"20 Carrington Street, Crookwell NSW 2583",-34.455055,149.459512,Metro Fuel
1858,BP Boambee,"601 Pacific Hwy, Boambee NSW 2450",-30.335198,153.080298,BP
1860,Budget Fairfield,"62 Railway Parade, Fairfield NSW 2165",-33.880537,150.948533,Budget
1863,Caltex Chester Hill,"41 Boundary Road, Chester Hill NSW 2162",-33.873839,151.007145,Caltex
1868,BP Pitt Town,"Bathurst St &, Chatham St, PITT TOWN NSW 2756",-33.58679,150.8597,BP
1869,Metro Fuel Broken Hill,"571 Beryl Street, Broken Hill NSW 2880",-31.94987,141.475305,Metro Fuel
1870,ENHANCE TERALBA,"63 York St, Teralba NSW 2284",-32.963454,151.605055,Enhance
1872,Independent Kempsey,"108-112 Smith Street, Kempsey NSW 2440",-31.074924,152.843195,Independent
1874,Independent Euston,"49 Murray Terrace, Euston NSW 2737",-34.575339,142.745126,Independent
1881,Independent Lightning Ridge,"21 Opal St, Lightning Ridge NSW 2834",-29.429644,147.979958,Independent
1886,Independent North Lismore,"Northside Liberty 78 Terania Street, North Lismore NSW 2480",-28.802612,153.27274,Independent
1887,Liberty Mullumbimby,"44 Dalley Street, Mullumbimby NSW 2482",-28.551829,153.500229,Liberty
1889,Shell Morisset,"608 Fishery Point Rd, Morisset NSW 2264",-33.107986,151.497916,Shell
1891,Independent Liberty South Grafton,"174 Ryan St, South Grafton NSW 2460",-29.702781,152.928772,Liberty
1892,Independent Booral,"2780 Booral Road, Booral NSW 2425",-32.466616,151.959885,Independent
1896,Metro Fuel North Avalon,"662-664 Barrenjoey Rd, North Avalon NSW 2107",-33.625937,151.334499,Metro Fuel
1897,Independent Appin,"71 Appin Road, Appin NSW 2560",-34.20078,150.787571,Independent
1899,EZ Fuel,"832 Bringelly Road, Rossmore NSW 2557",-33.945101,150.770657,EZ Fuel
1900,Independent Stratford,"31 Bridge Street, Stratford NSW 2429",-32.11791,151.938203,Independent
1903,Independent Sapphire Beach,"96 Solitary Islands Way, SAPPHIRE BEACH NSW 2450",-30.2393241,153.1472896,Liberty
1904,Independent Comboyne,"55 Main Street, Comboyne NSW 2429",-31.605604,152.467978,Independent
1908,Independent Bradbury,"310 St Johns Road, Bradbury NSW 2560",-34.089436,150.807981,Independent
1911,Independent TATHRA,"88 Bega St, TATHRA NSW 2550",-36.7331934,149.9806941,Independent
1912,Bravo Girraween,"133-137 Targo, Girraween NSW 2145",-33.79942,150.951879,Independent
1913,Speedway Kings Langley,"18 Solander Road, Kings Langley NSW 2147",-33.756068,150.943559,Speedway
1914,Independent Barham,"50 Moulamein Rd, Barham NSW 2732",-35.620102,144.131734,BP
1916,BP Taree,"102 Commerce Street, Taree NSW 2430",-31.907564,152.450449,BP
1918,BP Capertee,"44 Castlereagh Hwy, Capertee NSW 2846",-33.146102,149.985513,BP
1922,Ampol Mudgee,"50 Sydney Road, Mudgee NSW 2850",-32.610916,149.601329,Ampol
1925,BP Gymea,"758-760 Gymea Bay Rd, GYMEA NSW 2227",-34.032787,151.085138,BP
1926,BP Kirrawee,"596 Princes Highway, Kirrawee NSW 2232",-34.032299,151.071152,BP
1927,Metro Fuel Wiley Park,"618 Punchbowl Rd, Wiley Park NSW 2195",-33.916526,151.066504,Metro Fuel
1931,7-Eleven Wallsend,"15 Minmi Road, Wallsend NSW 2287",-32.890998,151.666094,7-Eleven
1932,7-Eleven Cessnock,"210-214 Wollombi Road, Cessnock NSW 2325",-32.83281,151.353684,7-Eleven
1933,7-Eleven Orange,"90 Bathurst Road, Orange NSW 2800",-33.291793,149.110594,7-Eleven
1934,7-Eleven Toukley,"287 Main Street, Toukley NSW 2263",-33.264926,151.54631,7-Eleven
1935,Lowes Coolah,"72 Cunningham Street, Coolah NSW 2843",-31.822944,149.724462,Lowes
1936,Lowes Cooma,"2 Sharp Street, Cooma NSW 2630",-36.227985,149.135768,Lowes
1937,Lowes Eugowra,"Oberon Street, Eugowra NSW 2806",-33.431695,148.376558,Lowes
1938,Lowes Forbes,"3-15 Union Street, Forbes NSW 2871",-33.377506,148.010111,Lowes
1939,Lowes Gulgong,"6 Railway Street, Gulgong NSW 2852",-32.359485,149.546141,Lowes
1940,Lowes Hillston,"165 Cowper Street, Hillston NSW 2675",-33.490601,145.537779,Lowes
1941,Independent Mangoplah,"Kyeamba Street, Mangoplah NSW 2652",-35.377273,147.25443,Independent
1943,Lowes Orange(Unmanned),"76-82 PEISLEY ST, ORANGE NSW 2800",-33.2902524,149.1027211,Lowes
1944,Lowes Tamworth,"27-29 Gunnedah Road, Tamworth NSW 2340",-31.096477,150.905833,Lowes
1945,Lowes Armidale,"84 Marsh Street, Armidale NSW 2350",-30.512213,151.669413,Lowes
1946,Lowes Bellata,"Newell Highway, Bellata NSW 2397",-29.917066,149.790914,Lowes
1947,Lowes Boggabilla,"Newell Highway, BOGGABILLA NSW 2409",-28.609732,150.35286,Lowes
1949,Lowes Gunnedah,"14 Abbott Street, Gunnedah NSW 2380",-30.980506,150.254976,Lowes
1950,Lowes Inverell,"208 Byron Street, Inverell NSW 2360",-29.770784,151.115517,Lowes
1951,Lowes Moree,"65  Greenbah Road, Moree NSW 2400",-29.46144,149.822883,Lowes
1952,Independent Weethalle,"47 Railway Street, Weethalle NSW 2669",-33.875116,146.622881,Independent
1953,Lowes Newcastle,"Cnr Pennant St and Belford Place, NEWCASTLE NSW 2285",-32.94122,151.644032,Lowes
1958,BP Austinmer,"42 Lawrence Hargrave, Austinmer NSW 2515",-34.300452,150.938837,BP
1962,Metro St Ives Chase,"164 Warrimoo Avenue, St Ives Chase NSW 2075",-33.710941,151.159927,Metro Fuel
1963,Speedway Green Valley,"182 Green Valley Rd, Green Valley NSW 2168",-33.902392,150.868276,Speedway
1964,B & E Doherty P/L Independent Wauchope,"57 High Street, Wauchope NSW 2446",-31.457356,152.730501,Independent
1968,Ampol Breeze Vincentia,"153 Elizabeth Dr, Vincentia NSW 2540",-35.070191,150.675629,Ampol Breeze
1978,Caltex Colo Heights,"3356 Putty Road, Colo Heights NSW 2756",-33.365144,150.709243,Caltex
1979,BP Stanford Merthyr,"9 Mulbring Street, Stanford Merthyr NSW 2327",-32.827765,151.491553,BP
1981,BP Bexley,"610 Forest Road, Bexley NSW 2207",-33.957412,151.118092,BP
1983,Silvalite Fuel Stop,"210 Ashmont Avenue, Ashmont NSW 2650",-35.122376,147.32136,Liberty
1969,Ampol Breeze Bomaderry,"246 Princes Hwy, Bomaderry NSW 2541",-34.838338,150.59588,Ampol Breeze
1988,Enhance Homebush,"242 Parramatta Road, Homebush NSW 2140",-33.861709,151.076405,Enhance
1989,Speedway Rockdale,"651 Princes Highway, Rockdale NSW 2216",-33.959161,151.137703,Speedway
1990,Independent Cargo,"1 Forbes Street, Cargo NSW 2800",-33.424088,148.807902,Independent
1991,Caltex Khancoban,"1389 Alpine Way, Khancoban NSW 2642",-36.219796,148.124272,Caltex
1992,Red Spot Express Peak Hill,"123-125 Caswell Street, Peak Hill NSW 2869",-32.726903,148.192546,Independent
1994,BP Mascot,"1077 Botany Road, Mascot NSW 2020",-33.928442,151.195476,BP
1998,Caltex Walcha,"108W Fitzroy St, Walcha NSW 2354",-30.984067,151.587538,Caltex
1999,Lowes Mulwala,"55-57 Melbourne Stre, Mulwala NSW 2647",-35.986957,146.007153,Lowes
2001,Independent Turramurra,"105 Eastern Rd, Turramurra NSW 2074",-33.720245,151.131246,Independent
2005,Shell Ballina,"273 River Street, Ballina NSW 2478",-28.868145,153.555214,Shell
2006,Liberty Alstonville,"3 Bugden Avenue, Alstonville NSW 2477",-28.83818,153.438916,Liberty
1971,Ampol Breeze Shoalhaven Heads,"52-54 Shoalhaven Heads Rd, Shoalhaven Heads NSW 2535",-34.848336,150.735692,Ampol Breeze
2007,Shell South Lismore,"21 Elliott Road, South Lismore NSW 2480",-28.812446,153.266044,Shell
2008,Liberty Casino,"84 Centre St, Casino NSW 2470",-28.87041,153.0441,Liberty
2009,Liberty Casino,"58-60 Hare Street, Casino NSW 2470",-28.869763,153.038557,Liberty
2010,Liberty Boambee,"752 Pacific Highway, Boambee NSW 2450",-30.344017,153.069376,Liberty
2011,Liberty Moorland,"99 Jericho Road, Moorland NSW 2443",-31.794378,152.651482,Liberty
2012,Liberty South Lismore,"19-21 Kyogle Street, South Lismore NSW 2480",-28.810448,153.266642,Liberty
1972,Ampol Breeze Port Kembla,"16 Flinders St, Port Kembla NSW 2505",-34.471455,150.89227,Ampol Breeze
1973,Ampol Breeze Gwynneville,"162 Gipps Rd, Gwynneville NSW 2500",-34.416233,150.884928,Ampol Breeze
1975,Ampol Thirroul,"242 Lawrence Hargrave Drive, Thirroul NSW 2515",-34.314377,150.924727,Ampol
1976,Narooma Fuels,"90 Campbell St, Narooma NSW 2546",-36.216163,150.13,Independent
2015,Caltex Uki,"1466 Kyogle Rd, Uki NSW 2484",-28.4137328,153.3325599,Caltex
2017,Ampol Foodary Jindabyne,"6 Kosciuszko rd, Jindabyne NSW 2627",-36.414063,148.622691,Ampol Foodary
2022,Caltex Horsley Park,"1766 Horsley Drive, Horsley Park NSW 2175",-33.841623,150.853448,Caltex
2023,Shell Crabbes Creek,"24-28 Crabbes Creek, Crabbes Creek NSW 2483",-28.4563135,153.4960866,Shell
2024,Speedway Woodpark,"32-36 Woodpark Rd, WOODPARK NSW 2164",-33.8410479,150.9633347,Speedway
2025,Ampol Foodary Mcdougalls Hill,"4949 New England Hwy, McDougalls Hill NSW 2330",-32.54549,151.149261,Ampol Foodary
2026,Speedway Haberfield,"273 Parramatta Rd, Haberfield NSW 2045",-33.875166,151.128637,Speedway
2037,BP Prestons,"14- Bernera Road, Prestons NSW 2170",-33.93577,150.868764,BP
2041,Liberty Lismore,"113 Union st, Lismore NSW 2480",-28.8103154,153.2656951,Liberty
2043,Independent Bellingen,"995 Waterfall Way, Bellingen NSW 2454",-30.459187,152.916301,Independent
2044,Mobil Bellingen,"24-26 Hyde Street, Bellingen NSW 2454",-30.45264,152.89938,Mobil
2047,Ampol Foodary Gregory Hills,"1 Gregory Hills Drive, GREGORY HILLS NSW 2557",-34.019706,150.763662,Ampol Foodary
2056,Independent Mooball,"5885 Tweed ValleyWay, Mooball NSW 2483",-28.4418061,153.4894277,Independent
2057,Independent Coleambally,"Bencubbin Avenue, Coleambally NSW 2707",-34.8048222,145.8929648,Independent
2058,Metro Bellbird Heights,"309A WOLLOMBI RD, BELLBIRD HEIGHTS NSW 2325",-32.8492282,151.3292315,Metro Fuel
2060,Dowling's General Store,"102 Hooke St, Dungog NSW 2420",-32.398254,151.748286,Independent
2069,Speedway Arncliffe,"32 Princes Hwy, Arncliffe NSW 2205",-33.934586,151.152126,Speedway
2070,Speedway Granville,"348 Blaxcell Street, Granville NSW 2142",-33.857163,151.007097,Speedway
2073,BP Mittagong,"51-59 Main Street, Mittagong NSW 2575",-34.44999,150.450159,BP
2074,Independent Dalmeny,"69 Mort Avenue, Dalmeny NSW 2546",-36.164621,150.125813,Independent
2061,Liberty Cullendulla,"11191 Princes Highway, BENANDARAH NSW 2536",-35.6701454,150.2199394,Liberty
2082,BP Uki,"1504 kyogle Road, Uki NSW 2484",-28.414211,153.331185,BP
2083,BP Wallacia,"1595 Mulgoa Rd, Wallacia NSW 2745",-33.864172,150.640579,BP
2086,Rains and Co 24hr Fuel,"23-27 HOOKE ST, DUNGOG NSW 2420",-32.39923182,151.75729425,Independent
2088,United Woodenbong,"24 Unumgar Street, Woodenbong NSW 2476",-28.388402,152.610796,United
2062,Independent Bermagui NSW,"126 Lamont Street, Bermagui NSW NSW 2456",-36.425544,150.065126,Independent
2095,Independent Urbenville,"37 Urben St, Urbenville NSW 2475",-28.473054,152.548075,Independent
2096,Shell Brewarrina,"39 Doyle Street, Brewarrina NSW 2839",-29.96168,146.861296,Shell
2099,Shell Cooma,"51 Sharp Street, Cooma NSW 2630",-36.232842,149.129698,Shell
2101,Metro Bonnyrigg Heights,"61 Brown Road, Bonnyrigg NSW 2177",-33.896933,150.883865,Metro Fuel
2064,Independent Dungog,"160-168 Dowling St, Dungog NSW 2420",-32.402598,151.757304,Independent
2066,Delta Agribusiness Ardlethan,"18 Mirrool Street, Ardlethan NSW 2665",-34.356869,146.897282,Independent
2105,BP Deniliquin,"137 Hardinge St, Deniliquin NSW 2710",-35.532522,144.95225,BP
2106,BP Moama,"49/51 Meninya St, Moama NSW 2731",-36.111205,144.754666,BP
2107,BP Condobolin,"Cnr. Denison & Molong St, Condobolin NSW 2877",-33.085116,147.15267,BP
2108,BP Mudgee,"77 Church Street, Mudgee NSW 2850",-32.595379,149.587984,BP
2111,Lowes Coleambally,"Calrose Avenue, Coleambally NSW 2707",-34.8025099,145.8920984,Lowes
2112,Lowes Griffith,"30-34 Banna Ave, GRIFFITH NSW 2680",-34.2904282,146.0595497,Lowes
2113,Lowes Mount Thorley,"74 Mount Thorley Road, Mount Thorley NSW 2330",-32.6244308,151.1003177,Lowes
18788,7-Eleven Braddon,"20 MORT ST, BRADDON ACT 2612",-35.2756686,149.1312609,7-Eleven
18789,7-Eleven Casey,"10 Kingsland Parade, Casey ACT 2913",-35.1756,149.096,7-Eleven
18798,Ampol Foodary Braddon,"36 LONSDALE ST, BRADDON ACT 2612",-35.2709345,149.1333793,Ampol Foodary
18799,Ampol Foodary Calwell,"Were St, Calwell ACT 2905",-35.4345,149.112,Ampol Foodary
18800,Ampol Foodary Kippax-Holt,"1 Hardwick Crescent, Holt ACT 2615",-35.2242,149.021,Ampol Foodary
18801,Ampol Hume,"96 Sawmill Cct, Hume ACT 2620",-35.3964,149.158,Ampol
18802,Ampol Foodary Kaleen,"275 MARIBYRNONG AV, KALEEN ACT 2617",-35.2337182,149.1036656,Ampol Foodary
18803,Ampol Foodary Kambah,"3 MARCONI CR, KAMBAH ACT 2902",-35.3788781,149.0575277,Ampol Foodary
18804,Ampol Foodary Canberra Airport (Pialligo),"3 ROGAN ST, CANBERRA AIRPORT ACT 2609",-35.30932344,149.18820916,Ampol Foodary
18805,Ampol Foodary Nicholls,"Curran Drive Cnr O'Hanlon Pl, Nicholls ACT 2913",-35.1891,149.082,Ampol Foodary
18806,Ampol Foodary Weston,"49 BRIERLY ST, WESTON ACT 2611",-35.340197,149.0521124,Ampol Foodary
18807,Ampol Foodary Weston Creek,"1 Kirkpatrick St, Weston ACT 2611",-35.3219,149.057,Ampol Foodary
18790,7-Eleven Fyshwick,"149 Canberra Ave, Fyshwick ACT 2609",-35.3251,149.154,7-Eleven
18808,BP Braddon,"2 LONSDALE ST, BRADDON ACT 2612",-35.2758254,149.1325952,BP
18809,BP Chisholm,"3 Benham St, Chisholm ACT 2905",-35.4129,149.128,BP
18810,BP Kingston,"77 CANBERRA AV, GRIFFITH ACT 2603",-35.3200313,149.1388923,BP
18811,BP Jamison,CNR BowCNR Bowen St and Redfern Sten St and Redfern St Macquarie ACT 2614,-35.252979361,149.073175,BP
18813,BP Watson,"110 FEDERAL HWY, WATSON ACT 2602",-35.2249852,149.1658637,BP
18814,BP Fyshwick,"2 Ipswich Street, Fyshwick ACT 2609",-35.3298,149.163,BP
18816,EG Ampol Belconnen,"4 LUXTON ST, BELCONNEN ACT 2617",-35.2363066,149.059066,EG Ampol
18817,EG Ampol Conder,"Cnr Tharwa Drive & Norman Lindsay Street, Conder ACT 2906",-35.4582,149.092,EG Ampol
18791,7-Eleven Giralang,"Cnr Canopus Cres & Atalumba Cl, Giralang ACT 2617",-35.2136,149.096,7-Eleven
18819,EG Ampol Dickson,"1 Cape Street, Dickson ACT 2602",-35.2511,149.137,EG Ampol
18820,EG Ampol Gungahlin,"18 Gundaroo Dr, Gungahlin ACT 2912",-35.1836217,149.1259169,EG Ampol
18818,EG Ampol Canberra Gateway,"41 Federal Hwy, Lyneham ACT 2602",-35.2301,149.151,EG Ampol
18821,EG Ampol Hume,"94-96 Sheppard St, Hume ACT 2620",-35.3923,149.162,EG Ampol
18822,EG Ampol Canberra Airport,"Corner Majura Rd and Mustang Avenue, Canberra Airport ACT 2609",-35.2946107,149.1897321,EG Ampol
18823,EG Ampol Mawson,"15 Mawson Place, Mawson ACT 2607",-35.3665,149.094,EG Ampol
18824,EG Ampol Tuggeranong,"Cnr Scollay St & Soward Way, Greenway ACT 2900",-35.4188,149.067,EG Ampol
18825,EG Ampol Wanniassa,"Cnr McBryde Cres & Denigan Street, Wanniassa ACT 2903",-35.4043,149.097,EG Ampol
18773,Shell Reddy Express Belconnen,"Lathlain St & Wignall Pl, Belconnen ACT 2617",-35.2417,149.064,Reddy Express
18775,Shell Reddy EXPRESS BELCONNEN TOWN CENTRE,"Cohen St &, Josephson St,, Belconnen ACT 2617",-35.23931,149.06156,Reddy Express
18792,7-Eleven Holt,"88 Hardwick Cres, Holt ACT 2615",-35.2207,149.018,7-Eleven
18774,Shell Reddy Express Braddon,"54 MORT ST, BRADDON ACT 2612",-35.2707685,149.1320559,Reddy Express
18776,Shell Reddy Express Charnwood,"Lhotsky St & Charnwood Pl, Charnwood ACT 2615",-35.2055995,149.0332584,Reddy Express
18777,Shell Reddy Express Curtin,"17 STRANGWAYS ST, CURTIN ACT 2605",-35.3248385,149.0814569,Reddy Express
18778,Shell Reddy Express Deakin,"SHOP 1 25 HOPETOUN CCT, DEAKIN ACT 2600",-35.314421,149.1077774,Reddy Express
18779,Shell Reddy Express Dickson,"30-34 Antill Street, Dickson ACT 2602",-35.2488,149.138,Reddy Express
18780,Shell Reddy Express Fyshwick Capital,"100 NEWCASTLE ST, FYSHWICK ACT 2609",-35.3281779,149.1779312,Reddy Express
18781,Shell Reddy Express Fyshwick Wiluna,"8/12 Wiluna St, Fyshwick Wiluna ACT 2609",-35.3285129,149.1636194,Reddy Express
18782,Shell Reddy EXPRESS MANUKA,"Cnr Canberra Avenue & Flinders Way, Express Manuka ACT 2603",-35.3198,149.134,Reddy Express
18783,Shell Reddy Express Gungahlin,"1 GINN ST, GUNGAHLIN ACT 2912",-35.1836124,149.1263765,Reddy Express
18784,Shell Reddy Express Hawker,"20 Springvale Drive, Hawker ACT 2614",-35.244,149.044,Reddy Express
18793,7-Eleven Mawson,"1 Mawson Pl, Mawson ACT 2607",-35.365,149.094,7-Eleven
18785,Shell Reddy Express Phillip,"172 MELROSE DR, PHILLIP ACT 2606",-35.3499578,149.0848962,Reddy Express
18786,Shell Reddy Express Tuggeranong,"149-165 Soward Way, Anketell St,, Greenway ACT 2900",-35.4184801,149.0691,Reddy Express
18787,Shell Reddy Express Wanniassa,"49 RYLAH CR, WANNIASSA ACT 2903",-35.3903858,149.0851372,Reddy Express
18830,United Amaroo,"Cnr Katherine and Horse Park Dr, Amaroo ACT 2914",-35.1641,149.131,United
18831,United Kambah,"150 O'Halloran Circuit, Kambah ACT 2902",-35.3924,149.069,United
18833,Ampol Mitchell Canberra,"GARAGE 116 LYSAGHT ST, MITCHELL ACT 2911",-35.21502444,149.13990267,Ampol
18827,METRO FYSHWICK WHYALLA,"51 Whyalla St, Fyshwick ACT 2609",-35.3326,149.176,Metro Fuel
18794,7-Eleven Melba,"2 Chinner Cres, Melba ACT 2615",-35.2078,149.048,7-Eleven
18815,Costco Canberra Airport (Members Only),"39-41 Mustang Avenue, Canberra Airport ACT 2609",-35.2966,149.189,Costco
18795,7-Eleven Phillip,"86 PARRAMATTA ST, PHILLIP ACT 2606",-35.3550614,149.0911059,7-Eleven
18796,7-Eleven Spence,"Glassey Pl & Cnr Clarey Cres, Spence ACT 2615",-35.19471,149.0623,7-Eleven
18797,7-Eleven Wanniassa,"76 Gartside St, Wanniassa ACT 2903",-35.4052,149.101,7-Eleven
20000,INFINITY FUELS,"188 HIGH ST, WAUCHOPE NSW 2446",-31.4649618,152.72232803,Infinity
20001,Shell Roadhouse Truck Stop,"890 FREEMANS DR, FREEMANS WATERHOLE NSW 2323",-32.98534327,151.48707493,Shell
20003,Ampol Neath,"133 CESSNOCK RD, NEATH NSW 2326",-32.82700584,151.40700978,Ampol
20004,Brooklyn Central,"81 BROOKLYN RD, BROOKLYN NSW 2083",-33.54791214,151.2081969,Independent
20007,PEARL ENERGY ANNANGROVE,"169 ANNANGROVE RD, ANNANGROVE NSW 2156",-33.67106767,150.9562539,Pearl Energy
20009,Tumut Fuels,"35 WARATAH ST, TUMUT NSW 2720",-35.30122715,148.20624426,Independent
20010,Llangothlin Service Station,"5232 NEW ENGLAND HWY, LLANGOTHLIN NSW 2365",-30.12892399,151.68500183,Independent
20011,AMPOL YETHOLME,"SERVICE STATION 3529 GREAT WESTERN HWY, YETHOLME NSW 2795",-33.4468395,149.82907409,Ampol
20015,BP WERRIS CREEK,"18 SINGLE ST, WERRIS CREEK NSW 2341",-31.34442912,150.64768686,BP
20016,BP KELSO,"63 SYDNEY RD, KELSO NSW 2795",-33.41926082,149.60763975,BP
20017,Evans Petroleum Bombala,"5 Rosemeath Road, Bombala NSW 2632",-36.92677,149.2289,BP
20018,Pitstop Garage Geurie,"61 BUCKENBAH ST, GEURIE NSW 2818",-32.39779059,148.82909787,Independent
20020,Shell Narrabri Truck Stop,"SHELL SERVICE STATION 11553 NEWELL HWY, NARRABRI NSW 2390",-30.34858631,149.75737033,Shell
20021,Speedway Wenty,"55-57 STATION ST, WENTWORTHVILLE NSW 2145",-33.80917401,150.97135009,Speedway
20023,Trangie Inland Petroleum,"76 NARROMINE ST, TRANGIE NSW 2823",-32.03235915,147.98563942,Inland Petroleum
20024,Mullaley Roadhouse,"CARAVAN PARK 11530 BLACK STUMP WAY, MULLALEY NSW 2379",-31.10068896,149.90072319,Independent
20025,Metro Ashmont- Unmanned,"47-49 TOBRUK ST, ASHMONT NSW 2650",-35.12516818,147.32990704,Metro Fuel
20027,Caltex Weston,"109 CESSNOCK RD, WESTON NSW 2326",-32.81422479,151.45610267,Caltex
20028,Pearl Energy Sturt Hwy,"106 EDWARD ST, WAGGA WAGGA NSW 2650",-35.11910718,147.36824106,Pearl Energy
20029,Mobil Griffith,"81 BANNA AV, GRIFFITH NSW 2680",-34.28850588,146.05410892,Mobil
20030,Ampol Breeze South Nowra,"6 TRIM ST, SOUTH NOWRA NSW 2541",-34.91375162,150.58495582,Ampol Breeze
20031,Metro Petroleum Redhead,"100 COLLIER ST, REDHEAD NSW 2290",-33.00877999,151.71026603,Metro Fuel
20032,Metro Charlestown,"132-138 PACIFIC HWY, CHARLESTOWN NSW 2290",-32.96494614,151.69521097,Metro Fuel
20033,MEDCO PETROLEUM ROSELANDS,"218 KING GEORGES RD, ROSELANDS NSW 2196",-33.93304215,151.07349211,Independent
20034,Astron Turvey Park,"31 BOURKE ST, TURVEY PARK NSW 2650",-35.12629088,147.35474761,ASTRON
20036,PKs Olde General Store,"73 ALLANDALE RD, CESSNOCK NSW 2325",-32.82452309,151.3523615,Independent
20037,United Tomingley,"7 MERILBA ST, TOMINGLEY NSW 2869",-32.57139387,148.22160916,United
20041,Tambar Springs General Store,"76 TAMBAR RD, TAMBAR SPRINGS NSW 2381",-31.34602,149.82863,Independent
20042,Caltex Village Grocer Warrawong,"42-46 KING ST, WARRAWONG NSW 2502",-34.48377135,150.88705235,Caltex
20043,Mobil Fuel Bodalla,"122 PRINCES HWY, BODALLA NSW 2545",-36.09384903,150.05233043,Mobil
20044,Mendooran Fuels,"33 BANDULLA ST, MENDOORAN NSW 2842",-31.82209751,149.1195207,Independent
20045,Budget petrol,"275 BAY ST, BRIGHTON-LE-SANDS NSW 2216",-33.95991294,151.15311443,Budget
20046,Ampol Foodary Halfway Creek,"50 KUNGALA RD, HALFWAY CREEK NSW 2460",-29.919141,153.0695303,Ampol Foodary
20047,ARKO ENERGY GOULBURN,"33-35 LAGOON ST, GOULBURN NSW 2580",-34.74827246,149.72620169,Arko Energy
20048,Shell Temora,"145-147 HOSKINS ST, TEMORA NSW 2666",-34.44570952,147.5337162,Shell
20049,Glenreagh General Store,"49 CORAMBA ST, GLENREAGH NSW 2450",-30.05014329,152.97922282,Independent
20050,BP Mayfield,"23 MAITLAND RD, MAYFIELD NSW 2304",-32.90299987,151.74450127,BP
20051,Ampol Guyra,"4352 NEW ENGLAND HWY, GUYRA NSW 2365",-30.20597112,151.67572216,Ampol
20052,Tea Tree Roadhouse,"158 MOUNT DARRAGH RD, SOUTH PAMBULA NSW 2549",-36.94297186,149.84687605,Shell
20053,BP Glen Innes,"205 FERGUSON ST, GLEN INNES NSW 2370",-29.73454316,151.72884458,BP
20054,Speedway Warabrook,"Shop 9/3 Angophora Dr, Warabrook NSW 2304",-32.8867876810315,151.719104606744,Speedway
20055,Long flat store,"5019 OXLEY HWY, LONG FLAT NSW 2446",-31.43648918,152.49256813,Ampol
20057,7-Eleven Nowra,"104 WORRIGEE ST, NOWRA NSW 2541",-34.87736064,150.60432929,7-Eleven
20059,South West Fuel - Boorowa,"84 MARSDEN ST, BOOROWA NSW 2586",-34.44302455,148.7151019,Ampol
20060,Ag Warehouse,"29 TONGS ST, FINLEY NSW 2713",-35.65073038,145.57465538,BP
20062,7-Eleven Lavington,"342 URANA RD, LAVINGTON NSW 2641",-36.04925389,146.93205372,7-Eleven
20063,Active fuel,"SHOP 8 24 LAGONDA DR, INGLEBURN NSW 2565",-34.01029232,150.8762537,Independent
20064,BP Narrabri,"BP SERVICE STATION RES 65 COOMA RD, NARRABRI NSW 2390",-30.33498136,149.76980585,BP
20065,Ampol Warrawong,"27-41 KING ST, WARRAWONG NSW 2502",-34.48302967,150.88765553,Ampol
20067,AMPOL ROUSEHILL,"271 ANNANGROVE ROAD, Rouse Hill NSW 2155",-33.6637337857246,150.919128422746,Ampol
20070,OTR Boolaroo,"106 MUNIBUNG RD, BOOLAROO NSW 2284",-32.94016453,151.6362461,Shell
20071,7-Eleven Robin Hill,"98 CORPORATION AV, ROBIN HILL NSW 2795",-33.4135903,149.54391674,7-Eleven
20072,Spar Express Yamba,"7 WOOLI ST, YAMBA NSW 2464",-29.43679972,153.3581927,Liberty
20074,OTR Hamilton Tudor Street,"56 TUDOR ST, HAMILTON NSW 2303",-32.92428384,151.74994789,Shell
20075,OTR Prestons,"1-5 YATO RD, PRESTONS NSW 2170",-33.93910495,150.86854258,Shell
20078,Metro Weston,"191 CESSNOCK RD, WESTON NSW 2326",-32.81248413,151.44384206,Metro Fuel
20079,Pearl Energy Colyton,"86 GREAT WESTERN HWY, COLYTON NSW 2760",-33.77552168,150.79532537,Pearl Energy
20080,Metro Berkeley,"57 WINNIMA WAY, BERKELEY NSW 2506",-34.47992708,150.8459231,Metro Fuel
20081,SPEEDWAY WOLLONGONG,"505-507 CROWN ST, WEST WOLLONGONG NSW 2500",-34.42564836,150.87258606,Speedway
20082,Bradshaw Mechanical,"23 FITZROY ST, BINALONG NSW 2584",-34.66961538,148.63286873,Independent
20083,Pearl Energy Charmhaven,"211 PACIFIC HWY, CHARMHAVEN NSW 2263",-33.2274276,151.50343696,Pearl Energy
20084,CFS Wee Waa,"45 BOOLCARROL RD, WEE WAA NSW 2388",-30.22412394,149.43249176,BP
20085,Metro Orange- Self-serve,"1686 FOREST RD, ORANGE NSW 2800",-33.30357728,149.10014886,Metro Fuel
20086,Metro Petroleum Scullin,"GARAGE 120 ROSS SMITH CR, SCULLIN ACT 2614",-35.23321031,149.0412276,Metro Fuel
20087,Douglas Park Service Station,"145 CAMDEN RD, DOUGLAS PARK NSW 2569",-34.18239274,150.71142807,Independent
20089,SPEEDWAY PARRAMATTA,"127A ALFRED ST, PARRAMATTA NSW 2150",-33.81786392,151.01754396,Speedway
20090,METRO PETROLEUM PHILLIP,"103 HINDMARSH DR, PHILLIP ACT 2606",-35.34917735,149.08573864,Metro Fuel
20091,BP Moorebank,"226 NEWBRIDGE RD, MOOREBANK NSW 2170",-33.92929926,150.9534637,BP
20092,OTR Broken Hill South,"90 PATTON ST, BROKEN HILL NSW 2880",-31.98097923,141.4590568,Shell
20093,PEARL ENERGY QUEANBEYAN,"46 LOWE ST, QUEANBEYAN NSW 2620",-35.35496878,149.23285395,Pearl Energy
20095,AMPOL PARKLEA,"Shop 3, 1190 Miami Street Glenwood NSW 2768",-33.724091,150.938913,Ampol
20096,Shell Young Metro,"85 MAIN ST, YOUNG NSW 2594",-34.31377837,148.29523185,Metro Fuel
20097,Liberty Bingara Cafe,"56 FINCH ST, BINGARA NSW 2404",-29.86765818,150.56915201,Liberty
20098,Metro Scone(Pegasus pitstop),"18 KELLY ST, SCONE NSW 2337",-32.03944601,150.86527981,Metro Fuel
20099,ARKO ENERGY FORESTVILLE,"656 WARRINGAH RD, FORESTVILLE NSW 2087",-33.75958806,151.21208114,Arko Energy
20100,Enhance Merrylands,"506 MERRYLANDS RD, MERRYLANDS WEST NSW 2160",-33.83268678,150.96969038,Enhance
20102,Enhance Smeaton Grange,"79 HARTLEY RD, SMEATON GRANGE NSW 2567",-34.04200929,150.76134036,Enhance
20103,Pearl Energy Bomaderry,"266 PRINCES HWY, BOMADERRY NSW 2541",-34.83998101,150.59534528,Pearl Energy
20104,Ampol Service Station,"295-301 MURRAY ST, FINLEY NSW 2713",-35.64868572,145.57292912,Ampol
20106,METRO PETROLEUM TARRO,"107 ANDERSON DR, TARRO NSW 2322",-32.80761168,151.65884165,Metro Fuel
20107,BP Shalvey,"481 LUXFORD RD, SHALVEY NSW 2770",-33.72948202,150.80528469,BP
20108,PRIME PETERSHAM,"8 CRYSTAL ST, PETERSHAM NSW 2049",-33.88868361,151.15857265,Prime
20109,Metro South Windsor,"488 GEORGE ST, SOUTH WINDSOR NSW 2756",-33.61706351,150.80833917,Metro Fuel
20110,Ultra Tuross Head,"36 EVANS RD, TUROSS HEAD NSW 2537",-36.05875749,150.13927932,Ultra Petroleum
20111,Cobargo Service Station,"39-41 PRINCES HWY, COBARGO NSW 2550",-36.38690296,149.88960829,United
20114,Metro Petroleum Fingal Bay,"5 BOULDER BAY RD, FINGAL BAY NSW 2315",-32.74911598,152.16940028,Metro Fuel
20115,Metro Aberdeen,"134 MACQUEEN ST, ABERDEEN NSW 2336",-32.16833777,150.89181471,Metro Fuel
20123,Pearl Energy Narooma,"60 PRINCES HWY, NAROOMA NSW 2546",-36.21617948,150.12626096,Pearl Energy
20124,Ambiex Pty Ltd,"5 KING ST, GOOLOOGONG NSW 2805",-33.61447061,148.4350112,Westside
20125,Speedway Auburn Road,"74-78 AUBURN RD, AUBURN NSW 2144",-33.85464928,151.03250756,Speedway
20126,BP Tumbarumba Servo,"21 BRIDGE ST, TUMBARUMBA NSW 2653",-35.77697924,148.0111478,BP
20127,7-Eleven Huntlee,"2 BAKEHOUSE RD, NORTH ROTHBURY NSW 2335",-32.67356973,151.35063087,7-Eleven
20128,Metro Petroleum Wauchope,"210 HIGH ST, WAUCHOPE NSW 2446",-31.46664556,152.71923742,Metro Fuel
20130,BP Wollongbar Village,"246-250 LISMORE RD, WOLLONGBAR NSW 2477",-28.82571711,153.41527344,BP
20131,Speedway Park Road,"360 PARK RD, REGENTS PARK NSW 2143",-33.87940324,151.02490548,Speedway
20133,Metro Condell Park West,"130 EDGAR ST, CONDELL PARK NSW 2200",-33.91622449,151.0137335,Metro Fuel
20134,Ultra Canowindra,"19-23 GASKILL ST, CANOWINDRA NSW 2804",-33.56725471,148.66201342,Ultra Petroleum
20135,Unmanned - Metro Petroleum Bethungra,"VILLAGE STORE 54 BAYLIS ST, BETHUNGRA NSW 2590",-34.76064496,147.8552613,Metro Fuel
20137,Metro Petroleum Bomaderry,"UNIT 3 1 BEINDA ST, BOMADERRY NSW 2541",-34.85768044,150.60523412,Metro Fuel
20139,Ultra Oberon,"84 OBERON ST, OBERON NSW 2787",-33.70496631,149.8604537,Ultra Petroleum
20140,Metro Petroleum Gosford,"57 CENTRAL COAST HWY, WEST GOSFORD NSW 2250",-33.42695,151.32893,Metro Fuel
20141,Shell Nyngan,"57 PANGEE ST, NYNGAN NSW 2825",-31.56148133,147.19257972,Shell
20142,Barriekneal Fuels Pty Ltd,"37 MORILLA ST, LIGHTNING RIDGE NSW 2834",-29.42722406,147.97933018,Independent
20145,Mobil East Wagga Wagga,"26 HOUTMAN ST, EAST WAGGA WAGGA NSW 2650",-35.12421026,147.40175079,Mobil
20146,Mobil Corowa,"475 HONOUR AV, COROWA NSW 2646",-35.97892792,146.4049414,Mobil
20147,Metro Shortland,"278 SANDGATE RD, SHORTLAND NSW 2307",-32.887467,151.69519255,Metro Fuel
20149,7-Eleven Lismore,"135 UNION ST, SOUTH LISMORE NSW 2480",-28.81276875,153.26660926,7-Eleven
20150,JACK & CO NORTHWOOD,"7 NORTHWOOD RD, LONGUEVILLE NSW 2066",-33.82455262,151.17257358,BP
20153,Metro Petroleum Woodburn,"129 RIVER ST, WOODBURN NSW 2472",-29.07203191,153.34100113,Metro Fuel
20154,Shell Wandandian,"2720 PRINCES HWY, WANDANDIAN NSW 2540",-35.09138771,150.50721981,Shell
20155,Mobil Adelong,"96 TUMUT ST, ADELONG NSW 2729",-35.30723446,148.0630099,Mobil
20156,Ampol Brunkerville,"1549 LEGGETTS DR, BRUNKERVILLE NSW 2323",-32.96468598,151.47965497,Ampol
20157,Pearl Energy Taree South,"7087 THE BUCKETTS WAY, TAREE SOUTH NSW 2430",-31.93753576,152.45924495,Independent
20158,Ampol Fyshwick,"289 CANBERRA AV, FYSHWICK ACT 2609",-35.33411917,149.16988389,Ampol
20159,Mobil Gunnedah,"277 CONADILLY ST, GUNNEDAH NSW 2380",-30.97902148,150.25542103,Mobil
20162,Mobil Ballina,"485 RIVER ST, WEST BALLINA NSW 2478",-28.86349956,153.53503433,Mobil
20163,Mobil Gillenbah,"16305 NEWELL HWY, GILLENBAH NSW 2700",-34.76176444,146.53792211,Mobil
20164,"Blue Dolphin Service Station, YAMBA","BLUE DOPLHIN CARAVAN PARK 31-65 YAMBA RD, YAMBA NSW 2464",-29.4328498,153.34081075,Independent
20165,Ampol Wallendbeen,"27 YOUNG ST, WALLENDBEEN NSW 2588",-34.52978757,148.16376594,Ampol
20166,Metro Petroleum Temora,"90 VICTORIA ST, TEMORA NSW 2666",-34.44889368,147.5351845,Metro Fuel
20167,AMPOL TUMBARUMBA SERVO,"76 THE PARADE, TUMBARUMBA NSW 2653",-35.7731138,148.01131676,Ampol
20168,Pearl Energy Albury,842-844 DAVID ST North Albury NSW 2640,-36.06398424,146.92528447,Pearl Energy
20169,Liberty Narrandera,"110 AUDLEY ST, NARRANDERA NSW 2700",-34.7483,146.55068492,Liberty
20170,IGA Blackheath,"211 GREAT WESTERN HWY, BLACKHEATH NSW 2785",-33.63755359,150.28547176,Independent
20171,NANGUS GARAGE,"2165 NANGUS RD, NANGUS NSW 2722",-35.05414664,147.90375341,Independent
20172,Boambee Bay Service Station & General Store,"28 SAWTELL RD, TOORMINA NSW 2452",-30.35215584,153.10029888,Independent
20173,Enhance Dubbo,"26L YARRANDALE RD, DUBBO NSW 2830",-32.21576464,148.63249768,Enhance
20174,ANU Site 1 School of Art,"THEATRE 3 3 REPERTORY LANE, CITY ACT 2601",-35.28156557,149.12250617,Chargefox
20175,Marketplace Gungahlin,"30 HIBBERSON ST, GUNGAHLIN ACT 2912",-35.18547474,149.13352963,Chargefox
20176,Metro Farrer,"SERVICE STATION 53 LAMBRIGG ST, FARRER ACT 2607",-35.37591079,149.10173885,Metro Fuel
20177,Cardiff station,"200 MAIN RD, CARDIFF NSW 2285",-32.94102464,151.66843641,Independent
20178,Starlite Power Petroleum,"105 WYEE RD, WYEE NSW 2259",-33.17521039,151.48073913,Independent
20179,PEARL ENERGY WAUCHOPE,"232 HIGH ST, WAUCHOPE NSW 2446",-31.46863035,152.71623542,Pearl Energy
20180,Liberty Brocklehurst,"4 BURRAWAY RD, BROCKLEHURST NSW 2830",-32.1809327,148.62136981,Liberty
20181,Liberty Narromine,"49 BURRAWAY ST, NARROMINE NSW 2821",-32.23565321,148.24542589,Liberty
20182,BP Kingsford,"368 ANZAC PDE, KINGSFORD NSW 2032",-33.91964,151.22681,BP
20184,Shell Tolland,"229 BOURKE ST, TOLLAND NSW 2650",-35.14286249,147.35141795,Shell
20185,PEARL LITHGOW,"1106 GREAT WESTERN HWY, BOWENFELS NSW 2790",-33.48425726,150.13486967,Pearl Energy
20186,BP West Pymble,"45 YANKO RD, WEST PYMBLE NSW 2073",-33.76207925,151.12852545,BP
20187,Metro Petroleum Kahibah,"93A WALLSEND ST, KAHIBAH NSW 2290",-32.96324988,151.70996498,Metro Fuel
20188,PEARL ENERGY BUNGENDORE,"42 MALBON ST, BUNGENDORE NSW 2621",-35.2561968,149.44263135,Pearl Energy
20189,Metro Tuggerawong,"2 CADONIA RD, TUGGERAWONG NSW 2259",-33.28061888,151.48044243,Metro Fuel
20190,Riverview Servo,"595 OCEAN DR, NORTH HAVEN NSW 2443",-31.64041273,152.8155255,Independent
20192,Shell Blayney,"27 ORANGE RD, BLAYNEY NSW 2799",-33.52707245,149.24458103,Shell
20193,Caltex East Gosford,"42 VICTORIA ST, EAST GOSFORD NSW 2250",-33.43804611,151.35330364,Caltex
20194,BP Woodpark Road,"186 WOODPARK RD, SMITHFIELD NSW 2164",-33.83895384,150.95050097,BP
20195,United New Berrima,"104-106 TAYLOR AV, NEW BERRIMA NSW 2577",-34.50413092,150.33218846,United
20196,Metro Petroleum Tempe,"531 PRINCES HWY, TEMPE NSW 2044",-33.92025849,151.16754184,Metro Fuel
20197,Metro Salamander Bay,"12 RANDALL DR, SALAMANDER BAY NSW 2317",-32.72154795,152.0778028,Metro Fuel
20198,Access Fuels Tea Gardens,"1 MYALL QUAYS BVD, TEA GARDENS NSW 2324",-32.65093581,152.1491805,Caltex
20199,Caltex Milton & Acai Bowl,"90 PRINCES HWY, MILTON NSW 2538",-35.3170868,150.43711233,Caltex
20200,Metro Mount Pritchard,"472 CABRAMATTA RD WEST, MOUNT PRITCHARD NSW 2170",-33.89703759,150.91235079,Metro Fuel
20201,BP Willoughby,"316 PENSHURST ST, NORTH WILLOUGHBY NSW 2068",-33.79381471,151.19589442,BP
20202,BP Batemans Bay,"85-87 PRINCES HWY, BATEMANS BAY NSW 2536",-35.719405,150.17627637,BP
20204,Enhance Gunnedah,"8 LAW CL, GUNNEDAH NSW 2380",-30.96410881,150.23373264,Enhance
20205,Enhance Wyalong,"20-22 NEELD ST, WYALONG NSW 2671",-33.9267945,147.24830887,Enhance
20206,Metro Petroleum CESSNOCK,"105 WOLLOMBI RD, CESSNOCK NSW 2325",-32.83935523,151.34301087,Metro Fuel
20207,Astron Yagoona,"45 ROOKWOOD RD, YAGOONA NSW 2199",-33.90187688,151.03717836,ASTRON
20208,Budget Auburn,"98 PARK RD, AUBURN NSW 2144",-33.85714105,151.02892057,Budget
20210,Fuel Plus Condobolin,"20 LACHLAN ST, CONDOBOLIN NSW 2877",-33.08987003,147.15066213,Independent
20211,Caltex Heddon Greta,195 Main Rd Heddon Greta NSW 2321,-32.807536,151.5021,Caltex
20213,Ultra Gilgandra,"178 WARREN RD, GILGANDRA NSW 2827",-31.71010324,148.65404619,Ultra Petroleum
20214,Mobil Tenterfield,"159 ROUSE ST, TENTERFIELD NSW 2372",-29.05687793,152.01879854,Mobil
20215,United Casula,"461 HUME HWY, CASULA NSW 2170",-33.94089205,150.9118375,United
20216,Shell Berry,"88 QUEEN ST, BERRY NSW 2535",-34.77568806,150.69618266,Shell
20217,Mobil Queanbeyan,"6 STEPHENS RD, CRESTWOOD NSW 2620",-35.34656952,149.20871188,Mobil
20218,Metro Barista Bar Croydon Park,"236-240 GEORGES RIVER RD, CROYDON PARK NSW 2133",-33.89641155,151.1052879,Metro Fuel
20220,LOCAL SERVO TABULAM,"8597-8601 BRUXNER HWY, TABULAM NSW 2469",-28.8878779,152.56924299,Independent
20224,Mobil Glen Innes,144 Meade St Glenn Innes NSW 2370,-29.7367644,151.737998,Mobil
20227,ACCESS FUELS RUTHERFORD,"174 NEW ENGLAND HWY, RUTHERFORD NSW 2320",-32.71873659,151.5356499,Independent
20228,METCO Albury,"624 YOUNG ST, ALBURY NSW 2640",-36.07554891,146.9256413,Independent
20229,Westside Toukley,"356 MAIN RD, TOUKLEY NSW 2263",-33.26609391,151.54863524,Westside
20230,BP TONGARRA,"164 TONGARRA RD, ALBION PARK NSW 2527",-34.57078165,150.77048143,BP
20231,Metco Petroleum,"126 WINDSOR RD, MCGRATHS HILL NSW 2756",-33.61536731,150.8333624,Independent
20232,Metro Petroleum (Bankstown South),160 South Terrace Bankstown NSW 2200,-33.9184040185,151.043779961,Metro Fuel
20233,ACCESS FUELS THORNTON,"2 WEAKLEYS DR, THORNTON NSW 2322",-32.7921634,151.63651995,Caltex
20235,CALTEX MURWILLUMBAH,"182 TWEED VALLEY WAY, SOUTH MURWILLUMBAH NSW 2484",-28.32638882,153.41035939,Caltex
20236,Liberty Gurley,"41 GURLEY ST, GURLEY NSW 2398",-29.73649422,149.79932132,Liberty
20238,Metro Petroleum Cowra,"1 MULYAN ST, COWRA NSW 2794",-33.82820744,148.68313628,Metro Fuel
20239,BP WALLSEND,"103 NEWCASTLE RD, WALLSEND NSW 2287",-32.90405354,151.6823969,BP
20240,Inland Petroleum Condobolin,"5-7 WIRADJURI WAY, CONDOBOLIN NSW 2877",-33.07462935,147.14757116,Inland Petroleum
20241,EG Ampol Oran Park,"3 DUNK PL, ORAN PARK NSW 2570",-33.99542135,150.72786942,EG Ampol
20242,METRO PETROLEUM (HABERFIELD),"163-165 PARRAMATTA RD, HABERFIELD NSW 2045",-33.88364863,151.13453452,Metro Fuel
20243,Enhance Tomakin,"2111 GEORGE BASS DR, TOMAKIN NSW 2537",-35.8232855,150.18616351,Enhance
20244,Metro Londonderry,"486 LONDONDERRY RD, LONDONDERRY NSW 2753",-33.64246955,150.73437285,Metro Fuel
20245,BP Boorooma,"8 MESSENGER AV, BOOROOMA NSW 2650",-35.07535649,147.35899144,BP
20246,Metro Bexley North,"307-309 BEXLEY RD, BEXLEY NORTH NSW 2207",-33.93986721,151.11477386,Metro Fuel
20247,Tabulam Rural Agents,"8611 BRUXNER HWY, TABULAM NSW 2469",-28.88738987,152.56783261,Independent
20248,CALTEX Lavington,"481 URANA RD, LAVINGTON NSW 2641",-36.04003068,146.92712235,Caltex
20249,OTR Strathfield,"9 ALBERT RD, STRATHFIELD NSW 2135",-33.87080278,151.09235462,Shell
20250,Enhance Jugiong,169 Riverside Drive Jugiong NSW 2726,-34.82215455,148.34306237,Enhance
20251,Mobil Yamba,"189 YAMBA RD, YAMBA NSW 2464",-29.42930926,153.32771078,Mobil
20252,Metro Petroleum Gilgandra,"15-17 CASTLEREAGH ST, GILGANDRA NSW 2827",-31.71659779,148.65873105,Metro Fuel
20253,Ampol Adaminaby,MOBIL SERVICE STATION 5172 SNOWY MOUNTAINS HWY ADAMINABY NSW 2629,-35.99628893,148.77756187,Ampol
20254,METRO PETROLEUM FYSHWICK,"MOBIL OUTLET 15 BARRIER ST, FYSHWICK ACT 2609",-35.32911097,149.17260384,Metro Fuel
20255,Inland Petroleum Premer,Cnr Bomera St & Premer St Premer NSW 2381,-31.456656,149.898349,Inland Petroleum
20256,"METRO PETROLEUM, NEWCASTLE WEST","113 PARRY ST, NEWCASTLE WEST NSW 2302",-32.92557041,151.75579919,Metro Fuel
20257,"METRO PETROLEUM, HAMILTON SOUTH","67 STEWART AV, HAMILTON SOUTH NSW 2303",-32.93212813,151.75330682,Metro Fuel
20258,OTR Greystanes,"661 MERRYLANDS RD, GREYSTANES NSW 2145",-33.8293667,150.95266479,Shell
20259,OTR Kingsford,"48 GARDENERS RD, KINGSFORD NSW 2032",-33.9247595,151.22596942,Shell
20260,The Rock Roadhouse,"652 GOOREENGI RD, NORTH ARM COVE NSW 2324",-32.6149305,152.08021107,Independent
20261,Metro Hurlstone Park,"13 CANTERBURY RD, CANTERBURY NSW 2193",-33.90781274,151.1252332,Metro Fuel
20264,Metro Sunnyholt Road,"148 SUNNYHOLT RD, BLACKTOWN NSW 2148",-33.75289293,150.91481325,Metro Fuel
20265,7-Eleven Bonnyrigg Heights,"620-628 ELIZABETH DR, BONNYRIGG HEIGHTS NSW 2177",-33.88759032,150.87289687,7-Eleven
20266,Enhance Lugarno,"1046 FOREST RD, LUGARNO NSW 2210",-33.97740986,151.04692261,Enhance
20268,GTORQUE PETROLEUM,"104 LINDESAY ST, CAMPBELLTOWN NSW 2560",-34.06552839,150.82584823,Independent
20269,Gulgong Automotive,"22 STATION ST, GULGONG NSW 2852",-32.35717806,149.53517581,Shell
20270,Metro Tahmoor,"SHOP 1 2790 REMEMBRANCE DVWY, TAHMOOR NSW 2573",-34.23439071,150.58175007,Metro Fuel
20273,Pearl Energy Kooringal,"24 LAKE ALBERT RD, KOORINGAL NSW 2650",-35.12244645,147.37686602,Pearl Energy
20274,Mobil Tamworth West,"242-246 BRIDGE ST, WEST TAMWORTH NSW 2340",-31.0955773,150.91209573,Mobil
20511,BP Forbes,CNR JOHNSON & DOWLING STREET Forbes NSW 2871,-33.38137,148.0101,BP
20512,Caltex Forbes Truckstop,"Lot 692, Corner Newell Highway, Parkes Road Forbes NSW 2871",-33.3634972386907,148.022972086167,Caltex
20513,Metro Petroleum Wangi Wangi,"297 WATKINS RD, WANGI WANGI NSW 2267",-33.07010067,151.58790587,Metro Fuel
20514,Metro Bankstown,"108 CANTERBURY RD, BANKSTOWN NSW 2200",-33.93436,151.0313,Metro Fuel
20515,Mobil Coolac,"495 COOLAC RD, COOLAC NSW 2727",-34.92203064,148.1678445,Mobil
20519,Metro Petroleum Westleigh,"128 DUFFY AV, WESTLEIGH NSW 2120",-33.72039099,151.06893198,Metro Fuel
20520,7-Eleven Leppington,"96 RICKARD RD, LEPPINGTON NSW 2179",-33.96275703,150.80712579,7-Eleven
20521,BP Tamworth,"15-21 BRIDGE ST, WEST TAMWORTH NSW 2340",-31.09149325,150.92329825,BP
20522,Shell North Parkes,"42-46 PEAK HILL RD, PARKES NSW 2870",-33.12213413,148.17438993,Shell
20523,Shell Jindera,"99 URANA ST, JINDERA NSW 2642",-35.95455584,146.88900317,Shell
20524,CALTEX JUNCTION HILL,"5 CASINO RD, JUNCTION HILL NSW 2460",-29.64502897,152.92671105,Caltex
20525,Shell Servo Gunnedah,"1 KAMILAROI HWY, GUNNEDAH NSW 2380",-30.97322009,150.24213916,Shell
20526,ENGIE NEXTGEN Car park,"NEXT GEN HEALTH & LIFESTYLE CLUB 1 RIGGALL PL, LYNEHAM ACT 2602",-35.24268866,149.12860971,Chargefox
20527,ENGIE ANU Fulton Muir car park,"ANU Fulton Muir Building, Daley Road Acton ACT 2601",-35.273336,149.120547,Chargefox
20528,Speedway William Street,"2 BLAXCELL ST, GRANVILLE NSW 2142",-33.83625598,151.01101328,Speedway
20529,Caltex Braidwood,"76 LASCELLES ST, BRAIDWOOD NSW 2622",-35.44611899,149.80209599,Caltex
20531,METRO PETROLEUM LAMBTON,"111 GRIFFITHS RD, LAMBTON NSW 2299",-32.91096341,151.71798703,Metro Fuel
20532,Thirlmere Fuel & Snack,"39 OAKS ST, THIRLMERE NSW 2572",-34.20342335,150.56835127,Independent
20533,The Gerogery Store,"4 BENT ST, GEROGERY NSW 2642",-35.83628416,146.9929507,Ampol
20535,PEARL ENERGY TARAGO,"2 BRAIDWOOD RD, TARAGO NSW 2580",-35.08702135,149.65234561,Pearl Energy
20536,OTR Wetherill Park Horsley Drive,"1181 THE HORSLEY DRIVE, WETHERILL PARK NSW 2164",-33.84962462,150.90102401,Shell
20537,Mobil Peak Hill,"112-118 CASWELL ST, PEAK HILL NSW 2869",-32.72655274,148.19147947,Mobil
20538,OTR Jamisontown,Mulgoa Rd & Wolseley St Jamisontown NSW 2750,-33.7702115,150.673986,Shell
20540,Ajm Smart Pty Ltd,"ROSES CAFE 664 SNOWY MOUNTAINS HWY, DAIRYMANS PLAINS NSW 2630",-36.24491913,149.05488758,Caltex
20542,Medco Waratah,"36 LORNA ST, WARATAH NSW 2298",-32.89866715,151.72227757,Independent
20543,PEARL ENERGY EAST MAITLAND,"39 MELBOURNE ST, EAST MAITLAND NSW 2323",-32.74508,151.58358,Pearl Energy
20544,Enhance Bass Hill,"924 HUME HWY, BASS HILL NSW 2197",-33.89780824,150.99482385,Enhance
20546,OTR Baulkham Hills,"SHELL PETROL STATION 363 WINDSOR RD, BAULKHAM HILLS NSW 2153",-33.76019897,150.99159815,Shell
20547,Pearl Energy Wee Waa,"168 ROSE ST, WEE WAA NSW 2388",-30.22229029,149.45182715,Pearl Energy
20548,OTR Edmondson Park,"2126 Camden Valley Wy, Edmondson Park NSW 2174",-33.9567467087592,150.872939807872,Shell
20549,BP Kurrajong Heights,"1280 BELLS LINE OF ROAD, KURRAJONG HEIGHTS NSW 2758",-33.52896755,150.63024173,BP
20550,Costco Auburn (Members only),"COSTCO 17-21 PARRAMATTA RD, LIDCOMBE NSW 2141",-33.84808567,151.04969476,Costco
20551,OTR Marsden Park North,"920 RICHMOND RD, MARSDEN PARK NSW 2765",-33.71569418,150.84262517,Shell
20552,Pearl Energy Sandy Hollow,"1612 MERRIWA RD, SANDY HOLLOW NSW 2333",-32.3344055,150.5667745,Pearl Energy
20553,OTR Padstow,"19 DAVIES RD, PADSTOW NSW 2211",-33.94839366,151.03765966,Shell
20554,PLAZA PETROLEUM,"100 OCEAN DR, PORT MACQUARIE NSW 2444",-31.47731107,152.91433626,Liberty
20556,Ampol Kurri Kurri,"95 NORTHCOTE ST, KURRI KURRI NSW 2327",-32.81229188,151.47592824,Ampol
20557,OTR Rouse Hill,"43 PANMURE ST, ROUSE HILL NSW 2155",-33.68282254,150.9164225,Shell
20558,Budget Petrol,"365 LIVERPOOL RD, STRATHFIELD NSW 2135",-33.88827705,151.09055146,Budget
20559,OTR Pennant Hills East,"369 PENNANT HILLS RD, PENNANT HILLS NSW 2120",-33.7387732,151.07375651,Shell
20560,OTR Bella Vista,24 NORWEST BVD BELLA VISTA NSW 2153,-33.73908,150.94861,Shell
20561,Little Servo Clunes (Afterhours Self- Serve),"21 MAIN ST, CLUNES NSW 2480",-28.73227201,153.40531666,Little Servo Clunes
20562,Metro Petroleum Jannali,"97-99 WATTLE RD, JANNALI NSW 2226",-34.01671377,151.06741713,Metro Fuel
20563,Pearl Energy Tweed Heads,"61-65 WHARF ST, TWEED HEADS NSW 2485",-28.17235351,153.54255044,Pearl Energy
20564,Astron Lismore,"16 BALLINA RD, LISMORE NSW 2480",-28.81339923,153.27593454,ASTRON
20565,Metro Liverpool,64 ORANGE GROVE RD LIVERPOOL NSW 2170,-33.91229268,150.91959244,Metro Fuel
20566,Pearl Energy Londonderry,"370-372 CARRINGTON RD, LONDONDERRY NSW 2753",-33.64530604,150.73609288,Pearl Energy
20567,Ampol Broken Hill Patton St,"84 PATTON ST, BROKEN HILL NSW 2880",-31.98138674,141.45861447,Ampol
20570,OTR Ingleburn,"58 STENNETT RD, INGLEBURN NSW 2565",-34.0042342,150.84147176,Shell
20571,BP Charmhaven,"210 PACIFIC HWY, CHARMHAVEN NSW 2263",-33.22723159,151.50252372,BP
20572,Mannering Park Mini Mart,"70 VALES RD, MANNERING PARK NSW 2259",-33.15236371,151.53717578,Independent
20573,Caltex Wetherill Park,"449 VICTORIA ST, WETHERILL PARK NSW 2164",-33.84485779,150.89226574,Caltex
20575,BP ROADHOUSE TEMORA,"193-197 VICTORIA ST, TEMORA NSW 2666",-34.44749254,147.54722539,BP
20576,Mobil Murrurundi,"3-7 MAYNE ST, MURRURUNDI NSW 2338",-31.76582279,150.84270369,Mobil
20577,AUS Petroleum Harden,"96 ALBURY ST, HARDEN NSW 2587",-34.55526936,148.36911111,AUS Petroleum
20578,Pearl Energy Edgeworth,"736 MAIN RD, EDGEWORTH NSW 2285",-32.92441562,151.62056873,Pearl Energy
20579,AMPOL MULWALA,"78 MCCARTHY ST, MULWALA NSW 2647",-35.97076789,146.00629725,Ampol
20580,WL & CJ Medway Dalton Garage,"36 GUNNING ST, DALTON NSW 2581",-34.72205075,149.18058976,Metro Fuel
20581,Moruya Ag Horse & Pet,"95 CAMPBELL ST, MORUYA NSW 2537",-35.91280283,150.08195489,Ampol
20582,Evie Networks,10 MOUAT ST LYNEHAM ACT 2602,-35.2477966186362,149.132756274787,Evie Networks
20583,Metro West Cooma,"686 SNOWY MOUNTAINS HWY, DAIRYMANS PLAINS NSW 2630",-36.2446403972253,149.053464315344,Metro Fuel
20584,ARKO Energy Dubbo,"195 Cobra St, Dubbo NSW 2830",-32.2563026870065,148.622677884656,Arko Energy
20585,Metro Heatherbrae Pacific Hwy,"2179 PACIFIC HWY, HEATHERBRAE NSW 2324",-32.79543792,151.72065685,Metro Fuel
20586,Caltex East Lynne,"3050 PRINCES HWY, EAST LYNNE NSW 2536",-35.5753702,150.25854887,Caltex
20587,Metro Petroleum Singleton,"51-55 GEORGE ST, SINGLETON NSW 2330",-32.56188857,151.17489026,Metro Fuel
20588,Mobil Gundagai,"223 SHERIDAN ST, GUNDAGAI NSW 2722",-35.06358851,148.10343402,Mobil
20589,Fortune Energy Petroleum Glen Innes,"102 CHURCH ST, GLEN INNES NSW 2370",-29.74303623,151.73677372,Independent
20590,BP Parkes Gateway,"53 WESTLIME RD, PARKES NSW 2870",-33.13175528,148.1515439,BP
20591,OTR South Nowra,"198 PRINCES HWY, SOUTH NOWRA NSW 2541",-34.91554709,150.60551132,Shell
20592,OTR Doonside,"427 BUNGARRIBEE RD, DOONSIDE NSW 2767",-33.77289492,150.87624379,Shell
20593,Speedway GroseVale,"SHOP 3 659 GROSE VALE RD, GROSE VALE NSW 2753",-33.58225303,150.66075787,Speedway
20594,OTR Willoughby,"616-626 WILLOUGHBY RD, WILLOUGHBY NSW 2068",-33.80591051,151.19881916,Shell
20595,Bribbaree servo,"4006 BRIBBAREE RD, BRIBBAREE NSW 2594",-34.12097674,147.88144273,Bribbaree Servo
20596,OTR Casula Inbound,"629 HUME HWY, CASULA NSW 2170",-33.9554916,150.89290617,Shell
20597,Mobil Bomaderry,"33 BOLONG RD, BOMADERRY NSW 2541",-34.85601167,150.60745276,Mobil
20598,IOR Bathurst (Self- Serve),"57 HAMPDEN PARK RD, KELSO NSW 2795",-33.42809045,149.62548407,IOR Group
20599,IOR Beresfield (Self-Serve),"4 YILEN CL, BERESFIELD NSW 2322",-32.80942374,151.62579842,IOR Group
20600,IOR Coonamble (Self-Serve),"10 HOOPER DR, COONAMBLE NSW 2829",-30.94465269,148.37686997,IOR Group
20601,OTR Kooragang,"130 CORMORANT RD, KOORAGANG NSW 2304",-32.88343592,151.76202342,Shell
20602,IOR Dubbo (Self-Serve),"31 PURVIS LANE, DUBBO NSW 2830",-32.22282953,148.62590971,IOR Group
20604,IOR Gundagai (Self-Serve),"121 MOUNT ST, SOUTH GUNDAGAI NSW 2722",-35.08296068,148.09361206,IOR Group
20605,Liberty South West Rocks,"102 GREGORY ST, SOUTH WEST ROCKS NSW 2431",-30.89462193,153.04066418,Liberty
20606,Metro Sefton,"101 HECTOR ST, SEFTON NSW 2162",-33.88412578,151.00705243,Metro Fuel
20607,Astron Taree Depot,"85 MULDOON ST, TAREE NSW 2430",-31.89753332,152.45095162,ASTRON
20608,Mobil Kalander St Nowra,"MOBIL SERVICE STATION 112 KALANDAR ST, NOWRA NSW 2541",-34.88860089,150.60936329,Mobil
20609,IOR Moree (Self-Serve),"14 KURRAJONG ST, MOREE NSW 2400",-29.4933528,149.85963771,IOR Group
20610,IOR Narrabri (Self- Serve),"66-74 FRANCIS ST, NARRABRI NSW 2390",-30.31121981,149.78439694,IOR Group
20612,IOR Quambone (Self Serve),"Yarea St, Quambone NSW 2831",-30.9328835286118,147.869154768472,IOR Group
20613,IOR South Kempsey (Self- serve),"15 ZYLPHA DR, SOUTH KEMPSEY NSW 2440",-31.12846316,152.83042044,IOR Group
20614,IOR Tamworth (Self- Serve),"15 GODDARD LANE, WESTDALE NSW 2340",-31.07845846,150.85710167,IOR Group
20617,IOR Walgett (Self Serve),"158 PEEL ST, WALGETT NSW 2832",-30.03211993,148.1116231,IOR Group
20618,IOR West Wyalong (Self-Serve),"34 SHOWGROUND RD, WEST WYALONG NSW 2671",-33.92426941,147.19456814,IOR Group
20619,Pearl Energy Picton,"425 ARGYLE ST, PICTON NSW 2571",-34.19026725,150.60396757,Pearl Energy
20620,TANILBA BAY SERVO,"1063 LEMON TREE PASSAGE RD, TANILBA BAY NSW 2319",-32.7362055,152.00129819,Independent
20621,BP Somersby Truck Stop,"51 SMITHS RD, SOMERSBY NSW 2250",-33.35715536,151.28786829,BP
20622,Pearl Energy Long Jetty,"431 THE ENTRANCE ROAD, LONG JETTY NSW 2261",-33.3602496,151.4827116,Pearl Energy
20623,OTR Corrimal,"269-273 PRINCES HWY, CORRIMAL NSW 2518",-34.37447249,150.89632932,Shell
20625,OTR Ropes Crossing,"306 WIANAMATTA PWY, ROPES CROSSING NSW 2760",-33.73271141,150.77892179,Shell
20626,OTR Kirrawee,"470 PRINCES HWY, GYMEA NSW 2227",-34.02740126,151.08444914,Shell
20627,Metro Werrington,"569 GREAT WESTERN HWY, WERRINGTON NSW 2747",-33.76806667,150.75837615,Metro Fuel
20628,Kiah General Store,"4 KIAH STORE RD, KIAH NSW 2551",-37.15752805,149.85638178,Independent
20629,OTR Hastings Point,"99 TWEED COAST RD, BOGANGAR NSW 2488",-28.369168,153.572588,Shell
20630,OTR Pennant Hills West,"386 PENNANT HILLS RD, PENNANT HILLS NSW 2120",-33.73922917,151.06795194,Shell
20631,Metro Revesby,"6 DOYLE RD, REVESBY NSW 2212",-33.94582683,151.01869047,Metro Fuel
20632,Budget Bexley South,"474 FOREST RD, BEXLEY NSW 2207",-33.95159933,151.12523431,Budget
20633,OTR Waterloo,"867-869 SOUTH DOWLING ST, WATERLOO NSW 2017",-33.90185607,151.2143868,Shell
20634,OTR Nowra Kinghorne Street,"73 KINGHORNE ST, NOWRA NSW 2541",-34.87831576,150.60203448,Shell
20635,Deepwater road house,"85 TENTERFIELD ST, DEEPWATER NSW 2371",-29.43935177,151.84613593,Liberty
20636,LIBERTY BOGGABILLA,33351 NEWELL HWY BOGGABILLA NSW 2409,-28.60876192,150.351080299,Liberty
20637,ARKO Earlwood,"108 HOMER ST, EARLWOOD NSW 2206",-33.92404824,151.13587501,Arko Energy
20638,OTR Blacktown,"132 SUNNYHOLT RD, BLACKTOWN NSW 2148",-33.75407555,150.91456758,Shell
20639,TASCO Trentham Cliffs,"TRENTHAM CLIFFS CARAVAN PARK 6603 STURT HWY, TRENTHAM CLIFFS NSW 2738",-34.22496284,142.24735777,Ampol
20640,Astron Michelago,"1 RYRIE ST, MICHELAGO NSW 2620",-35.70345323,149.16074832,ASTRON
20641,ASTRON Bathurst,"35 WILLIAM ST, BATHURST NSW 2795",-33.415998,149.58296496,ASTRON
20642,Shell Tooleybuc,"78 MURRAY ST, TOOLEYBUC NSW 2736",-35.02800371,143.33631836,Shell
20643,OTR Greenacre West,"74 ROBERTS RD, GREENACRE NSW 2190",-33.89232381,151.06630689,Shell
20644,BP Marina,"26 SKINNER ST, SOUTH GRAFTON NSW 2460",-29.70193452,152.93495123,BP
20646,The Little General Newrybar,"14 OLD PACIFIC HWY, NEWRYBAR NSW 2479",-28.72151913,153.53049298,Liberty
20647,Ampol Wellington,"145 ARTHUR ST, WELLINGTON NSW 2820",-32.56238324,148.94305495,Ampol
20649,SHELL NORTH ROCKS,"264 NORTH ROCKS RD, NORTH ROCKS NSW 2151",-33.77511,151.022676,Shell
20650,Ampol Narwee,"41 BROADARROW RD, NARWEE NSW 2209",-33.94814945,151.07097292,Ampol
20651,Metro Marsden Park Truck Stop,"365 GARFIELD RD WEST, MARSDEN PARK NSW 2765",-33.69740139,150.83354094,Metro Fuel
20652,OTR Hurstville,"396 FOREST RD, HURSTVILLE NSW 2220",-33.96483766,151.09950212,Shell
20653,OTR Kariong,"6-8 CENTRAL COAST HWY, KARIONG NSW 2250",-33.43436375,151.2963821,Shell
20654,7-Eleven Googong,"200 WELLSVALE DR, GOOGONG NSW 2620",-35.42680994,149.22789103,7-Eleven
20655,Enhance Port Kembla,"1-3 CHURCH ST, PORT KEMBLA NSW 2505",-34.48456846,150.90400585,Enhance
20656,7-Eleven Rouse Hill,"294 ANNANGROVE RD, ROUSE HILL NSW 2155",-33.66215327,150.92297079,7-Eleven
20657,OTR Goulburn,"1 FRANKLIN ST, GOULBURN NSW 2580",-34.73185104,149.70559987,Shell
20811,Pearl Energy Hexham,"354 MAITLAND RD, HEXHAM NSW 2322",-32.82946936,151.68560741,Pearl Energy
20813,WESTSIDE PETROLEUM BUNDANOON,"61 RAILWAY AV, BUNDANOON NSW 2578",-34.65551746,150.30387887,Westside
20815,Caltex Tomingley,"10-12 MERILBA ST, TOMINGLEY NSW 2869",-32.57239838,148.22272887,Caltex
20816,Shell Bermagui,"2 BUNGA ST, BERMAGUI NSW 2546",-36.42734143,150.07593015,Shell
20817,NRMA -Braidwood Servicemens Club & Golf Course,"15 VICTORY ST, BRAIDWOOD NSW 2622",-35.44220066,149.7885376,NRMA
20818,NRMA - Lowe St,"LOWE ST CARPARK 50 LOWE ST, QUEANBEYAN NSW 2620",-35.35483781,149.23303604,NRMA
20819,Metro Petroleum Addison Rd,"93-99 ADDISON RD, MARRICKVILLE NSW 2204",-33.90243062,151.1645484,Metro Fuel
20820,Astron Rydalmere,262 - 272 VICTORIA RD Rydalmere NSW 2116,-33.810076,151.032389,ASTRON
20821,Shell East Ballina,"34 LINKS AV, EAST BALLINA NSW 2478",-28.85046971,153.58309089,Shell
20822,Barrington General Store,"12 ARGYLE ST, BARRINGTON NSW 2422",-31.97386325,151.91195848,Independent
20824,AMPOL KENTHURST,"137 KENTHURST RD, KENTHURST NSW 2156",-33.66045178,151.00593331,Ampol
20826,Roo Petroleum Lavington (24Hr Self-Serve),"370 GRIFFITH RD, LAVINGTON NSW 2641",-36.04824905,146.93741184,Roo Petroleum
20828,Woodham Petroleum Orange,"91-93 ELSHAM AV, ORANGE NSW 2800",-33.30862389,149.10624349,Independent
20829,BP Gilgandra,"13 CASTLEREAGH ST, GILGANDRA NSW 2827",-31.71716756,148.65817911,BP
20830,Pearl Energy Tomago,"793 TOMAGO RD, TOMAGO NSW 2322",-32.82135098,151.69935361,Pearl Energy
20831,ASTRON YAGOONA WEST,"100 ROOKWOOD RD, YAGOONA NSW 2199",-33.89929301,151.03686165,ASTRON
20832,OTR Woolloomooloo,"61 COWPER WHARF ROADWAY, WOOLLOOMOOLOO NSW 2011",-33.8696009,151.22131385,Shell
20834,Mobil Jennings,"1823 NEW ENGLAND HWY, JENNINGS NSW 4383",-28.93203195,151.9260826,Mobil
20835,BP TULLAMORE,"23 CARDIGAN ST, TULLAMORE NSW 2874",-32.63284404,147.56447685,BP
20836,SHELL UNANDERRA,"40 PRINCES HWY, UNANDERRA NSW 2526",-34.45193074,150.8469844,Shell
20838,Caltex Marulan,"84-90 GEORGE ST, MARULAN NSW 2579",-34.70840596,150.00859302,Caltex
20839,Astron Orange-Peisley Street,"176-178 PEISLEY ST, ORANGE NSW 2800",-33.28525442,149.10372584,ASTRON
20840,Astron Marrangaroo,"394 GREAT WESTERN HWY, MARRANGAROO NSW 2790",-33.45236124,150.11751239,ASTRON
20841,Metro Milperra West,"106 MILPERRA RD, REVESBY NSW 2212",-33.93561482,151.00871547,Metro Fuel
20842,Bonalbo Petrol and General Store,"62 WOODENBONG RD, BONALBO NSW 2469",-28.7358931,152.62256999,Independent
20843,Rand Farm Supplies,"37-39 KINDRA ST, RAND NSW 2642",-35.59364853,146.58022587,Liberty
20844,Ampol Ivanhoe,"32 COLUMBUS ST, IVANHOE NSW 2878",-32.90026441,144.30118181,Ampol
20845,OTR Warrawong Northbound,"26-30 KING ST, WARRAWONG NSW 2502",-34.48278596,150.88693224,Shell
20846,Astron Grafton Fourways,"105 BENT ST, SOUTH GRAFTON NSW 2460",-29.70685484,152.93979288,ASTRON
20847,Metro Lansdowne,"987 HUME HWY, LANSDOWNE NSW 2163",-33.88930372,150.97102323,Metro Fuel
20848,Metro Toongabbie,"5 PICASSO CR, OLD TOONGABBIE NSW 2146",-33.78636098,150.96734091,Metro Fuel
20849,IOR Glen Innes,"5 KILKENNY PL, GLEN INNES NSW 2370",-29.73113574,151.74069865,IOR Group
20850,The Servo Yamba,"30 YAMBA ST, YAMBA NSW 2464",-29.43722715,153.36188135,Independent
20851,Armidale roadhouse,"3 WALLER AV, ARMIDALE NSW 2350",-30.53540845,151.61124786,Liberty
20852,CALTEX ADAMINABY,"BP SERVICE STATION 5243 SNOWY MOUNTAINS HWY, ADAMINABY NSW 2629",-35.99706416,148.77011085,Caltex
20854,Riordan Fuels,Corner Barham Road and Calimo Street Deniliquin NSW 2710,-35.53824,144.94259,Independent
20855,Liberty Oil Griffith,"6-10 MACKAY AV, GRIFFITH NSW 2680",-34.2910045,146.06382404,Liberty
20856,Riordan Fuels,"190 HILLSIDE RD, MOAMA NSW 2731",-36.04377291,144.73417074,Independent
20857,Riordan Fuels,"6030 NEWELL HWY, JERILDERIE NSW 2716",-35.34561292,145.75908627,Independent
20858,Ampol Castlereagh,"1141 CASTLEREAGH RD, CASTLEREAGH NSW 2749",-33.66934305,150.67726314,Ampol
20859,Koorindah Fuel Station,"46 PRESIDENT WILSON WALK, TANILBA BAY NSW 2319",-32.73381036,152.00178177,Independent
20860,Ampol Ivanhoe,"60 COLUMBUS ST, IVANHOE NSW 2878",-32.89739681,144.29907436,Ampol
20861,Mobil Cobar,"SERVICE STATION 56-58 MARSHALL ST, COBAR NSW 2835",-31.49793336,145.83466762,Mobil
20862,Linmac Co Pty Ltd,"211N PAKINGTON ST, WALCHA NSW 2354",-30.97564886,151.59714308,Linmac Co Pty Ltd
20863,Woodham Petroleum Hexham,"239A OLD MAITLAND RD, HEXHAM NSW 2322",-32.82929823,151.68658535,Independent
20864,Woodham Petroleum Hillston,"175-183 COWPER ST, HILLSTON NSW 2675",-33.49178784,145.53758675,Independent
20866,Piney Range Roadhouse,"65 BILLABONG ST, WALBUNDRIE NSW 2642",-35.69078851,146.72123601,Independent
20867,Pearl Energy Dungog,"15 CLARENCE TOWN RD, DUNGOG NSW 2420",-32.41076576,151.75112534,Pearl Energy
20868,Woodhams Brewarrina,"12 WILSON ST, BREWARRINA NSW 2839",-29.96678123,146.86838597,Independent
20869,Woodham Petroleum Come by Chance,"16 COLLESS ST, COME BY CHANCE NSW 2832",-30.3648007,148.48452144,Independent
20870,Woodham Petroleum Girilambone,"10 SYDNEY ST, GIRILAMBONE NSW 2831",-31.25069486,146.90443426,Independent
20871,BOOST FUEL BERMAGUI,"8 WALLAGA LAKE RD, BERMAGUI NSW 2546",-36.4199981,150.06429138,BOOST FUEL BERMAGUI
20872,Perrys Collingullie,"2356 STURT HWY, COLLINGULLIE NSW 2650",-35.08724821,147.12829852,Independent
20873,7-Eleven Bankstown Airport,"335 HENRY LAWSON DR, BANKSTOWN AERODROME NSW 2200",-33.92752204,150.98043972,7-Eleven
20874,Mobil Taree,"6-8 COWPER ST, TAREE NSW 2430",-31.89960497,152.48403329,Mobil
20875,Metro Warilla,"230 SHELLHARBOUR RD, WARILLA NSW 2528",-34.55698762,150.85924454,Metro Fuel
20876,Ampol The Oaks,"38 JOHN ST, THE OAKS NSW 2570",-34.08012617,150.57043359,Ampol
20877,Tottenham Rural Trading Pty Ltd,"97 UMANG ST, TOTTENHAM NSW 2873",-32.24380363,147.35740039,Independent
20878,Metro Birrong,158 AUBURN RD Birrong NSW 2143,-33.89746,151.02121,Metro Fuel
20879,BP Uncle Leo's Roadhouse,"LOT 1 CAMPBELLTOWN RD, GLENFIELD NSW 2167",-33.96260976,150.88090612,BP
20880,BP Lithgow,"325 MAIN ST, LITHGOW NSW 2790",-33.48357323,150.14091403,BP
20881,Baileys Garage,"86-88 YASS ST, GUNNING NSW 2581",-34.78257687,149.26689651,Independent
20882,BP Coutts Crossing,"9 ARMIDALE RD, COUTTS CROSSING NSW 2460",-29.82817112,152.8913379,BP
20883,Grenfell Roadhouse,"1 MAIN ST, GRENFELL NSW 2810",-33.89434172,148.15805649,Independent
20884,Sunraysia Petroleum Pooncarie,"21-27 TARCOOLA ST, POONCARIE NSW 2648",-33.38645427,142.57090538,Independent
20885,Murrumbidgee Petroleum Distributors,"45 WE ST, BALRANALD NSW 2715",-34.63769,143.56165,Independent
20886,Mobil Hillvue,"464 GOONOO GOONOO RD, HILLVUE NSW 2340",-31.12986183,150.92457477,Mobil
20888,ASM Mechanical,"2-10 WELLINGTON ST, BARADINE NSW 2396",-30.95028086,149.06866715,Independent
20889,Stuarts Point Cafe & Takeaway,"4 OCEAN AV, STUARTS POINT NSW 2441",-30.82039878,152.99348702,Liberty
20890,Metro Petroleum Croydon,"221-229 ELIZABETH ST, CROYDON NSW 2132",-33.88279432,151.11786952,Metro Fuel
20891,7-Eleven West Wagga Wagga,"29 PEARSON ST, WAGGA WAGGA NSW 2650",-35.11878297,147.34543281,7-Eleven
20892,Mobil Moree,"3 BLUEBERRY RD, MOREE NSW 2400",-29.49078796,149.85025901,Mobil
20893,METRO PETROLEUM LAVINGTON,"407 WAGGA RD, LAVINGTON NSW 2641",-36.04598023,146.94135088,Metro Fuel
20895,Gurkirpa Business,"LYNDHURST AUTO-PORT 6518 MID WESTERN HWY, LYNDHURST NSW 2797",-33.6717534,149.03888331,Independent
20896,Solo Wagga Wagga,"232 HAMMOND AV, EAST WAGGA WAGGA NSW 2650",-35.12542808,147.40547919,Solo
20897,Pearl Energy Bowral,"202 BONG BONG ST, BOWRAL NSW 2576",-34.47605271,150.41895533,Pearl Energy
20898,Metro Wyong,"35 ALISON RD, WYONG NSW 2259",-33.28342512,151.42104801,Metro Fuel
20899,Riordan Fuels,"18948 RIVERINA HWY, BLIGHTY NSW 2713",-35.59163467,145.28764288,Independent
20900,Riordan Fuels Barham,"54 MOULAMEIN RD, BARHAM NSW 2732",-35.61971387,144.13208402,Independent
20902,Speedway Bankstown,"49 CANTERBURY RD, BANKSTOWN NSW 2200",-33.93291554,151.03974379,Speedway
20903,Supreme Petroleum Wingham,"23-29 ISABELLA ST, WINGHAM NSW 2429",-31.86900719,152.37680881,Supreme Fuel
20904,Metro Lockhart,"57 URANA ST, LOCKHART NSW 2656",-35.22210456,146.71235821,Metro Fuel
20905,TELARAH FUELS,"TELARAH SERVICE STATION 17 SOUTH ST, TELARAH NSW 2320",-32.72848937,151.53566384,Independent
20906,BP Smithfield,"846 THE HORSLEY DRIVE, SMITHFIELD NSW 2164",-33.8515693,150.92568391,BP
20907,Metro Petroleum Hornsby,275 PACIFIC HWY Hornsby NSW 2077,-33.690987,151.099631,Metro Fuel
20908,Metro Finley,"16-20 MURRAY ST, FINLEY NSW 2713",-35.63405577,145.5814882,Metro Fuel
20909,Metro petrol station,"6 ILFORD RD, KANDOS NSW 2848",-32.85532503,149.97048445,Metro Fuel
20910,Shell Bulahdelah,"SHELL SERVICE STATION 42 BULAHDELAH WAY, BULAHDELAH NSW 2423",-32.4094774,152.21148721,Shell
20911,Metro Peakhurst East,"637 FOREST RD, PEAKHURST NSW 2210",-33.95836864,151.06875652,Metro Fuel
20913,Metro Petroleum Culburra Beach,"159 PRINCE EDWARD AV, CULBURRA BEACH NSW 2540",-34.93010616,150.75807828,Metro Fuel
20914,MOBIL BROKEN HILL,535 ARGENT ST Broken Hill NSW 2880,-31.95311813,141.47452807,Mobil
20915,Medco Maitland,"233 HIGH ST, MAITLAND NSW 2320",-32.73923706,151.56203957,Independent
20916,Freedom Fuels Armidale,"1 ENDEAVOUR DR, ARMIDALE NSW 2350",-30.53548143,151.61374004,Independent
20917,Dunoon Service Station,"111 JAMES ST, DUNOON NSW 2480",-28.68293445,153.3172354,Independent
20918,Mann River Caravan & Canoe Park,"4467 GWYDIR HWY, JACKADGERY NSW 2460",-29.57710694,152.55064897,Liberty
20919,Metro North Nowra,"MOBIL NORTH NOWRA SERVICE STATION 172 ILLAROO RD, NORTH NOWRA NSW 2541",-34.85769583,150.583156,Mobil
20922,Metro Ballina,"323 RIVER ST, BALLINA NSW 2478",-28.86599261,153.5504312,Metro Fuel
20923,Vultra Energy Aberdare,"81 ABERDARE RD, ABERDARE NSW 2325",-32.84377888,151.37444207,Vultra Energy
